2024-08-18 08:46:16,736 [Worker-18: Loading available Gradle versions] INFO  o.e.b.c.i.u.g.PublishedGradleVersions - Gradle version information cache is out-of-date. Trying to update.
2024-08-18 08:52:19,511 [Worker-24: Import Getting Started Content] INFO  o.e.m.c.i.e.AbstractTransferListenerAdapter - Downloaded http://maven.vie.sst.stp/content/groups/approved/org/springframework/boot/spring-boot-starter-parent/3.2.8/spring-boot-starter-parent-3.2.8.pom
2024-08-18 08:52:19,824 [Worker-24: Import Getting Started Content] INFO  o.e.m.c.i.p.ProjectConfigurationManager - Imported and configured 1 project(s) in 0 sec
2024-08-18 08:52:19,831 [Worker-24: Import Getting Started Content] INFO  o.e.m.c.i.p.ProjectConfigurationManager - Update started
2024-08-18 08:52:19,867 [Worker-24: Import Getting Started Content] INFO  o.e.m.c.i.p.ProjectConfigurationManager - Update completed: 0 sec
2024-08-18 08:55:58,264 [Worker-5: Loading available Gradle versions] INFO  o.e.b.c.i.u.g.PublishedGradleVersions - Gradle version information cache is up-to-date. Trying to read.
2024-08-18 08:56:06,312 [Worker-10: reload maven project] ERROR o.e.m.c.i.p.r.ProjectRegistryManager - Failed to read Maven project: Some problems were encountered while processing the POMs:
[FATAL] Non-resolvable parent POM for com.smartstream.admin.management:sst-admin-management:0.0.1-SNAPSHOT: org.springframework.boot:spring-boot-starter-parent:pom:3.2.8 failed to transfer from http://maven.vie.sst.stp/content/groups/approved/ during a previous attempt. This failure was cached in the local repository and resolution is not reattempted until the update interval of mirrorId has elapsed or updates are forced. Original error: Could not transfer artifact org.springframework.boot:spring-boot-starter-parent:pom:3.2.8 from/to mirrorId (http://maven.vie.sst.stp/content/groups/approved/): maven.vie.sst.stp and 'parent.relativePath' points at no local POM @ line 5, column 10

org.apache.maven.project.ProjectBuildingException: Some problems were encountered while processing the POMs:
[FATAL] Non-resolvable parent POM for com.smartstream.admin.management:sst-admin-management:0.0.1-SNAPSHOT: org.springframework.boot:spring-boot-starter-parent:pom:3.2.8 failed to transfer from http://maven.vie.sst.stp/content/groups/approved/ during a previous attempt. This failure was cached in the local repository and resolution is not reattempted until the update interval of mirrorId has elapsed or updates are forced. Original error: Could not transfer artifact org.springframework.boot:spring-boot-starter-parent:pom:3.2.8 from/to mirrorId (http://maven.vie.sst.stp/content/groups/approved/): maven.vie.sst.stp and 'parent.relativePath' points at no local POM @ line 5, column 10

	at org.eclipse.m2e.core.internal.embedder.MavenImpl.readMavenProjects(MavenImpl.java:676)
	at org.eclipse.m2e.core.internal.project.registry.ProjectRegistryManager.lambda$13(ProjectRegistryManager.java:870)
	at org.eclipse.m2e.core.internal.embedder.MavenExecutionContext.executeBare(MavenExecutionContext.java:179)
	at org.eclipse.m2e.core.internal.embedder.MavenExecutionContext.execute(MavenExecutionContext.java:153)
	at org.eclipse.m2e.core.internal.embedder.MavenExecutionContext.execute(MavenExecutionContext.java:101)
	at org.eclipse.m2e.core.internal.project.registry.ProjectRegistryManager.execute(ProjectRegistryManager.java:1028)
	at org.eclipse.m2e.core.internal.project.registry.ProjectRegistryManager.readProjectsWithDependencies(ProjectRegistryManager.java:866)
	at org.eclipse.m2e.core.internal.project.registry.ProjectRegistryManager.create(ProjectRegistryManager.java:210)
	at org.eclipse.m2e.core.internal.project.registry.MavenProjectManager.create(MavenProjectManager.java:81)
	at org.eclipse.m2e.core.ui.internal.actions.SelectionUtil.getMavenProject(SelectionUtil.java:258)
	at org.eclipse.m2e.editor.pom.MavenPomEditor.readMavenProject(MavenPomEditor.java:632)
	at org.eclipse.m2e.editor.pom.MavenPomEditor$3.run(MavenPomEditor.java:936)
	at org.eclipse.core.internal.jobs.Worker.run(Worker.java:63)
2024-08-18 08:56:37,856 [Worker-10: Updating Maven Project] INFO  o.e.m.c.i.p.ProjectConfigurationManager - Update started
2024-08-18 08:56:37,876 [Worker-10: Updating Maven Project] INFO  o.e.m.c.i.p.ProjectConfigurationManager - Update completed: 0 sec
2024-08-18 08:58:36,614 [Worker-7: reload maven project] INFO  o.e.m.c.i.e.AbstractTransferListenerAdapter - Downloaded http://maven.vie.sst.stp/content/groups/approved/org/springframework/boot/spring-boot-starter-parent/2.3.1/spring-boot-starter-parent-2.3.1.pom
2024-08-18 08:58:36,617 [Worker-7: reload maven project] ERROR o.e.m.c.i.p.r.ProjectRegistryManager - Failed to read Maven project: Some problems were encountered while processing the POMs:
[FATAL] Non-resolvable parent POM for com.smartstream.admin.management:sst-admin-management:0.0.1-SNAPSHOT: Could not transfer artifact org.springframework.boot:spring-boot-starter-parent:pom:2.3.1 from/to mirrorId (http://maven.vie.sst.stp/content/groups/approved/): maven.vie.sst.stp and 'parent.relativePath' points at no local POM @ line 5, column 10

org.apache.maven.project.ProjectBuildingException: Some problems were encountered while processing the POMs:
[FATAL] Non-resolvable parent POM for com.smartstream.admin.management:sst-admin-management:0.0.1-SNAPSHOT: Could not transfer artifact org.springframework.boot:spring-boot-starter-parent:pom:2.3.1 from/to mirrorId (http://maven.vie.sst.stp/content/groups/approved/): maven.vie.sst.stp and 'parent.relativePath' points at no local POM @ line 5, column 10

	at org.eclipse.m2e.core.internal.embedder.MavenImpl.readMavenProjects(MavenImpl.java:676)
	at org.eclipse.m2e.core.internal.project.registry.ProjectRegistryManager.lambda$13(ProjectRegistryManager.java:870)
	at org.eclipse.m2e.core.internal.embedder.MavenExecutionContext.executeBare(MavenExecutionContext.java:179)
	at org.eclipse.m2e.core.internal.embedder.MavenExecutionContext.execute(MavenExecutionContext.java:153)
	at org.eclipse.m2e.core.internal.embedder.MavenExecutionContext.execute(MavenExecutionContext.java:101)
	at org.eclipse.m2e.core.internal.project.registry.ProjectRegistryManager.execute(ProjectRegistryManager.java:1028)
	at org.eclipse.m2e.core.internal.project.registry.ProjectRegistryManager.readProjectsWithDependencies(ProjectRegistryManager.java:866)
	at org.eclipse.m2e.core.internal.project.registry.ProjectRegistryManager.create(ProjectRegistryManager.java:210)
	at org.eclipse.m2e.core.internal.project.registry.MavenProjectManager.create(MavenProjectManager.java:81)
	at org.eclipse.m2e.core.ui.internal.actions.SelectionUtil.getMavenProject(SelectionUtil.java:258)
	at org.eclipse.m2e.editor.pom.MavenPomEditor.readMavenProject(MavenPomEditor.java:632)
	at org.eclipse.m2e.editor.pom.MavenPomEditor$3.run(MavenPomEditor.java:936)
	at org.eclipse.core.internal.jobs.Worker.run(Worker.java:63)
2024-08-18 08:59:13,546 [Worker-14: Updating Maven Project] INFO  o.e.m.c.i.p.ProjectConfigurationManager - Update started
2024-08-18 08:59:13,565 [Worker-14: Updating Maven Project] INFO  o.e.m.c.i.p.ProjectConfigurationManager - Update completed: 0 sec
2024-08-18 08:59:18,575 [Worker-13: reload maven project] ERROR o.e.m.c.i.p.r.ProjectRegistryManager - Failed to read Maven project: Some problems were encountered while processing the POMs:
[FATAL] Non-resolvable parent POM for com.smartstream.admin.management:sst-admin-management:0.0.1-SNAPSHOT: org.springframework.boot:spring-boot-starter-parent:pom:3.2.8 failed to transfer from http://maven.vie.sst.stp/content/groups/approved/ during a previous attempt. This failure was cached in the local repository and resolution is not reattempted until the update interval of mirrorId has elapsed or updates are forced. Original error: Could not transfer artifact org.springframework.boot:spring-boot-starter-parent:pom:3.2.8 from/to mirrorId (http://maven.vie.sst.stp/content/groups/approved/): maven.vie.sst.stp and 'parent.relativePath' points at no local POM @ line 5, column 10

org.apache.maven.project.ProjectBuildingException: Some problems were encountered while processing the POMs:
[FATAL] Non-resolvable parent POM for com.smartstream.admin.management:sst-admin-management:0.0.1-SNAPSHOT: org.springframework.boot:spring-boot-starter-parent:pom:3.2.8 failed to transfer from http://maven.vie.sst.stp/content/groups/approved/ during a previous attempt. This failure was cached in the local repository and resolution is not reattempted until the update interval of mirrorId has elapsed or updates are forced. Original error: Could not transfer artifact org.springframework.boot:spring-boot-starter-parent:pom:3.2.8 from/to mirrorId (http://maven.vie.sst.stp/content/groups/approved/): maven.vie.sst.stp and 'parent.relativePath' points at no local POM @ line 5, column 10

	at org.eclipse.m2e.core.internal.embedder.MavenImpl.readMavenProjects(MavenImpl.java:676)
	at org.eclipse.m2e.core.internal.project.registry.ProjectRegistryManager.lambda$13(ProjectRegistryManager.java:870)
	at org.eclipse.m2e.core.internal.embedder.MavenExecutionContext.executeBare(MavenExecutionContext.java:179)
	at org.eclipse.m2e.core.internal.embedder.MavenExecutionContext.execute(MavenExecutionContext.java:153)
	at org.eclipse.m2e.core.internal.embedder.MavenExecutionContext.execute(MavenExecutionContext.java:101)
	at org.eclipse.m2e.core.internal.project.registry.ProjectRegistryManager.execute(ProjectRegistryManager.java:1028)
	at org.eclipse.m2e.core.internal.project.registry.ProjectRegistryManager.readProjectsWithDependencies(ProjectRegistryManager.java:866)
	at org.eclipse.m2e.core.internal.project.registry.ProjectRegistryManager.create(ProjectRegistryManager.java:210)
	at org.eclipse.m2e.core.internal.project.registry.MavenProjectManager.create(MavenProjectManager.java:81)
	at org.eclipse.m2e.core.ui.internal.actions.SelectionUtil.getMavenProject(SelectionUtil.java:258)
	at org.eclipse.m2e.editor.pom.MavenPomEditor.readMavenProject(MavenPomEditor.java:632)
	at org.eclipse.m2e.editor.pom.MavenPomEditor$3.run(MavenPomEditor.java:936)
	at org.eclipse.core.internal.jobs.Worker.run(Worker.java:63)
2024-08-18 09:17:13,586 [Worker-14: Updating Maven Project] INFO  o.e.m.c.i.p.ProjectConfigurationManager - Update started
2024-08-18 09:17:14,106 [Worker-14: Updating Maven Project] INFO  o.e.m.c.i.e.AbstractTransferListenerAdapter - Downloading http://maven.vie.sst.stp/content/groups/approved/org/seleniumhq/selenium/selenium-bom/4.14.1/selenium-bom-4.14.1.pom
2024-08-18 09:17:14,280 [Worker-14: Updating Maven Project] INFO  o.e.m.c.i.e.AbstractTransferListenerAdapter - Downloaded http://maven.vie.sst.stp/content/groups/approved/org/seleniumhq/selenium/selenium-bom/4.14.1/selenium-bom-4.14.1.pom
2024-08-18 09:17:14,634 [Worker-14: Updating Maven Project] INFO  o.e.m.c.i.e.AbstractTransferListenerAdapter - Downloading http://maven.vie.sst.stp/content/groups/approved/org/springframework/amqp/spring-amqp-bom/3.1.6/spring-amqp-bom-3.1.6.pom
2024-08-18 09:17:14,889 [Worker-14: Updating Maven Project] INFO  o.e.m.c.i.e.AbstractTransferListenerAdapter - Downloaded http://maven.vie.sst.stp/content/groups/approved/org/springframework/amqp/spring-amqp-bom/3.1.6/spring-amqp-bom-3.1.6.pom
2024-08-18 09:17:15,084 [Worker-14: Updating Maven Project] INFO  o.e.m.c.i.e.AbstractTransferListenerAdapter - Downloading http://maven.vie.sst.stp/content/groups/approved/org/springframework/batch/spring-batch-bom/5.1.2/spring-batch-bom-5.1.2.pom
2024-08-18 09:17:15,343 [Worker-14: Updating Maven Project] INFO  o.e.m.c.i.e.AbstractTransferListenerAdapter - Downloaded http://maven.vie.sst.stp/content/groups/approved/org/springframework/batch/spring-batch-bom/5.1.2/spring-batch-bom-5.1.2.pom
2024-08-18 09:17:15,586 [Worker-13: reload maven project] INFO  o.e.m.c.i.e.AbstractTransferListenerAdapter - Downloading http://maven.vie.sst.stp/content/groups/approved/org/springframework/batch/spring-batch-bom/5.1.2/spring-batch-bom-5.1.2.pom
2024-08-18 09:17:15,675 [Worker-14: Updating Maven Project] INFO  o.e.m.c.i.e.AbstractTransferListenerAdapter - Downloading http://maven.vie.sst.stp/content/groups/approved/org/springframework/data/spring-data-bom/2023.1.8/spring-data-bom-2023.1.8.pom
2024-08-18 09:17:15,763 [Worker-13: reload maven project] INFO  o.e.m.c.i.e.AbstractTransferListenerAdapter - Downloaded http://maven.vie.sst.stp/content/groups/approved/org/springframework/batch/spring-batch-bom/5.1.2/spring-batch-bom-5.1.2.pom
2024-08-18 09:17:15,934 [Worker-14: Updating Maven Project] INFO  o.e.m.c.i.e.AbstractTransferListenerAdapter - Downloaded http://maven.vie.sst.stp/content/groups/approved/org/springframework/data/spring-data-bom/2023.1.8/spring-data-bom-2023.1.8.pom
2024-08-18 09:17:15,937 [Worker-13: reload maven project] INFO  o.e.m.c.i.e.AbstractTransferListenerAdapter - Downloading http://maven.vie.sst.stp/content/groups/approved/org/springframework/data/spring-data-bom/2023.1.8/spring-data-bom-2023.1.8.pom
2024-08-18 09:17:16,115 [Worker-13: reload maven project] INFO  o.e.m.c.i.e.AbstractTransferListenerAdapter - Downloaded http://maven.vie.sst.stp/content/groups/approved/org/springframework/data/spring-data-bom/2023.1.8/spring-data-bom-2023.1.8.pom
2024-08-18 09:17:16,203 [Worker-14: Updating Maven Project] INFO  o.e.m.c.i.e.AbstractTransferListenerAdapter - Downloading http://maven.vie.sst.stp/content/groups/approved/org/springframework/spring-framework-bom/6.1.11/spring-framework-bom-6.1.11.pom
2024-08-18 09:17:16,287 [Worker-13: reload maven project] INFO  o.e.m.c.i.e.AbstractTransferListenerAdapter - Downloading http://maven.vie.sst.stp/content/groups/approved/org/springframework/spring-framework-bom/6.1.11/spring-framework-bom-6.1.11.pom
2024-08-18 09:17:16,458 [Worker-14: Updating Maven Project] INFO  o.e.m.c.i.e.AbstractTransferListenerAdapter - Downloaded http://maven.vie.sst.stp/content/groups/approved/org/springframework/spring-framework-bom/6.1.11/spring-framework-bom-6.1.11.pom
2024-08-18 09:17:16,468 [Worker-13: reload maven project] INFO  o.e.m.c.i.e.AbstractTransferListenerAdapter - Downloaded http://maven.vie.sst.stp/content/groups/approved/org/springframework/spring-framework-bom/6.1.11/spring-framework-bom-6.1.11.pom
2024-08-18 09:17:16,764 [Worker-14: Updating Maven Project] INFO  o.e.m.c.i.e.AbstractTransferListenerAdapter - Downloading http://maven.vie.sst.stp/content/groups/approved/org/springframework/integration/spring-integration-bom/6.2.7/spring-integration-bom-6.2.7.pom
2024-08-18 09:17:16,797 [Worker-13: reload maven project] INFO  o.e.m.c.i.e.AbstractTransferListenerAdapter - Downloading http://maven.vie.sst.stp/content/groups/approved/org/springframework/integration/spring-integration-bom/6.2.7/spring-integration-bom-6.2.7.pom
2024-08-18 09:17:17,021 [Worker-14: Updating Maven Project] INFO  o.e.m.c.i.e.AbstractTransferListenerAdapter - Downloaded http://maven.vie.sst.stp/content/groups/approved/org/springframework/integration/spring-integration-bom/6.2.7/spring-integration-bom-6.2.7.pom
2024-08-18 09:17:17,103 [Worker-13: reload maven project] INFO  o.e.m.c.i.e.AbstractTransferListenerAdapter - Downloaded http://maven.vie.sst.stp/content/groups/approved/org/springframework/integration/spring-integration-bom/6.2.7/spring-integration-bom-6.2.7.pom
2024-08-18 09:17:17,408 [Worker-14: Updating Maven Project] INFO  o.e.m.c.i.e.AbstractTransferListenerAdapter - Downloading http://maven.vie.sst.stp/content/groups/approved/org/springframework/pulsar/spring-pulsar-bom/1.0.8/spring-pulsar-bom-1.0.8.pom
2024-08-18 09:17:17,408 [Worker-13: reload maven project] INFO  o.e.m.c.i.e.AbstractTransferListenerAdapter - Downloading http://maven.vie.sst.stp/content/groups/approved/org/springframework/pulsar/spring-pulsar-bom/1.0.8/spring-pulsar-bom-1.0.8.pom
2024-08-18 09:17:17,663 [Worker-14: Updating Maven Project] INFO  o.e.m.c.i.e.AbstractTransferListenerAdapter - Downloaded http://maven.vie.sst.stp/content/groups/approved/org/springframework/pulsar/spring-pulsar-bom/1.0.8/spring-pulsar-bom-1.0.8.pom
2024-08-18 09:17:17,745 [Worker-13: reload maven project] INFO  o.e.m.c.i.e.AbstractTransferListenerAdapter - Downloaded http://maven.vie.sst.stp/content/groups/approved/org/springframework/pulsar/spring-pulsar-bom/1.0.8/spring-pulsar-bom-1.0.8.pom
2024-08-18 09:17:17,853 [Worker-14: Updating Maven Project] INFO  o.e.m.c.i.e.AbstractTransferListenerAdapter - Downloading http://maven.vie.sst.stp/content/groups/approved/org/springframework/restdocs/spring-restdocs-bom/3.0.1/spring-restdocs-bom-3.0.1.pom
2024-08-18 09:17:17,919 [Worker-13: reload maven project] INFO  o.e.m.c.i.e.AbstractTransferListenerAdapter - Downloading http://maven.vie.sst.stp/content/groups/approved/org/springframework/restdocs/spring-restdocs-bom/3.0.1/spring-restdocs-bom-3.0.1.pom
2024-08-18 09:17:18,108 [Worker-14: Updating Maven Project] INFO  o.e.m.c.i.e.AbstractTransferListenerAdapter - Downloaded http://maven.vie.sst.stp/content/groups/approved/org/springframework/restdocs/spring-restdocs-bom/3.0.1/spring-restdocs-bom-3.0.1.pom
2024-08-18 09:17:18,190 [Worker-13: reload maven project] INFO  o.e.m.c.i.e.AbstractTransferListenerAdapter - Downloaded http://maven.vie.sst.stp/content/groups/approved/org/springframework/restdocs/spring-restdocs-bom/3.0.1/spring-restdocs-bom-3.0.1.pom
2024-08-18 09:17:18,410 [Worker-14: Updating Maven Project] INFO  o.e.m.c.i.e.AbstractTransferListenerAdapter - Downloading http://maven.vie.sst.stp/content/groups/approved/org/springframework/security/spring-security-bom/6.2.5/spring-security-bom-6.2.5.pom
2024-08-18 09:17:18,444 [Worker-13: reload maven project] INFO  o.e.m.c.i.e.AbstractTransferListenerAdapter - Downloading http://maven.vie.sst.stp/content/groups/approved/org/springframework/security/spring-security-bom/6.2.5/spring-security-bom-6.2.5.pom
2024-08-18 09:17:18,667 [Worker-14: Updating Maven Project] INFO  o.e.m.c.i.e.AbstractTransferListenerAdapter - Downloaded http://maven.vie.sst.stp/content/groups/approved/org/springframework/security/spring-security-bom/6.2.5/spring-security-bom-6.2.5.pom
2024-08-18 09:17:18,749 [Worker-13: reload maven project] INFO  o.e.m.c.i.e.AbstractTransferListenerAdapter - Downloaded http://maven.vie.sst.stp/content/groups/approved/org/springframework/security/spring-security-bom/6.2.5/spring-security-bom-6.2.5.pom
2024-08-18 09:17:18,971 [Worker-14: Updating Maven Project] INFO  o.e.m.c.i.e.AbstractTransferListenerAdapter - Downloading http://maven.vie.sst.stp/content/groups/approved/org/springframework/session/spring-session-bom/3.2.4/spring-session-bom-3.2.4.pom
2024-08-18 09:17:19,007 [Worker-13: reload maven project] INFO  o.e.m.c.i.e.AbstractTransferListenerAdapter - Downloading http://maven.vie.sst.stp/content/groups/approved/org/springframework/session/spring-session-bom/3.2.4/spring-session-bom-3.2.4.pom
2024-08-18 09:17:19,228 [Worker-14: Updating Maven Project] INFO  o.e.m.c.i.e.AbstractTransferListenerAdapter - Downloaded http://maven.vie.sst.stp/content/groups/approved/org/springframework/session/spring-session-bom/3.2.4/spring-session-bom-3.2.4.pom
2024-08-18 09:17:19,309 [Worker-13: reload maven project] INFO  o.e.m.c.i.e.AbstractTransferListenerAdapter - Downloaded http://maven.vie.sst.stp/content/groups/approved/org/springframework/session/spring-session-bom/3.2.4/spring-session-bom-3.2.4.pom
2024-08-18 09:17:19,415 [Worker-14: Updating Maven Project] INFO  o.e.m.c.i.e.AbstractTransferListenerAdapter - Downloading http://maven.vie.sst.stp/content/groups/approved/org/springframework/ws/spring-ws-bom/4.0.11/spring-ws-bom-4.0.11.pom
2024-08-18 09:17:19,483 [Worker-13: reload maven project] INFO  o.e.m.c.i.e.AbstractTransferListenerAdapter - Downloading http://maven.vie.sst.stp/content/groups/approved/org/springframework/ws/spring-ws-bom/4.0.11/spring-ws-bom-4.0.11.pom
2024-08-18 09:17:19,719 [Worker-14: Updating Maven Project] INFO  o.e.m.c.i.e.AbstractTransferListenerAdapter - Downloaded http://maven.vie.sst.stp/content/groups/approved/org/springframework/ws/spring-ws-bom/4.0.11/spring-ws-bom-4.0.11.pom
2024-08-18 09:17:19,802 [Worker-13: reload maven project] INFO  o.e.m.c.i.e.AbstractTransferListenerAdapter - Downloaded http://maven.vie.sst.stp/content/groups/approved/org/springframework/ws/spring-ws-bom/4.0.11/spring-ws-bom-4.0.11.pom
2024-08-18 09:17:19,901 [Worker-14: Updating Maven Project] INFO  o.e.m.c.i.e.AbstractTransferListenerAdapter - Downloading http://maven.vie.sst.stp/content/groups/approved/org/testcontainers/testcontainers-bom/1.19.8/testcontainers-bom-1.19.8.pom
2024-08-18 09:17:19,975 [Worker-13: reload maven project] INFO  o.e.m.c.i.e.AbstractTransferListenerAdapter - Downloading http://maven.vie.sst.stp/content/groups/approved/org/testcontainers/testcontainers-bom/1.19.8/testcontainers-bom-1.19.8.pom
2024-08-18 09:17:20,157 [Worker-14: Updating Maven Project] INFO  o.e.m.c.i.e.AbstractTransferListenerAdapter - Downloaded http://maven.vie.sst.stp/content/groups/approved/org/testcontainers/testcontainers-bom/1.19.8/testcontainers-bom-1.19.8.pom
2024-08-18 09:17:20,242 [Worker-13: reload maven project] INFO  o.e.m.c.i.e.AbstractTransferListenerAdapter - Downloaded http://maven.vie.sst.stp/content/groups/approved/org/testcontainers/testcontainers-bom/1.19.8/testcontainers-bom-1.19.8.pom
2024-08-18 09:17:20,768 [Worker-13: reload maven project] INFO  o.e.m.c.i.e.AbstractTransferListenerAdapter - Downloading http://maven.vie.sst.stp/content/groups/approved/org/springframework/boot/spring-boot-starter-data-jpa/3.2.8/spring-boot-starter-data-jpa-3.2.8.pom
2024-08-18 09:17:20,918 [Worker-14: Updating Maven Project] INFO  o.e.m.c.i.e.AbstractTransferListenerAdapter - Downloading http://maven.vie.sst.stp/content/groups/approved/org/springframework/boot/spring-boot-maven-plugin/3.2.8/spring-boot-maven-plugin-3.2.8.pom
2024-08-18 09:17:21,029 [Worker-13: reload maven project] INFO  o.e.m.c.i.e.AbstractTransferListenerAdapter - Downloaded http://maven.vie.sst.stp/content/groups/approved/org/springframework/boot/spring-boot-starter-data-jpa/3.2.8/spring-boot-starter-data-jpa-3.2.8.pom
2024-08-18 09:17:21,176 [Worker-14: Updating Maven Project] INFO  o.e.m.c.i.e.AbstractTransferListenerAdapter - Downloaded http://maven.vie.sst.stp/content/groups/approved/org/springframework/boot/spring-boot-maven-plugin/3.2.8/spring-boot-maven-plugin-3.2.8.pom
2024-08-18 09:17:21,346 [Worker-13: reload maven project] INFO  o.e.m.c.i.e.AbstractTransferListenerAdapter - Downloading http://maven.vie.sst.stp/content/groups/approved/org/springframework/boot/spring-boot-starter-aop/3.2.8/spring-boot-starter-aop-3.2.8.pom
2024-08-18 09:17:21,493 [Worker-14: Updating Maven Project] INFO  o.e.m.c.i.e.AbstractTransferListenerAdapter - Downloading http://maven.vie.sst.stp/content/groups/approved/org/springframework/boot/spring-boot-maven-plugin/3.2.8/spring-boot-maven-plugin-3.2.8.jar
2024-08-18 09:17:21,605 [Worker-13: reload maven project] INFO  o.e.m.c.i.e.AbstractTransferListenerAdapter - Downloaded http://maven.vie.sst.stp/content/groups/approved/org/springframework/boot/spring-boot-starter-aop/3.2.8/spring-boot-starter-aop-3.2.8.pom
2024-08-18 09:17:21,918 [Worker-13: reload maven project] INFO  o.e.m.c.i.e.AbstractTransferListenerAdapter - Downloading http://maven.vie.sst.stp/content/groups/approved/org/springframework/boot/spring-boot-starter/3.2.8/spring-boot-starter-3.2.8.pom
2024-08-18 09:17:22,176 [Worker-13: reload maven project] INFO  o.e.m.c.i.e.AbstractTransferListenerAdapter - Downloaded http://maven.vie.sst.stp/content/groups/approved/org/springframework/boot/spring-boot-starter/3.2.8/spring-boot-starter-3.2.8.pom
2024-08-18 09:17:22,242 [Worker-14: Updating Maven Project] INFO  o.e.m.c.i.e.AbstractTransferListenerAdapter - Downloaded http://maven.vie.sst.stp/content/groups/approved/org/springframework/boot/spring-boot-maven-plugin/3.2.8/spring-boot-maven-plugin-3.2.8.jar
2024-08-18 09:17:22,480 [Worker-13: reload maven project] INFO  o.e.m.c.i.e.AbstractTransferListenerAdapter - Downloading http://maven.vie.sst.stp/content/groups/approved/org/springframework/boot/spring-boot/3.2.8/spring-boot-3.2.8.pom
2024-08-18 09:17:22,738 [Worker-13: reload maven project] INFO  o.e.m.c.i.e.AbstractTransferListenerAdapter - Downloaded http://maven.vie.sst.stp/content/groups/approved/org/springframework/boot/spring-boot/3.2.8/spring-boot-3.2.8.pom
2024-08-18 09:17:22,769 [Worker-14: Updating Maven Project] INFO  o.e.m.c.i.e.AbstractTransferListenerAdapter - Downloading http://maven.vie.sst.stp/content/groups/approved/org/apache/maven/plugins/maven-clean-plugin/3.3.2/maven-clean-plugin-3.3.2.jar
2024-08-18 09:17:22,948 [Worker-14: Updating Maven Project] INFO  o.e.m.c.i.e.AbstractTransferListenerAdapter - Downloaded http://maven.vie.sst.stp/content/groups/approved/org/apache/maven/plugins/maven-clean-plugin/3.3.2/maven-clean-plugin-3.3.2.jar
2024-08-18 09:17:23,005 [Worker-13: reload maven project] INFO  o.e.m.c.i.e.AbstractTransferListenerAdapter - Downloading http://maven.vie.sst.stp/content/groups/approved/org/springframework/spring-core/6.1.11/spring-core-6.1.11.pom
2024-08-18 09:17:23,145 [Worker-14: Updating Maven Project] INFO  o.e.m.c.i.e.AbstractTransferListenerAdapter - Downloading http://maven.vie.sst.stp/content/groups/approved/org/apache/maven/plugins/maven-compiler-plugin/3.11.0/maven-compiler-plugin-3.11.0.jar
2024-08-18 09:17:23,258 [Worker-13: reload maven project] INFO  o.e.m.c.i.e.AbstractTransferListenerAdapter - Downloaded http://maven.vie.sst.stp/content/groups/approved/org/springframework/spring-core/6.1.11/spring-core-6.1.11.pom
2024-08-18 09:17:23,326 [Worker-14: Updating Maven Project] INFO  o.e.m.c.i.e.AbstractTransferListenerAdapter - Downloaded http://maven.vie.sst.stp/content/groups/approved/org/apache/maven/plugins/maven-compiler-plugin/3.11.0/maven-compiler-plugin-3.11.0.jar
2024-08-18 09:17:23,441 [Worker-13: reload maven project] INFO  o.e.m.c.i.e.AbstractTransferListenerAdapter - Downloading http://maven.vie.sst.stp/content/groups/approved/org/springframework/spring-jcl/6.1.11/spring-jcl-6.1.11.pom
2024-08-18 09:17:23,525 [Worker-14: Updating Maven Project] INFO  o.e.m.c.i.e.AbstractTransferListenerAdapter - Downloading http://maven.vie.sst.stp/content/groups/approved/org/apache/maven/plugins/maven-surefire-plugin/3.1.2/maven-surefire-plugin-3.1.2.jar
2024-08-18 09:17:23,697 [Worker-13: reload maven project] INFO  o.e.m.c.i.e.AbstractTransferListenerAdapter - Downloaded http://maven.vie.sst.stp/content/groups/approved/org/springframework/spring-jcl/6.1.11/spring-jcl-6.1.11.pom
2024-08-18 09:17:23,705 [Worker-14: Updating Maven Project] INFO  o.e.m.c.i.e.AbstractTransferListenerAdapter - Downloaded http://maven.vie.sst.stp/content/groups/approved/org/apache/maven/plugins/maven-surefire-plugin/3.1.2/maven-surefire-plugin-3.1.2.jar
2024-08-18 09:17:23,883 [Worker-13: reload maven project] INFO  o.e.m.c.i.e.AbstractTransferListenerAdapter - Downloading http://maven.vie.sst.stp/content/groups/approved/org/springframework/spring-context/6.1.11/spring-context-6.1.11.pom
2024-08-18 09:17:23,916 [Worker-14: Updating Maven Project] INFO  o.e.m.c.i.e.AbstractTransferListenerAdapter - Downloading http://maven.vie.sst.stp/content/groups/approved/org/apache/maven/plugins/maven-install-plugin/3.1.2/maven-install-plugin-3.1.2.jar
2024-08-18 09:17:24,100 [Worker-14: Updating Maven Project] INFO  o.e.m.c.i.e.AbstractTransferListenerAdapter - Downloaded http://maven.vie.sst.stp/content/groups/approved/org/apache/maven/plugins/maven-install-plugin/3.1.2/maven-install-plugin-3.1.2.jar
2024-08-18 09:17:24,146 [Worker-13: reload maven project] INFO  o.e.m.c.i.e.AbstractTransferListenerAdapter - Downloaded http://maven.vie.sst.stp/content/groups/approved/org/springframework/spring-context/6.1.11/spring-context-6.1.11.pom
2024-08-18 09:17:24,291 [Worker-14: Updating Maven Project] INFO  o.e.m.c.i.e.AbstractTransferListenerAdapter - Downloading http://maven.vie.sst.stp/content/groups/approved/org/apache/maven/plugins/maven-deploy-plugin/3.1.2/maven-deploy-plugin-3.1.2.jar
2024-08-18 09:17:24,334 [Worker-13: reload maven project] INFO  o.e.m.c.i.e.AbstractTransferListenerAdapter - Downloading http://maven.vie.sst.stp/content/groups/approved/org/springframework/spring-aop/6.1.11/spring-aop-6.1.11.pom
2024-08-18 09:17:24,472 [Worker-14: Updating Maven Project] INFO  o.e.m.c.i.e.AbstractTransferListenerAdapter - Downloaded http://maven.vie.sst.stp/content/groups/approved/org/apache/maven/plugins/maven-deploy-plugin/3.1.2/maven-deploy-plugin-3.1.2.jar
2024-08-18 09:17:24,588 [Worker-13: reload maven project] INFO  o.e.m.c.i.e.AbstractTransferListenerAdapter - Downloaded http://maven.vie.sst.stp/content/groups/approved/org/springframework/spring-aop/6.1.11/spring-aop-6.1.11.pom
2024-08-18 09:17:24,665 [Worker-14: Updating Maven Project] INFO  o.e.m.c.i.e.AbstractTransferListenerAdapter - Downloading http://maven.vie.sst.stp/content/groups/approved/org/apache/maven/plugins/maven-compiler-plugin/3.11.0/maven-compiler-plugin-3.11.0.pom
2024-08-18 09:17:24,774 [Worker-13: reload maven project] INFO  o.e.m.c.i.e.AbstractTransferListenerAdapter - Downloading http://maven.vie.sst.stp/content/groups/approved/org/springframework/spring-beans/6.1.11/spring-beans-6.1.11.pom
2024-08-18 09:17:24,839 [Worker-14: Updating Maven Project] INFO  o.e.m.c.i.e.AbstractTransferListenerAdapter - Downloaded http://maven.vie.sst.stp/content/groups/approved/org/apache/maven/plugins/maven-compiler-plugin/3.11.0/maven-compiler-plugin-3.11.0.pom
2024-08-18 09:17:25,028 [Worker-13: reload maven project] INFO  o.e.m.c.i.e.AbstractTransferListenerAdapter - Downloaded http://maven.vie.sst.stp/content/groups/approved/org/springframework/spring-beans/6.1.11/spring-beans-6.1.11.pom
2024-08-18 09:17:25,217 [Worker-13: reload maven project] INFO  o.e.m.c.i.e.AbstractTransferListenerAdapter - Downloading http://maven.vie.sst.stp/content/groups/approved/org/springframework/spring-expression/6.1.11/spring-expression-6.1.11.pom
2024-08-18 09:17:25,473 [Worker-13: reload maven project] INFO  o.e.m.c.i.e.AbstractTransferListenerAdapter - Downloaded http://maven.vie.sst.stp/content/groups/approved/org/springframework/spring-expression/6.1.11/spring-expression-6.1.11.pom
2024-08-18 09:17:25,553 [Worker-14: Updating Maven Project] INFO  o.e.m.c.i.e.AbstractTransferListenerAdapter - Downloading http://maven.vie.sst.stp/content/groups/approved/org/codehaus/plexus/plexus-java/1.1.2/plexus-java-1.1.2.pom
2024-08-18 09:17:25,655 [Worker-13: reload maven project] INFO  o.e.m.c.i.e.AbstractTransferListenerAdapter - Downloading http://maven.vie.sst.stp/content/groups/approved/io/micrometer/micrometer-observation/1.12.8/micrometer-observation-1.12.8.pom
2024-08-18 09:17:25,865 [Worker-14: Updating Maven Project] INFO  o.e.m.c.i.e.AbstractTransferListenerAdapter - Downloaded http://maven.vie.sst.stp/content/groups/approved/org/codehaus/plexus/plexus-java/1.1.2/plexus-java-1.1.2.pom
2024-08-18 09:17:25,912 [Worker-13: reload maven project] INFO  o.e.m.c.i.e.AbstractTransferListenerAdapter - Downloaded http://maven.vie.sst.stp/content/groups/approved/io/micrometer/micrometer-observation/1.12.8/micrometer-observation-1.12.8.pom
2024-08-18 09:17:26,096 [Worker-13: reload maven project] INFO  o.e.m.c.i.e.AbstractTransferListenerAdapter - Downloading http://maven.vie.sst.stp/content/groups/approved/io/micrometer/micrometer-commons/1.12.8/micrometer-commons-1.12.8.pom
2024-08-18 09:17:26,177 [Worker-14: Updating Maven Project] INFO  o.e.m.c.i.e.AbstractTransferListenerAdapter - Downloading http://maven.vie.sst.stp/content/groups/approved/org/codehaus/plexus/plexus-languages/1.1.2/plexus-languages-1.1.2.pom
2024-08-18 09:17:26,353 [Worker-13: reload maven project] INFO  o.e.m.c.i.e.AbstractTransferListenerAdapter - Downloaded http://maven.vie.sst.stp/content/groups/approved/io/micrometer/micrometer-commons/1.12.8/micrometer-commons-1.12.8.pom
2024-08-18 09:17:26,481 [Worker-14: Updating Maven Project] INFO  o.e.m.c.i.e.AbstractTransferListenerAdapter - Downloaded http://maven.vie.sst.stp/content/groups/approved/org/codehaus/plexus/plexus-languages/1.1.2/plexus-languages-1.1.2.pom
2024-08-18 09:17:26,650 [Worker-13: reload maven project] INFO  o.e.m.c.i.e.AbstractTransferListenerAdapter - Downloading http://maven.vie.sst.stp/content/groups/approved/org/springframework/boot/spring-boot-autoconfigure/3.2.8/spring-boot-autoconfigure-3.2.8.pom
2024-08-18 09:17:26,748 [Worker-14: Updating Maven Project] INFO  o.e.m.c.i.e.AbstractTransferListenerAdapter - Downloading http://maven.vie.sst.stp/content/groups/approved/org/ow2/asm/asm/9.4/asm-9.4.pom
2024-08-18 09:17:26,906 [Worker-13: reload maven project] INFO  o.e.m.c.i.e.AbstractTransferListenerAdapter - Downloaded http://maven.vie.sst.stp/content/groups/approved/org/springframework/boot/spring-boot-autoconfigure/3.2.8/spring-boot-autoconfigure-3.2.8.pom
2024-08-18 09:17:27,004 [Worker-14: Updating Maven Project] INFO  o.e.m.c.i.e.AbstractTransferListenerAdapter - Downloaded http://maven.vie.sst.stp/content/groups/approved/org/ow2/asm/asm/9.4/asm-9.4.pom
2024-08-18 09:17:27,184 [Worker-14: Updating Maven Project] INFO  o.e.m.c.i.e.AbstractTransferListenerAdapter - Downloading http://maven.vie.sst.stp/content/groups/approved/com/thoughtworks/qdox/qdox/2.0.3/qdox-2.0.3.pom
2024-08-18 09:17:27,203 [Worker-13: reload maven project] INFO  o.e.m.c.i.e.AbstractTransferListenerAdapter - Downloading http://maven.vie.sst.stp/content/groups/approved/org/springframework/boot/spring-boot-starter-logging/3.2.8/spring-boot-starter-logging-3.2.8.pom
2024-08-18 09:17:27,458 [Worker-13: reload maven project] INFO  o.e.m.c.i.e.AbstractTransferListenerAdapter - Downloaded http://maven.vie.sst.stp/content/groups/approved/org/springframework/boot/spring-boot-starter-logging/3.2.8/spring-boot-starter-logging-3.2.8.pom
2024-08-18 09:17:27,520 [Worker-14: Updating Maven Project] INFO  o.e.m.c.i.e.AbstractTransferListenerAdapter - Downloaded http://maven.vie.sst.stp/content/groups/approved/com/thoughtworks/qdox/qdox/2.0.3/qdox-2.0.3.pom
2024-08-18 09:17:27,728 [Worker-13: reload maven project] INFO  o.e.m.c.i.e.AbstractTransferListenerAdapter - Downloading http://maven.vie.sst.stp/content/groups/approved/ch/qos/logback/logback-classic/1.4.14/logback-classic-1.4.14.pom
2024-08-18 09:17:27,838 [Worker-14: Updating Maven Project] INFO  o.e.m.c.i.e.AbstractTransferListenerAdapter - Downloading http://maven.vie.sst.stp/content/groups/approved/org/codehaus/plexus/plexus-compiler-api/2.13.0/plexus-compiler-api-2.13.0.pom
2024-08-18 09:17:27,987 [Worker-13: reload maven project] INFO  o.e.m.c.i.e.AbstractTransferListenerAdapter - Downloaded http://maven.vie.sst.stp/content/groups/approved/ch/qos/logback/logback-classic/1.4.14/logback-classic-1.4.14.pom
2024-08-18 09:17:28,142 [Worker-14: Updating Maven Project] INFO  o.e.m.c.i.e.AbstractTransferListenerAdapter - Downloaded http://maven.vie.sst.stp/content/groups/approved/org/codehaus/plexus/plexus-compiler-api/2.13.0/plexus-compiler-api-2.13.0.pom
2024-08-18 09:17:28,257 [Worker-13: reload maven project] INFO  o.e.m.c.i.e.AbstractTransferListenerAdapter - Downloading http://maven.vie.sst.stp/content/groups/approved/ch/qos/logback/logback-parent/1.4.14/logback-parent-1.4.14.pom
2024-08-18 09:17:28,461 [Worker-14: Updating Maven Project] INFO  o.e.m.c.i.e.AbstractTransferListenerAdapter - Downloading http://maven.vie.sst.stp/content/groups/approved/org/codehaus/plexus/plexus-compiler/2.13.0/plexus-compiler-2.13.0.pom
2024-08-18 09:17:28,515 [Worker-13: reload maven project] INFO  o.e.m.c.i.e.AbstractTransferListenerAdapter - Downloaded http://maven.vie.sst.stp/content/groups/approved/ch/qos/logback/logback-parent/1.4.14/logback-parent-1.4.14.pom
2024-08-18 09:17:28,767 [Worker-14: Updating Maven Project] INFO  o.e.m.c.i.e.AbstractTransferListenerAdapter - Downloaded http://maven.vie.sst.stp/content/groups/approved/org/codehaus/plexus/plexus-compiler/2.13.0/plexus-compiler-2.13.0.pom
2024-08-18 09:17:28,784 [Worker-13: reload maven project] INFO  o.e.m.c.i.e.AbstractTransferListenerAdapter - Downloading http://maven.vie.sst.stp/content/groups/approved/ch/qos/logback/logback-core/1.4.14/logback-core-1.4.14.pom
2024-08-18 09:17:29,038 [Worker-13: reload maven project] INFO  o.e.m.c.i.e.AbstractTransferListenerAdapter - Downloaded http://maven.vie.sst.stp/content/groups/approved/ch/qos/logback/logback-core/1.4.14/logback-core-1.4.14.pom
2024-08-18 09:17:29,124 [Worker-14: Updating Maven Project] INFO  o.e.m.c.i.e.AbstractTransferListenerAdapter - Downloading http://maven.vie.sst.stp/content/groups/approved/org/codehaus/plexus/plexus-components/10.0/plexus-components-10.0.pom
2024-08-18 09:17:29,318 [Worker-13: reload maven project] INFO  o.e.m.c.i.e.AbstractTransferListenerAdapter - Downloading http://maven.vie.sst.stp/content/groups/approved/org/slf4j/slf4j-api/2.0.13/slf4j-api-2.0.13.pom
2024-08-18 09:17:29,436 [Worker-14: Updating Maven Project] INFO  o.e.m.c.i.e.AbstractTransferListenerAdapter - Downloaded http://maven.vie.sst.stp/content/groups/approved/org/codehaus/plexus/plexus-components/10.0/plexus-components-10.0.pom
2024-08-18 09:17:29,577 [Worker-13: reload maven project] INFO  o.e.m.c.i.e.AbstractTransferListenerAdapter - Downloaded http://maven.vie.sst.stp/content/groups/approved/org/slf4j/slf4j-api/2.0.13/slf4j-api-2.0.13.pom
2024-08-18 09:17:29,759 [Worker-14: Updating Maven Project] INFO  o.e.m.c.i.e.AbstractTransferListenerAdapter - Downloading http://maven.vie.sst.stp/content/groups/approved/org/codehaus/plexus/plexus-compiler-manager/2.13.0/plexus-compiler-manager-2.13.0.pom
2024-08-18 09:17:29,842 [Worker-13: reload maven project] INFO  o.e.m.c.i.e.AbstractTransferListenerAdapter - Downloading http://maven.vie.sst.stp/content/groups/approved/org/slf4j/slf4j-parent/2.0.13/slf4j-parent-2.0.13.pom
2024-08-18 09:17:30,068 [Worker-14: Updating Maven Project] INFO  o.e.m.c.i.e.AbstractTransferListenerAdapter - Downloaded http://maven.vie.sst.stp/content/groups/approved/org/codehaus/plexus/plexus-compiler-manager/2.13.0/plexus-compiler-manager-2.13.0.pom
2024-08-18 09:17:30,098 [Worker-13: reload maven project] INFO  o.e.m.c.i.e.AbstractTransferListenerAdapter - Downloaded http://maven.vie.sst.stp/content/groups/approved/org/slf4j/slf4j-parent/2.0.13/slf4j-parent-2.0.13.pom
2024-08-18 09:17:30,299 [Worker-14: Updating Maven Project] INFO  o.e.m.c.i.e.AbstractTransferListenerAdapter - Downloading http://maven.vie.sst.stp/content/groups/approved/org/codehaus/plexus/plexus-component-annotations/2.1.1/plexus-component-annotations-2.1.1.pom
2024-08-18 09:17:30,367 [Worker-13: reload maven project] INFO  o.e.m.c.i.e.AbstractTransferListenerAdapter - Downloading http://maven.vie.sst.stp/content/groups/approved/org/slf4j/slf4j-bom/2.0.13/slf4j-bom-2.0.13.pom
2024-08-18 09:17:30,528 [Worker-14: Updating Maven Project] INFO  o.e.m.c.i.e.AbstractTransferListenerAdapter - Downloaded http://maven.vie.sst.stp/content/groups/approved/org/codehaus/plexus/plexus-component-annotations/2.1.1/plexus-component-annotations-2.1.1.pom
2024-08-18 09:17:30,622 [Worker-13: reload maven project] INFO  o.e.m.c.i.e.AbstractTransferListenerAdapter - Downloaded http://maven.vie.sst.stp/content/groups/approved/org/slf4j/slf4j-bom/2.0.13/slf4j-bom-2.0.13.pom
2024-08-18 09:17:30,787 [Worker-14: Updating Maven Project] INFO  o.e.m.c.i.e.AbstractTransferListenerAdapter - Downloading http://maven.vie.sst.stp/content/groups/approved/org/codehaus/plexus/plexus-containers/2.1.1/plexus-containers-2.1.1.pom
2024-08-18 09:17:30,809 [Worker-13: reload maven project] INFO  o.e.m.c.i.e.AbstractTransferListenerAdapter - Downloading http://maven.vie.sst.stp/content/groups/approved/org/apache/logging/log4j/log4j-to-slf4j/2.21.1/log4j-to-slf4j-2.21.1.pom
2024-08-18 09:17:30,984 [Worker-13: reload maven project] INFO  o.e.m.c.i.e.AbstractTransferListenerAdapter - Downloaded http://maven.vie.sst.stp/content/groups/approved/org/apache/logging/log4j/log4j-to-slf4j/2.21.1/log4j-to-slf4j-2.21.1.pom
2024-08-18 09:17:31,040 [Worker-14: Updating Maven Project] INFO  o.e.m.c.i.e.AbstractTransferListenerAdapter - Downloaded http://maven.vie.sst.stp/content/groups/approved/org/codehaus/plexus/plexus-containers/2.1.1/plexus-containers-2.1.1.pom
2024-08-18 09:17:31,169 [Worker-13: reload maven project] INFO  o.e.m.c.i.e.AbstractTransferListenerAdapter - Downloading http://maven.vie.sst.stp/content/groups/approved/org/apache/logging/log4j/log4j/2.21.1/log4j-2.21.1.pom
2024-08-18 09:17:31,220 [Worker-14: Updating Maven Project] INFO  o.e.m.c.i.e.AbstractTransferListenerAdapter - Downloading http://maven.vie.sst.stp/content/groups/approved/org/codehaus/plexus/plexus/6.5/plexus-6.5.pom
2024-08-18 09:17:31,350 [Worker-13: reload maven project] INFO  o.e.m.c.i.e.AbstractTransferListenerAdapter - Downloaded http://maven.vie.sst.stp/content/groups/approved/org/apache/logging/log4j/log4j/2.21.1/log4j-2.21.1.pom
2024-08-18 09:17:31,478 [Worker-14: Updating Maven Project] INFO  o.e.m.c.i.e.AbstractTransferListenerAdapter - Downloaded http://maven.vie.sst.stp/content/groups/approved/org/codehaus/plexus/plexus/6.5/plexus-6.5.pom
2024-08-18 09:17:31,789 [Worker-13: reload maven project] INFO  o.e.m.c.i.e.AbstractTransferListenerAdapter - Downloading http://maven.vie.sst.stp/content/groups/approved/org/ow2/asm/asm-bom/9.5/asm-bom-9.5.pom
2024-08-18 09:17:31,798 [Worker-14: Updating Maven Project] INFO  o.e.m.c.i.e.AbstractTransferListenerAdapter - Downloading http://maven.vie.sst.stp/content/groups/approved/org/codehaus/plexus/plexus-compiler-javac/2.13.0/plexus-compiler-javac-2.13.0.pom
2024-08-18 09:17:32,048 [Worker-13: reload maven project] INFO  o.e.m.c.i.e.AbstractTransferListenerAdapter - Downloaded http://maven.vie.sst.stp/content/groups/approved/org/ow2/asm/asm-bom/9.5/asm-bom-9.5.pom
2024-08-18 09:17:32,102 [Worker-14: Updating Maven Project] INFO  o.e.m.c.i.e.AbstractTransferListenerAdapter - Downloaded http://maven.vie.sst.stp/content/groups/approved/org/codehaus/plexus/plexus-compiler-javac/2.13.0/plexus-compiler-javac-2.13.0.pom
2024-08-18 09:17:32,286 [Worker-13: reload maven project] INFO  o.e.m.c.i.e.AbstractTransferListenerAdapter - Downloading http://maven.vie.sst.stp/content/groups/approved/org/codehaus/groovy/groovy-bom/3.0.19/groovy-bom-3.0.19.pom
2024-08-18 09:17:32,417 [Worker-14: Updating Maven Project] INFO  o.e.m.c.i.e.AbstractTransferListenerAdapter - Downloading http://maven.vie.sst.stp/content/groups/approved/org/codehaus/plexus/plexus-compilers/2.13.0/plexus-compilers-2.13.0.pom
2024-08-18 09:17:32,723 [Worker-14: Updating Maven Project] INFO  o.e.m.c.i.e.AbstractTransferListenerAdapter - Downloaded http://maven.vie.sst.stp/content/groups/approved/org/codehaus/plexus/plexus-compilers/2.13.0/plexus-compilers-2.13.0.pom
2024-08-18 09:17:32,846 [Worker-13: reload maven project] INFO  o.e.m.c.i.e.AbstractTransferListenerAdapter - Downloaded http://maven.vie.sst.stp/content/groups/approved/org/codehaus/groovy/groovy-bom/3.0.19/groovy-bom-3.0.19.pom
2024-08-18 09:17:33,045 [AetherRepositoryConnector-maven.vie.sst.stp-0-0] INFO  o.e.m.c.i.e.AbstractTransferListenerAdapter - Downloading http://maven.vie.sst.stp/content/groups/approved/org/codehaus/plexus/plexus-java/1.1.2/plexus-java-1.1.2.jar
2024-08-18 09:17:33,075 [AetherRepositoryConnector-maven.vie.sst.stp-0-1] INFO  o.e.m.c.i.e.AbstractTransferListenerAdapter - Downloading http://maven.vie.sst.stp/content/groups/approved/org/ow2/asm/asm/9.4/asm-9.4.jar
2024-08-18 09:17:33,077 [AetherRepositoryConnector-maven.vie.sst.stp-0-2] INFO  o.e.m.c.i.e.AbstractTransferListenerAdapter - Downloading http://maven.vie.sst.stp/content/groups/approved/com/thoughtworks/qdox/qdox/2.0.3/qdox-2.0.3.jar
2024-08-18 09:17:33,117 [Worker-13: reload maven project] INFO  o.e.m.c.i.e.AbstractTransferListenerAdapter - Downloading http://maven.vie.sst.stp/content/groups/approved/jakarta/platform/jakarta.jakartaee-bom/9.1.0/jakarta.jakartaee-bom-9.1.0.pom
2024-08-18 09:17:33,210 [AetherRepositoryConnector-maven.vie.sst.stp-0-3] INFO  o.e.m.c.i.e.AbstractTransferListenerAdapter - Downloading http://maven.vie.sst.stp/content/groups/approved/org/codehaus/plexus/plexus-compiler-api/2.13.0/plexus-compiler-api-2.13.0.jar
2024-08-18 09:17:33,214 [AetherRepositoryConnector-maven.vie.sst.stp-0-4] INFO  o.e.m.c.i.e.AbstractTransferListenerAdapter - Downloading http://maven.vie.sst.stp/content/groups/approved/org/codehaus/plexus/plexus-utils/3.5.0/plexus-utils-3.5.0.jar
2024-08-18 09:17:33,357 [AetherRepositoryConnector-maven.vie.sst.stp-0-0] INFO  o.e.m.c.i.e.AbstractTransferListenerAdapter - Downloaded http://maven.vie.sst.stp/content/groups/approved/org/codehaus/plexus/plexus-java/1.1.2/plexus-java-1.1.2.jar
2024-08-18 09:17:33,380 [Worker-13: reload maven project] INFO  o.e.m.c.i.e.AbstractTransferListenerAdapter - Downloaded http://maven.vie.sst.stp/content/groups/approved/jakarta/platform/jakarta.jakartaee-bom/9.1.0/jakarta.jakartaee-bom-9.1.0.pom
2024-08-18 09:17:33,638 [Worker-13: reload maven project] INFO  o.e.m.c.i.e.AbstractTransferListenerAdapter - Downloading http://maven.vie.sst.stp/content/groups/approved/jakarta/platform/jakartaee-api-parent/9.1.0/jakartaee-api-parent-9.1.0.pom
2024-08-18 09:17:33,667 [AetherRepositoryConnector-maven.vie.sst.stp-0-0] INFO  o.e.m.c.i.e.AbstractTransferListenerAdapter - Downloading http://maven.vie.sst.stp/content/groups/approved/org/codehaus/plexus/plexus-compiler-manager/2.13.0/plexus-compiler-manager-2.13.0.jar
2024-08-18 09:17:33,745 [AetherRepositoryConnector-maven.vie.sst.stp-0-1] INFO  o.e.m.c.i.e.AbstractTransferListenerAdapter - Downloaded http://maven.vie.sst.stp/content/groups/approved/org/ow2/asm/asm/9.4/asm-9.4.jar
2024-08-18 09:17:33,767 [AetherRepositoryConnector-maven.vie.sst.stp-0-3] INFO  o.e.m.c.i.e.AbstractTransferListenerAdapter - Downloaded http://maven.vie.sst.stp/content/groups/approved/org/codehaus/plexus/plexus-compiler-api/2.13.0/plexus-compiler-api-2.13.0.jar
2024-08-18 09:17:33,893 [Worker-13: reload maven project] INFO  o.e.m.c.i.e.AbstractTransferListenerAdapter - Downloaded http://maven.vie.sst.stp/content/groups/approved/jakarta/platform/jakartaee-api-parent/9.1.0/jakartaee-api-parent-9.1.0.pom
2024-08-18 09:17:33,916 [AetherRepositoryConnector-maven.vie.sst.stp-0-2] INFO  o.e.m.c.i.e.AbstractTransferListenerAdapter - Downloaded http://maven.vie.sst.stp/content/groups/approved/com/thoughtworks/qdox/qdox/2.0.3/qdox-2.0.3.jar
2024-08-18 09:17:33,975 [AetherRepositoryConnector-maven.vie.sst.stp-0-0] INFO  o.e.m.c.i.e.AbstractTransferListenerAdapter - Downloaded http://maven.vie.sst.stp/content/groups/approved/org/codehaus/plexus/plexus-compiler-manager/2.13.0/plexus-compiler-manager-2.13.0.jar
2024-08-18 09:17:34,049 [AetherRepositoryConnector-maven.vie.sst.stp-0-1] INFO  o.e.m.c.i.e.AbstractTransferListenerAdapter - Downloading http://maven.vie.sst.stp/content/groups/approved/org/codehaus/plexus/plexus-compiler-javac/2.13.0/plexus-compiler-javac-2.13.0.jar
2024-08-18 09:17:34,162 [Worker-13: reload maven project] INFO  o.e.m.c.i.e.AbstractTransferListenerAdapter - Downloading http://maven.vie.sst.stp/content/groups/approved/org/eclipse/jetty/jetty-bom/9.4.53.v20231009/jetty-bom-9.4.53.v20231009.pom
2024-08-18 09:17:34,179 [AetherRepositoryConnector-maven.vie.sst.stp-0-4] INFO  o.e.m.c.i.e.AbstractTransferListenerAdapter - Downloaded http://maven.vie.sst.stp/content/groups/approved/org/codehaus/plexus/plexus-utils/3.5.0/plexus-utils-3.5.0.jar
2024-08-18 09:17:34,374 [AetherRepositoryConnector-maven.vie.sst.stp-0-1] INFO  o.e.m.c.i.e.AbstractTransferListenerAdapter - Downloaded http://maven.vie.sst.stp/content/groups/approved/org/codehaus/plexus/plexus-compiler-javac/2.13.0/plexus-compiler-javac-2.13.0.jar
2024-08-18 09:17:34,417 [Worker-13: reload maven project] INFO  o.e.m.c.i.e.AbstractTransferListenerAdapter - Downloaded http://maven.vie.sst.stp/content/groups/approved/org/eclipse/jetty/jetty-bom/9.4.53.v20231009/jetty-bom-9.4.53.v20231009.pom
2024-08-18 09:17:34,683 [Worker-13: reload maven project] INFO  o.e.m.c.i.e.AbstractTransferListenerAdapter - Downloading http://maven.vie.sst.stp/content/groups/approved/io/fabric8/kubernetes-client-bom/5.12.4/kubernetes-client-bom-5.12.4.pom
2024-08-18 09:17:34,857 [Worker-14: Updating Maven Project] INFO  o.e.m.c.i.l.LifecycleMappingFactory - Using org.eclipse.m2e.jdt.JarLifecycleMapping lifecycle mapping for MavenProject: com.smartstream.admin.management:sst-admin-management:0.0.1-SNAPSHOT @ C:\Users\awaikar\Documents\Self_Study\SpringSuiteWorkSpace\sst-admin-management\pom.xml.
2024-08-18 09:17:34,943 [Worker-13: reload maven project] INFO  o.e.m.c.i.e.AbstractTransferListenerAdapter - Downloaded http://maven.vie.sst.stp/content/groups/approved/io/fabric8/kubernetes-client-bom/5.12.4/kubernetes-client-bom-5.12.4.pom
2024-08-18 09:17:35,202 [Worker-13: reload maven project] INFO  o.e.m.c.i.e.AbstractTransferListenerAdapter - Downloading http://maven.vie.sst.stp/content/groups/approved/org/mockito/mockito-bom/4.11.0/mockito-bom-4.11.0.pom
2024-08-18 09:17:35,268 [Worker-14: Updating Maven Project] INFO  o.e.m.c.i.e.AbstractTransferListenerAdapter - Downloading http://maven.vie.sst.stp/content/groups/approved/io/fabric8/kubernetes-client-bom/5.12.4/kubernetes-client-bom-5.12.4.pom
2024-08-18 09:17:35,459 [Worker-13: reload maven project] INFO  o.e.m.c.i.e.AbstractTransferListenerAdapter - Downloaded http://maven.vie.sst.stp/content/groups/approved/org/mockito/mockito-bom/4.11.0/mockito-bom-4.11.0.pom
2024-08-18 09:17:35,610 [Worker-14: Updating Maven Project] INFO  o.e.m.c.i.e.AbstractTransferListenerAdapter - Downloaded http://maven.vie.sst.stp/content/groups/approved/io/fabric8/kubernetes-client-bom/5.12.4/kubernetes-client-bom-5.12.4.pom
2024-08-18 09:17:35,721 [Worker-13: reload maven project] INFO  o.e.m.c.i.e.AbstractTransferListenerAdapter - Downloading http://maven.vie.sst.stp/content/groups/approved/io/netty/netty-bom/4.1.97.Final/netty-bom-4.1.97.Final.pom
2024-08-18 09:17:35,785 [Worker-14: Updating Maven Project] INFO  o.e.m.c.i.e.AbstractTransferListenerAdapter - Downloading http://maven.vie.sst.stp/content/groups/approved/io/netty/netty-bom/4.1.97.Final/netty-bom-4.1.97.Final.pom
2024-08-18 09:17:35,975 [Worker-13: reload maven project] INFO  o.e.m.c.i.e.AbstractTransferListenerAdapter - Downloaded http://maven.vie.sst.stp/content/groups/approved/io/netty/netty-bom/4.1.97.Final/netty-bom-4.1.97.Final.pom
2024-08-18 09:17:36,073 [Worker-14: Updating Maven Project] INFO  o.e.m.c.i.e.AbstractTransferListenerAdapter - Downloaded http://maven.vie.sst.stp/content/groups/approved/io/netty/netty-bom/4.1.97.Final/netty-bom-4.1.97.Final.pom
2024-08-18 09:17:36,172 [Worker-13: reload maven project] INFO  o.e.m.c.i.e.AbstractTransferListenerAdapter - Downloading http://maven.vie.sst.stp/content/groups/approved/org/apache/logging/log4j/log4j-api/2.21.1/log4j-api-2.21.1.pom
2024-08-18 09:17:36,251 [Worker-14: Updating Maven Project] INFO  o.e.m.c.i.e.AbstractTransferListenerAdapter - Downloading http://maven.vie.sst.stp/content/groups/approved/org/apache/logging/log4j/log4j-api/2.21.1/log4j-api-2.21.1.pom
2024-08-18 09:17:36,348 [Worker-13: reload maven project] INFO  o.e.m.c.i.e.AbstractTransferListenerAdapter - Downloaded http://maven.vie.sst.stp/content/groups/approved/org/apache/logging/log4j/log4j-api/2.21.1/log4j-api-2.21.1.pom
2024-08-18 09:17:36,429 [Worker-14: Updating Maven Project] INFO  o.e.m.c.i.e.AbstractTransferListenerAdapter - Downloaded http://maven.vie.sst.stp/content/groups/approved/org/apache/logging/log4j/log4j-api/2.21.1/log4j-api-2.21.1.pom
2024-08-18 09:17:36,784 [Worker-13: reload maven project] INFO  o.e.m.c.i.e.AbstractTransferListenerAdapter - Downloading http://maven.vie.sst.stp/content/groups/approved/org/slf4j/jul-to-slf4j/2.0.13/jul-to-slf4j-2.0.13.pom
2024-08-18 09:17:36,853 [Worker-14: Updating Maven Project] INFO  o.e.m.c.i.e.AbstractTransferListenerAdapter - Downloading http://maven.vie.sst.stp/content/groups/approved/org/slf4j/jul-to-slf4j/2.0.13/jul-to-slf4j-2.0.13.pom
2024-08-18 09:17:37,038 [Worker-13: reload maven project] INFO  o.e.m.c.i.e.AbstractTransferListenerAdapter - Downloaded http://maven.vie.sst.stp/content/groups/approved/org/slf4j/jul-to-slf4j/2.0.13/jul-to-slf4j-2.0.13.pom
2024-08-18 09:17:37,121 [Worker-14: Updating Maven Project] INFO  o.e.m.c.i.e.AbstractTransferListenerAdapter - Downloaded http://maven.vie.sst.stp/content/groups/approved/org/slf4j/jul-to-slf4j/2.0.13/jul-to-slf4j-2.0.13.pom
2024-08-18 09:17:37,227 [Worker-13: reload maven project] INFO  o.e.m.c.i.e.AbstractTransferListenerAdapter - Downloading http://maven.vie.sst.stp/content/groups/approved/org/yaml/snakeyaml/2.2/snakeyaml-2.2.pom
2024-08-18 09:17:37,296 [Worker-14: Updating Maven Project] INFO  o.e.m.c.i.e.AbstractTransferListenerAdapter - Downloading http://maven.vie.sst.stp/content/groups/approved/org/yaml/snakeyaml/2.2/snakeyaml-2.2.pom
2024-08-18 09:17:37,597 [Worker-13: reload maven project] INFO  o.e.m.c.i.e.AbstractTransferListenerAdapter - Downloaded http://maven.vie.sst.stp/content/groups/approved/org/yaml/snakeyaml/2.2/snakeyaml-2.2.pom
2024-08-18 09:17:37,638 [Worker-14: Updating Maven Project] INFO  o.e.m.c.i.e.AbstractTransferListenerAdapter - Downloaded http://maven.vie.sst.stp/content/groups/approved/org/yaml/snakeyaml/2.2/snakeyaml-2.2.pom
2024-08-18 09:17:37,903 [Worker-13: reload maven project] INFO  o.e.m.c.i.e.AbstractTransferListenerAdapter - Downloading http://maven.vie.sst.stp/content/groups/approved/org/aspectj/aspectjweaver/1.9.22.1/aspectjweaver-1.9.22.1.pom
2024-08-18 09:17:37,935 [Worker-14: Updating Maven Project] INFO  o.e.m.c.i.e.AbstractTransferListenerAdapter - Downloading http://maven.vie.sst.stp/content/groups/approved/org/aspectj/aspectjweaver/1.9.22.1/aspectjweaver-1.9.22.1.pom
2024-08-18 09:17:38,159 [Worker-13: reload maven project] INFO  o.e.m.c.i.e.AbstractTransferListenerAdapter - Downloaded http://maven.vie.sst.stp/content/groups/approved/org/aspectj/aspectjweaver/1.9.22.1/aspectjweaver-1.9.22.1.pom
2024-08-18 09:17:38,241 [Worker-14: Updating Maven Project] INFO  o.e.m.c.i.e.AbstractTransferListenerAdapter - Downloaded http://maven.vie.sst.stp/content/groups/approved/org/aspectj/aspectjweaver/1.9.22.1/aspectjweaver-1.9.22.1.pom
2024-08-18 09:17:38,461 [Worker-13: reload maven project] INFO  o.e.m.c.i.e.AbstractTransferListenerAdapter - Downloading http://maven.vie.sst.stp/content/groups/approved/org/springframework/boot/spring-boot-starter-jdbc/3.2.8/spring-boot-starter-jdbc-3.2.8.pom
2024-08-18 09:17:38,499 [Worker-14: Updating Maven Project] INFO  o.e.m.c.i.e.AbstractTransferListenerAdapter - Downloading http://maven.vie.sst.stp/content/groups/approved/org/springframework/boot/spring-boot-starter-jdbc/3.2.8/spring-boot-starter-jdbc-3.2.8.pom
2024-08-18 09:17:38,715 [Worker-13: reload maven project] INFO  o.e.m.c.i.e.AbstractTransferListenerAdapter - Downloaded http://maven.vie.sst.stp/content/groups/approved/org/springframework/boot/spring-boot-starter-jdbc/3.2.8/spring-boot-starter-jdbc-3.2.8.pom
2024-08-18 09:17:38,798 [Worker-14: Updating Maven Project] INFO  o.e.m.c.i.e.AbstractTransferListenerAdapter - Downloaded http://maven.vie.sst.stp/content/groups/approved/org/springframework/boot/spring-boot-starter-jdbc/3.2.8/spring-boot-starter-jdbc-3.2.8.pom
2024-08-18 09:17:38,986 [Worker-13: reload maven project] INFO  o.e.m.c.i.e.AbstractTransferListenerAdapter - Downloading http://maven.vie.sst.stp/content/groups/approved/com/zaxxer/HikariCP/5.0.1/HikariCP-5.0.1.pom
2024-08-18 09:17:39,054 [Worker-14: Updating Maven Project] INFO  o.e.m.c.i.e.AbstractTransferListenerAdapter - Downloading http://maven.vie.sst.stp/content/groups/approved/com/zaxxer/HikariCP/5.0.1/HikariCP-5.0.1.pom
2024-08-18 09:17:39,241 [Worker-13: reload maven project] INFO  o.e.m.c.i.e.AbstractTransferListenerAdapter - Downloaded http://maven.vie.sst.stp/content/groups/approved/com/zaxxer/HikariCP/5.0.1/HikariCP-5.0.1.pom
2024-08-18 09:17:39,324 [Worker-14: Updating Maven Project] INFO  o.e.m.c.i.e.AbstractTransferListenerAdapter - Downloaded http://maven.vie.sst.stp/content/groups/approved/com/zaxxer/HikariCP/5.0.1/HikariCP-5.0.1.pom
2024-08-18 09:17:39,513 [Worker-13: reload maven project] INFO  o.e.m.c.i.e.AbstractTransferListenerAdapter - Downloading http://maven.vie.sst.stp/content/groups/approved/org/springframework/spring-jdbc/6.1.11/spring-jdbc-6.1.11.pom
2024-08-18 09:17:39,583 [Worker-14: Updating Maven Project] INFO  o.e.m.c.i.e.AbstractTransferListenerAdapter - Downloading http://maven.vie.sst.stp/content/groups/approved/org/springframework/spring-jdbc/6.1.11/spring-jdbc-6.1.11.pom
2024-08-18 09:17:39,772 [Worker-13: reload maven project] INFO  o.e.m.c.i.e.AbstractTransferListenerAdapter - Downloaded http://maven.vie.sst.stp/content/groups/approved/org/springframework/spring-jdbc/6.1.11/spring-jdbc-6.1.11.pom
2024-08-18 09:17:39,851 [Worker-14: Updating Maven Project] INFO  o.e.m.c.i.e.AbstractTransferListenerAdapter - Downloaded http://maven.vie.sst.stp/content/groups/approved/org/springframework/spring-jdbc/6.1.11/spring-jdbc-6.1.11.pom
2024-08-18 09:17:40,043 [Worker-13: reload maven project] INFO  o.e.m.c.i.e.AbstractTransferListenerAdapter - Downloading http://maven.vie.sst.stp/content/groups/approved/org/springframework/spring-tx/6.1.11/spring-tx-6.1.11.pom
2024-08-18 09:17:40,112 [Worker-14: Updating Maven Project] INFO  o.e.m.c.i.e.AbstractTransferListenerAdapter - Downloading http://maven.vie.sst.stp/content/groups/approved/org/springframework/spring-tx/6.1.11/spring-tx-6.1.11.pom
2024-08-18 09:17:40,297 [Worker-13: reload maven project] INFO  o.e.m.c.i.e.AbstractTransferListenerAdapter - Downloaded http://maven.vie.sst.stp/content/groups/approved/org/springframework/spring-tx/6.1.11/spring-tx-6.1.11.pom
2024-08-18 09:17:40,379 [Worker-14: Updating Maven Project] INFO  o.e.m.c.i.e.AbstractTransferListenerAdapter - Downloaded http://maven.vie.sst.stp/content/groups/approved/org/springframework/spring-tx/6.1.11/spring-tx-6.1.11.pom
2024-08-18 09:17:40,645 [Worker-13: reload maven project] INFO  o.e.m.c.i.e.AbstractTransferListenerAdapter - Downloading http://maven.vie.sst.stp/content/groups/approved/org/hibernate/orm/hibernate-core/6.4.9.Final/hibernate-core-6.4.9.Final.pom
2024-08-18 09:17:40,647 [Worker-14: Updating Maven Project] INFO  o.e.m.c.i.e.AbstractTransferListenerAdapter - Downloading http://maven.vie.sst.stp/content/groups/approved/org/hibernate/orm/hibernate-core/6.4.9.Final/hibernate-core-6.4.9.Final.pom
2024-08-18 09:17:40,904 [Worker-13: reload maven project] INFO  o.e.m.c.i.e.AbstractTransferListenerAdapter - Downloaded http://maven.vie.sst.stp/content/groups/approved/org/hibernate/orm/hibernate-core/6.4.9.Final/hibernate-core-6.4.9.Final.pom
2024-08-18 09:17:40,988 [Worker-14: Updating Maven Project] INFO  o.e.m.c.i.e.AbstractTransferListenerAdapter - Downloaded http://maven.vie.sst.stp/content/groups/approved/org/hibernate/orm/hibernate-core/6.4.9.Final/hibernate-core-6.4.9.Final.pom
2024-08-18 09:17:41,092 [Worker-13: reload maven project] INFO  o.e.m.c.i.e.AbstractTransferListenerAdapter - Downloading http://maven.vie.sst.stp/content/groups/approved/jakarta/persistence/jakarta.persistence-api/3.1.0/jakarta.persistence-api-3.1.0.pom
2024-08-18 09:17:41,163 [Worker-14: Updating Maven Project] INFO  o.e.m.c.i.e.AbstractTransferListenerAdapter - Downloading http://maven.vie.sst.stp/content/groups/approved/jakarta/persistence/jakarta.persistence-api/3.1.0/jakarta.persistence-api-3.1.0.pom
2024-08-18 09:17:41,346 [Worker-13: reload maven project] INFO  o.e.m.c.i.e.AbstractTransferListenerAdapter - Downloaded http://maven.vie.sst.stp/content/groups/approved/jakarta/persistence/jakarta.persistence-api/3.1.0/jakarta.persistence-api-3.1.0.pom
2024-08-18 09:17:41,430 [Worker-14: Updating Maven Project] INFO  o.e.m.c.i.e.AbstractTransferListenerAdapter - Downloaded http://maven.vie.sst.stp/content/groups/approved/jakarta/persistence/jakarta.persistence-api/3.1.0/jakarta.persistence-api-3.1.0.pom
2024-08-18 09:17:41,613 [Worker-13: reload maven project] INFO  o.e.m.c.i.e.AbstractTransferListenerAdapter - Downloading http://maven.vie.sst.stp/content/groups/approved/jakarta/transaction/jakarta.transaction-api/2.0.1/jakarta.transaction-api-2.0.1.pom
2024-08-18 09:17:41,687 [Worker-14: Updating Maven Project] INFO  o.e.m.c.i.e.AbstractTransferListenerAdapter - Downloading http://maven.vie.sst.stp/content/groups/approved/jakarta/transaction/jakarta.transaction-api/2.0.1/jakarta.transaction-api-2.0.1.pom
2024-08-18 09:17:41,870 [Worker-13: reload maven project] INFO  o.e.m.c.i.e.AbstractTransferListenerAdapter - Downloaded http://maven.vie.sst.stp/content/groups/approved/jakarta/transaction/jakarta.transaction-api/2.0.1/jakarta.transaction-api-2.0.1.pom
2024-08-18 09:17:41,955 [Worker-14: Updating Maven Project] INFO  o.e.m.c.i.e.AbstractTransferListenerAdapter - Downloaded http://maven.vie.sst.stp/content/groups/approved/jakarta/transaction/jakarta.transaction-api/2.0.1/jakarta.transaction-api-2.0.1.pom
2024-08-18 09:17:42,133 [Worker-13: reload maven project] INFO  o.e.m.c.i.e.AbstractTransferListenerAdapter - Downloading http://maven.vie.sst.stp/content/groups/approved/org/jboss/logging/jboss-logging/3.5.3.Final/jboss-logging-3.5.3.Final.pom
2024-08-18 09:17:42,135 [Worker-14: Updating Maven Project] INFO  o.e.m.c.i.e.AbstractTransferListenerAdapter - Downloading http://maven.vie.sst.stp/content/groups/approved/org/jboss/logging/jboss-logging/3.5.3.Final/jboss-logging-3.5.3.Final.pom
2024-08-18 09:17:42,389 [Worker-13: reload maven project] INFO  o.e.m.c.i.e.AbstractTransferListenerAdapter - Downloaded http://maven.vie.sst.stp/content/groups/approved/org/jboss/logging/jboss-logging/3.5.3.Final/jboss-logging-3.5.3.Final.pom
2024-08-18 09:17:42,471 [Worker-14: Updating Maven Project] INFO  o.e.m.c.i.e.AbstractTransferListenerAdapter - Downloaded http://maven.vie.sst.stp/content/groups/approved/org/jboss/logging/jboss-logging/3.5.3.Final/jboss-logging-3.5.3.Final.pom
2024-08-18 09:17:42,752 [Worker-13: reload maven project] INFO  o.e.m.c.i.e.AbstractTransferListenerAdapter - Downloading http://maven.vie.sst.stp/content/groups/approved/org/jboss/logging/logging-parent/1.0.1.Final/logging-parent-1.0.1.Final.pom
2024-08-18 09:17:42,810 [Worker-14: Updating Maven Project] INFO  o.e.m.c.i.e.AbstractTransferListenerAdapter - Downloading http://maven.vie.sst.stp/content/groups/approved/org/jboss/logging/logging-parent/1.0.1.Final/logging-parent-1.0.1.Final.pom
2024-08-18 09:17:43,008 [Worker-13: reload maven project] INFO  o.e.m.c.i.e.AbstractTransferListenerAdapter - Downloaded http://maven.vie.sst.stp/content/groups/approved/org/jboss/logging/logging-parent/1.0.1.Final/logging-parent-1.0.1.Final.pom
2024-08-18 09:17:43,088 [Worker-14: Updating Maven Project] INFO  o.e.m.c.i.e.AbstractTransferListenerAdapter - Downloaded http://maven.vie.sst.stp/content/groups/approved/org/jboss/logging/logging-parent/1.0.1.Final/logging-parent-1.0.1.Final.pom
2024-08-18 09:17:43,186 [Worker-13: reload maven project] INFO  o.e.m.c.i.e.AbstractTransferListenerAdapter - Downloading http://maven.vie.sst.stp/content/groups/approved/org/junit/junit-bom/5.9.3/junit-bom-5.9.3.pom
2024-08-18 09:17:43,262 [Worker-14: Updating Maven Project] INFO  o.e.m.c.i.e.AbstractTransferListenerAdapter - Downloading http://maven.vie.sst.stp/content/groups/approved/org/junit/junit-bom/5.9.3/junit-bom-5.9.3.pom
2024-08-18 09:17:43,362 [Worker-13: reload maven project] INFO  o.e.m.c.i.e.AbstractTransferListenerAdapter - Downloaded http://maven.vie.sst.stp/content/groups/approved/org/junit/junit-bom/5.9.3/junit-bom-5.9.3.pom
2024-08-18 09:17:43,438 [Worker-14: Updating Maven Project] INFO  o.e.m.c.i.e.AbstractTransferListenerAdapter - Downloaded http://maven.vie.sst.stp/content/groups/approved/org/junit/junit-bom/5.9.3/junit-bom-5.9.3.pom
2024-08-18 09:17:43,618 [Worker-13: reload maven project] INFO  o.e.m.c.i.e.AbstractTransferListenerAdapter - Downloading http://maven.vie.sst.stp/content/groups/approved/org/hibernate/common/hibernate-commons-annotations/6.0.6.Final/hibernate-commons-annotations-6.0.6.Final.pom
2024-08-18 09:17:43,694 [Worker-14: Updating Maven Project] INFO  o.e.m.c.i.e.AbstractTransferListenerAdapter - Downloading http://maven.vie.sst.stp/content/groups/approved/org/hibernate/common/hibernate-commons-annotations/6.0.6.Final/hibernate-commons-annotations-6.0.6.Final.pom
2024-08-18 09:17:43,875 [Worker-13: reload maven project] INFO  o.e.m.c.i.e.AbstractTransferListenerAdapter - Downloaded http://maven.vie.sst.stp/content/groups/approved/org/hibernate/common/hibernate-commons-annotations/6.0.6.Final/hibernate-commons-annotations-6.0.6.Final.pom
2024-08-18 09:17:43,957 [Worker-14: Updating Maven Project] INFO  o.e.m.c.i.e.AbstractTransferListenerAdapter - Downloaded http://maven.vie.sst.stp/content/groups/approved/org/hibernate/common/hibernate-commons-annotations/6.0.6.Final/hibernate-commons-annotations-6.0.6.Final.pom
2024-08-18 09:17:44,141 [Worker-13: reload maven project] INFO  o.e.m.c.i.e.AbstractTransferListenerAdapter - Downloading http://maven.vie.sst.stp/content/groups/approved/io/smallrye/jandex/3.1.2/jandex-3.1.2.pom
2024-08-18 09:17:44,213 [Worker-14: Updating Maven Project] INFO  o.e.m.c.i.e.AbstractTransferListenerAdapter - Downloading http://maven.vie.sst.stp/content/groups/approved/io/smallrye/jandex/3.1.2/jandex-3.1.2.pom
2024-08-18 09:17:44,396 [Worker-13: reload maven project] INFO  o.e.m.c.i.e.AbstractTransferListenerAdapter - Downloaded http://maven.vie.sst.stp/content/groups/approved/io/smallrye/jandex/3.1.2/jandex-3.1.2.pom
2024-08-18 09:17:44,478 [Worker-14: Updating Maven Project] INFO  o.e.m.c.i.e.AbstractTransferListenerAdapter - Downloaded http://maven.vie.sst.stp/content/groups/approved/io/smallrye/jandex/3.1.2/jandex-3.1.2.pom
2024-08-18 09:17:44,653 [Worker-14: Updating Maven Project] INFO  o.e.m.c.i.e.AbstractTransferListenerAdapter - Downloading http://maven.vie.sst.stp/content/groups/approved/io/smallrye/jandex-parent/3.1.2/jandex-parent-3.1.2.pom
2024-08-18 09:17:44,654 [Worker-13: reload maven project] INFO  o.e.m.c.i.e.AbstractTransferListenerAdapter - Downloading http://maven.vie.sst.stp/content/groups/approved/io/smallrye/jandex-parent/3.1.2/jandex-parent-3.1.2.pom
2024-08-18 09:17:44,910 [Worker-14: Updating Maven Project] INFO  o.e.m.c.i.e.AbstractTransferListenerAdapter - Downloaded http://maven.vie.sst.stp/content/groups/approved/io/smallrye/jandex-parent/3.1.2/jandex-parent-3.1.2.pom
2024-08-18 09:17:44,992 [Worker-13: reload maven project] INFO  o.e.m.c.i.e.AbstractTransferListenerAdapter - Downloaded http://maven.vie.sst.stp/content/groups/approved/io/smallrye/jandex-parent/3.1.2/jandex-parent-3.1.2.pom
2024-08-18 09:17:45,089 [Worker-14: Updating Maven Project] INFO  o.e.m.c.i.e.AbstractTransferListenerAdapter - Downloading http://maven.vie.sst.stp/content/groups/approved/io/smallrye/smallrye-build-parent/39/smallrye-build-parent-39.pom
2024-08-18 09:17:45,164 [Worker-13: reload maven project] INFO  o.e.m.c.i.e.AbstractTransferListenerAdapter - Downloading http://maven.vie.sst.stp/content/groups/approved/io/smallrye/smallrye-build-parent/39/smallrye-build-parent-39.pom
2024-08-18 09:17:45,509 [Worker-14: Updating Maven Project] INFO  o.e.m.c.i.e.AbstractTransferListenerAdapter - Downloaded http://maven.vie.sst.stp/content/groups/approved/io/smallrye/smallrye-build-parent/39/smallrye-build-parent-39.pom
2024-08-18 09:17:45,591 [Worker-13: reload maven project] INFO  o.e.m.c.i.e.AbstractTransferListenerAdapter - Downloaded http://maven.vie.sst.stp/content/groups/approved/io/smallrye/smallrye-build-parent/39/smallrye-build-parent-39.pom
2024-08-18 09:17:45,782 [Worker-14: Updating Maven Project] INFO  o.e.m.c.i.e.AbstractTransferListenerAdapter - Downloading http://maven.vie.sst.stp/content/groups/approved/com/fasterxml/classmate/1.6.0/classmate-1.6.0.pom
2024-08-18 09:17:45,855 [Worker-13: reload maven project] INFO  o.e.m.c.i.e.AbstractTransferListenerAdapter - Downloading http://maven.vie.sst.stp/content/groups/approved/com/fasterxml/classmate/1.6.0/classmate-1.6.0.pom
2024-08-18 09:17:46,051 [Worker-14: Updating Maven Project] INFO  o.e.m.c.i.e.AbstractTransferListenerAdapter - Downloaded http://maven.vie.sst.stp/content/groups/approved/com/fasterxml/classmate/1.6.0/classmate-1.6.0.pom
2024-08-18 09:17:46,135 [Worker-13: reload maven project] INFO  o.e.m.c.i.e.AbstractTransferListenerAdapter - Downloaded http://maven.vie.sst.stp/content/groups/approved/com/fasterxml/classmate/1.6.0/classmate-1.6.0.pom
2024-08-18 09:17:46,326 [Worker-14: Updating Maven Project] INFO  o.e.m.c.i.e.AbstractTransferListenerAdapter - Downloading http://maven.vie.sst.stp/content/groups/approved/com/fasterxml/oss-parent/55/oss-parent-55.pom
2024-08-18 09:17:46,328 [Worker-13: reload maven project] INFO  o.e.m.c.i.e.AbstractTransferListenerAdapter - Downloading http://maven.vie.sst.stp/content/groups/approved/com/fasterxml/oss-parent/55/oss-parent-55.pom
2024-08-18 09:17:46,590 [Worker-14: Updating Maven Project] INFO  o.e.m.c.i.e.AbstractTransferListenerAdapter - Downloaded http://maven.vie.sst.stp/content/groups/approved/com/fasterxml/oss-parent/55/oss-parent-55.pom
2024-08-18 09:17:46,671 [Worker-13: reload maven project] INFO  o.e.m.c.i.e.AbstractTransferListenerAdapter - Downloaded http://maven.vie.sst.stp/content/groups/approved/com/fasterxml/oss-parent/55/oss-parent-55.pom
2024-08-18 09:17:46,886 [Worker-14: Updating Maven Project] INFO  o.e.m.c.i.e.AbstractTransferListenerAdapter - Downloading http://maven.vie.sst.stp/content/groups/approved/net/bytebuddy/byte-buddy/1.14.18/byte-buddy-1.14.18.pom
2024-08-18 09:17:46,931 [Worker-13: reload maven project] INFO  o.e.m.c.i.e.AbstractTransferListenerAdapter - Downloading http://maven.vie.sst.stp/content/groups/approved/net/bytebuddy/byte-buddy/1.14.18/byte-buddy-1.14.18.pom
2024-08-18 09:17:47,141 [Worker-14: Updating Maven Project] INFO  o.e.m.c.i.e.AbstractTransferListenerAdapter - Downloaded http://maven.vie.sst.stp/content/groups/approved/net/bytebuddy/byte-buddy/1.14.18/byte-buddy-1.14.18.pom
2024-08-18 09:17:47,224 [Worker-13: reload maven project] INFO  o.e.m.c.i.e.AbstractTransferListenerAdapter - Downloaded http://maven.vie.sst.stp/content/groups/approved/net/bytebuddy/byte-buddy/1.14.18/byte-buddy-1.14.18.pom
2024-08-18 09:17:47,424 [Worker-13: reload maven project] INFO  o.e.m.c.i.e.AbstractTransferListenerAdapter - Downloading http://maven.vie.sst.stp/content/groups/approved/net/bytebuddy/byte-buddy-parent/1.14.18/byte-buddy-parent-1.14.18.pom
2024-08-18 09:17:47,425 [Worker-14: Updating Maven Project] INFO  o.e.m.c.i.e.AbstractTransferListenerAdapter - Downloading http://maven.vie.sst.stp/content/groups/approved/net/bytebuddy/byte-buddy-parent/1.14.18/byte-buddy-parent-1.14.18.pom
2024-08-18 09:17:47,849 [Worker-13: reload maven project] INFO  o.e.m.c.i.e.AbstractTransferListenerAdapter - Downloaded http://maven.vie.sst.stp/content/groups/approved/net/bytebuddy/byte-buddy-parent/1.14.18/byte-buddy-parent-1.14.18.pom
2024-08-18 09:17:47,931 [Worker-14: Updating Maven Project] INFO  o.e.m.c.i.e.AbstractTransferListenerAdapter - Downloaded http://maven.vie.sst.stp/content/groups/approved/net/bytebuddy/byte-buddy-parent/1.14.18/byte-buddy-parent-1.14.18.pom
2024-08-18 09:17:48,113 [Worker-13: reload maven project] INFO  o.e.m.c.i.e.AbstractTransferListenerAdapter - Downloading http://maven.vie.sst.stp/content/groups/approved/jakarta/xml/bind/jakarta.xml.bind-api/4.0.2/jakarta.xml.bind-api-4.0.2.pom
2024-08-18 09:17:48,120 [Worker-14: Updating Maven Project] INFO  o.e.m.c.i.e.AbstractTransferListenerAdapter - Downloading http://maven.vie.sst.stp/content/groups/approved/jakarta/xml/bind/jakarta.xml.bind-api/4.0.2/jakarta.xml.bind-api-4.0.2.pom
2024-08-18 09:17:48,383 [Worker-13: reload maven project] INFO  o.e.m.c.i.e.AbstractTransferListenerAdapter - Downloaded http://maven.vie.sst.stp/content/groups/approved/jakarta/xml/bind/jakarta.xml.bind-api/4.0.2/jakarta.xml.bind-api-4.0.2.pom
2024-08-18 09:17:48,464 [Worker-14: Updating Maven Project] INFO  o.e.m.c.i.e.AbstractTransferListenerAdapter - Downloaded http://maven.vie.sst.stp/content/groups/approved/jakarta/xml/bind/jakarta.xml.bind-api/4.0.2/jakarta.xml.bind-api-4.0.2.pom
2024-08-18 09:17:48,645 [Worker-13: reload maven project] INFO  o.e.m.c.i.e.AbstractTransferListenerAdapter - Downloading http://maven.vie.sst.stp/content/groups/approved/jakarta/xml/bind/jakarta.xml.bind-api-parent/4.0.2/jakarta.xml.bind-api-parent-4.0.2.pom
2024-08-18 09:17:48,645 [Worker-14: Updating Maven Project] INFO  o.e.m.c.i.e.AbstractTransferListenerAdapter - Downloading http://maven.vie.sst.stp/content/groups/approved/jakarta/xml/bind/jakarta.xml.bind-api-parent/4.0.2/jakarta.xml.bind-api-parent-4.0.2.pom
2024-08-18 09:17:48,900 [Worker-13: reload maven project] INFO  o.e.m.c.i.e.AbstractTransferListenerAdapter - Downloaded http://maven.vie.sst.stp/content/groups/approved/jakarta/xml/bind/jakarta.xml.bind-api-parent/4.0.2/jakarta.xml.bind-api-parent-4.0.2.pom
2024-08-18 09:17:48,982 [Worker-14: Updating Maven Project] INFO  o.e.m.c.i.e.AbstractTransferListenerAdapter - Downloaded http://maven.vie.sst.stp/content/groups/approved/jakarta/xml/bind/jakarta.xml.bind-api-parent/4.0.2/jakarta.xml.bind-api-parent-4.0.2.pom
2024-08-18 09:17:49,172 [Worker-13: reload maven project] INFO  o.e.m.c.i.e.AbstractTransferListenerAdapter - Downloading http://maven.vie.sst.stp/content/groups/approved/jakarta/activation/jakarta.activation-api/2.1.3/jakarta.activation-api-2.1.3.pom
2024-08-18 09:17:49,240 [Worker-14: Updating Maven Project] INFO  o.e.m.c.i.e.AbstractTransferListenerAdapter - Downloading http://maven.vie.sst.stp/content/groups/approved/jakarta/activation/jakarta.activation-api/2.1.3/jakarta.activation-api-2.1.3.pom
2024-08-18 09:17:49,429 [Worker-13: reload maven project] INFO  o.e.m.c.i.e.AbstractTransferListenerAdapter - Downloaded http://maven.vie.sst.stp/content/groups/approved/jakarta/activation/jakarta.activation-api/2.1.3/jakarta.activation-api-2.1.3.pom
2024-08-18 09:17:49,510 [Worker-14: Updating Maven Project] INFO  o.e.m.c.i.e.AbstractTransferListenerAdapter - Downloaded http://maven.vie.sst.stp/content/groups/approved/jakarta/activation/jakarta.activation-api/2.1.3/jakarta.activation-api-2.1.3.pom
2024-08-18 09:17:49,693 [Worker-13: reload maven project] INFO  o.e.m.c.i.e.AbstractTransferListenerAdapter - Downloading http://maven.vie.sst.stp/content/groups/approved/org/glassfish/jaxb/jaxb-runtime/4.0.5/jaxb-runtime-4.0.5.pom
2024-08-18 09:17:49,768 [Worker-14: Updating Maven Project] INFO  o.e.m.c.i.e.AbstractTransferListenerAdapter - Downloading http://maven.vie.sst.stp/content/groups/approved/org/glassfish/jaxb/jaxb-runtime/4.0.5/jaxb-runtime-4.0.5.pom
2024-08-18 09:17:49,950 [Worker-13: reload maven project] INFO  o.e.m.c.i.e.AbstractTransferListenerAdapter - Downloaded http://maven.vie.sst.stp/content/groups/approved/org/glassfish/jaxb/jaxb-runtime/4.0.5/jaxb-runtime-4.0.5.pom
2024-08-18 09:17:50,031 [Worker-14: Updating Maven Project] INFO  o.e.m.c.i.e.AbstractTransferListenerAdapter - Downloaded http://maven.vie.sst.stp/content/groups/approved/org/glassfish/jaxb/jaxb-runtime/4.0.5/jaxb-runtime-4.0.5.pom
2024-08-18 09:17:50,213 [Worker-13: reload maven project] INFO  o.e.m.c.i.e.AbstractTransferListenerAdapter - Downloading http://maven.vie.sst.stp/content/groups/approved/com/sun/xml/bind/mvn/jaxb-runtime-parent/4.0.5/jaxb-runtime-parent-4.0.5.pom
2024-08-18 09:17:50,287 [Worker-14: Updating Maven Project] INFO  o.e.m.c.i.e.AbstractTransferListenerAdapter - Downloading http://maven.vie.sst.stp/content/groups/approved/com/sun/xml/bind/mvn/jaxb-runtime-parent/4.0.5/jaxb-runtime-parent-4.0.5.pom
2024-08-18 09:17:50,470 [Worker-13: reload maven project] INFO  o.e.m.c.i.e.AbstractTransferListenerAdapter - Downloaded http://maven.vie.sst.stp/content/groups/approved/com/sun/xml/bind/mvn/jaxb-runtime-parent/4.0.5/jaxb-runtime-parent-4.0.5.pom
2024-08-18 09:17:50,550 [Worker-14: Updating Maven Project] INFO  o.e.m.c.i.e.AbstractTransferListenerAdapter - Downloaded http://maven.vie.sst.stp/content/groups/approved/com/sun/xml/bind/mvn/jaxb-runtime-parent/4.0.5/jaxb-runtime-parent-4.0.5.pom
2024-08-18 09:17:50,729 [Worker-13: reload maven project] INFO  o.e.m.c.i.e.AbstractTransferListenerAdapter - Downloading http://maven.vie.sst.stp/content/groups/approved/com/sun/xml/bind/mvn/jaxb-parent/4.0.5/jaxb-parent-4.0.5.pom
2024-08-18 09:17:50,804 [Worker-14: Updating Maven Project] INFO  o.e.m.c.i.e.AbstractTransferListenerAdapter - Downloading http://maven.vie.sst.stp/content/groups/approved/com/sun/xml/bind/mvn/jaxb-parent/4.0.5/jaxb-parent-4.0.5.pom
2024-08-18 09:17:50,989 [Worker-13: reload maven project] INFO  o.e.m.c.i.e.AbstractTransferListenerAdapter - Downloaded http://maven.vie.sst.stp/content/groups/approved/com/sun/xml/bind/mvn/jaxb-parent/4.0.5/jaxb-parent-4.0.5.pom
2024-08-18 09:17:51,073 [Worker-14: Updating Maven Project] INFO  o.e.m.c.i.e.AbstractTransferListenerAdapter - Downloaded http://maven.vie.sst.stp/content/groups/approved/com/sun/xml/bind/mvn/jaxb-parent/4.0.5/jaxb-parent-4.0.5.pom
2024-08-18 09:17:51,249 [Worker-13: reload maven project] INFO  o.e.m.c.i.e.AbstractTransferListenerAdapter - Downloading http://maven.vie.sst.stp/content/groups/approved/com/sun/xml/bind/jaxb-bom-ext/4.0.5/jaxb-bom-ext-4.0.5.pom
2024-08-18 09:17:51,325 [Worker-14: Updating Maven Project] INFO  o.e.m.c.i.e.AbstractTransferListenerAdapter - Downloading http://maven.vie.sst.stp/content/groups/approved/com/sun/xml/bind/jaxb-bom-ext/4.0.5/jaxb-bom-ext-4.0.5.pom
2024-08-18 09:17:51,505 [Worker-13: reload maven project] INFO  o.e.m.c.i.e.AbstractTransferListenerAdapter - Downloaded http://maven.vie.sst.stp/content/groups/approved/com/sun/xml/bind/jaxb-bom-ext/4.0.5/jaxb-bom-ext-4.0.5.pom
2024-08-18 09:17:51,588 [Worker-14: Updating Maven Project] INFO  o.e.m.c.i.e.AbstractTransferListenerAdapter - Downloaded http://maven.vie.sst.stp/content/groups/approved/com/sun/xml/bind/jaxb-bom-ext/4.0.5/jaxb-bom-ext-4.0.5.pom
2024-08-18 09:17:51,773 [Worker-13: reload maven project] INFO  o.e.m.c.i.e.AbstractTransferListenerAdapter - Downloading http://maven.vie.sst.stp/content/groups/approved/org/glassfish/jaxb/jaxb-core/4.0.5/jaxb-core-4.0.5.pom
2024-08-18 09:17:51,848 [Worker-14: Updating Maven Project] INFO  o.e.m.c.i.e.AbstractTransferListenerAdapter - Downloading http://maven.vie.sst.stp/content/groups/approved/org/glassfish/jaxb/jaxb-core/4.0.5/jaxb-core-4.0.5.pom
2024-08-18 09:17:52,029 [Worker-13: reload maven project] INFO  o.e.m.c.i.e.AbstractTransferListenerAdapter - Downloaded http://maven.vie.sst.stp/content/groups/approved/org/glassfish/jaxb/jaxb-core/4.0.5/jaxb-core-4.0.5.pom
2024-08-18 09:17:52,112 [Worker-14: Updating Maven Project] INFO  o.e.m.c.i.e.AbstractTransferListenerAdapter - Downloaded http://maven.vie.sst.stp/content/groups/approved/org/glassfish/jaxb/jaxb-core/4.0.5/jaxb-core-4.0.5.pom
2024-08-18 09:17:52,219 [Worker-13: reload maven project] INFO  o.e.m.c.i.e.AbstractTransferListenerAdapter - Downloading http://maven.vie.sst.stp/content/groups/approved/org/eclipse/angus/angus-activation/2.0.2/angus-activation-2.0.2.pom
2024-08-18 09:17:52,286 [Worker-14: Updating Maven Project] INFO  o.e.m.c.i.e.AbstractTransferListenerAdapter - Downloading http://maven.vie.sst.stp/content/groups/approved/org/eclipse/angus/angus-activation/2.0.2/angus-activation-2.0.2.pom
2024-08-18 09:17:52,475 [Worker-13: reload maven project] INFO  o.e.m.c.i.e.AbstractTransferListenerAdapter - Downloaded http://maven.vie.sst.stp/content/groups/approved/org/eclipse/angus/angus-activation/2.0.2/angus-activation-2.0.2.pom
2024-08-18 09:17:52,559 [Worker-14: Updating Maven Project] INFO  o.e.m.c.i.e.AbstractTransferListenerAdapter - Downloaded http://maven.vie.sst.stp/content/groups/approved/org/eclipse/angus/angus-activation/2.0.2/angus-activation-2.0.2.pom
2024-08-18 09:17:52,656 [Worker-13: reload maven project] INFO  o.e.m.c.i.e.AbstractTransferListenerAdapter - Downloading http://maven.vie.sst.stp/content/groups/approved/org/eclipse/angus/angus-activation-project/2.0.2/angus-activation-project-2.0.2.pom
2024-08-18 09:17:52,733 [Worker-14: Updating Maven Project] INFO  o.e.m.c.i.e.AbstractTransferListenerAdapter - Downloading http://maven.vie.sst.stp/content/groups/approved/org/eclipse/angus/angus-activation-project/2.0.2/angus-activation-project-2.0.2.pom
2024-08-18 09:17:52,923 [Worker-13: reload maven project] INFO  o.e.m.c.i.e.AbstractTransferListenerAdapter - Downloaded http://maven.vie.sst.stp/content/groups/approved/org/eclipse/angus/angus-activation-project/2.0.2/angus-activation-project-2.0.2.pom
2024-08-18 09:17:53,016 [Worker-14: Updating Maven Project] INFO  o.e.m.c.i.e.AbstractTransferListenerAdapter - Downloaded http://maven.vie.sst.stp/content/groups/approved/org/eclipse/angus/angus-activation-project/2.0.2/angus-activation-project-2.0.2.pom
2024-08-18 09:17:53,115 [Worker-13: reload maven project] INFO  o.e.m.c.i.e.AbstractTransferListenerAdapter - Downloading http://maven.vie.sst.stp/content/groups/approved/org/glassfish/jaxb/txw2/4.0.5/txw2-4.0.5.pom
2024-08-18 09:17:53,199 [Worker-14: Updating Maven Project] INFO  o.e.m.c.i.e.AbstractTransferListenerAdapter - Downloading http://maven.vie.sst.stp/content/groups/approved/org/glassfish/jaxb/txw2/4.0.5/txw2-4.0.5.pom
2024-08-18 09:17:53,370 [Worker-13: reload maven project] INFO  o.e.m.c.i.e.AbstractTransferListenerAdapter - Downloaded http://maven.vie.sst.stp/content/groups/approved/org/glassfish/jaxb/txw2/4.0.5/txw2-4.0.5.pom
2024-08-18 09:17:53,386 [Worker-14: Updating Maven Project] INFO  o.e.m.c.i.e.AbstractTransferListenerAdapter - Downloaded http://maven.vie.sst.stp/content/groups/approved/org/glassfish/jaxb/txw2/4.0.5/txw2-4.0.5.pom
2024-08-18 09:17:53,626 [Worker-13: reload maven project] INFO  o.e.m.c.i.e.AbstractTransferListenerAdapter - Downloading http://maven.vie.sst.stp/content/groups/approved/com/sun/xml/bind/mvn/jaxb-txw-parent/4.0.5/jaxb-txw-parent-4.0.5.pom
2024-08-18 09:17:53,702 [Worker-14: Updating Maven Project] INFO  o.e.m.c.i.e.AbstractTransferListenerAdapter - Downloading http://maven.vie.sst.stp/content/groups/approved/com/sun/xml/bind/mvn/jaxb-txw-parent/4.0.5/jaxb-txw-parent-4.0.5.pom
2024-08-18 09:17:53,880 [Worker-13: reload maven project] INFO  o.e.m.c.i.e.AbstractTransferListenerAdapter - Downloaded http://maven.vie.sst.stp/content/groups/approved/com/sun/xml/bind/mvn/jaxb-txw-parent/4.0.5/jaxb-txw-parent-4.0.5.pom
2024-08-18 09:17:53,967 [Worker-14: Updating Maven Project] INFO  o.e.m.c.i.e.AbstractTransferListenerAdapter - Downloaded http://maven.vie.sst.stp/content/groups/approved/com/sun/xml/bind/mvn/jaxb-txw-parent/4.0.5/jaxb-txw-parent-4.0.5.pom
2024-08-18 09:17:54,137 [Worker-13: reload maven project] INFO  o.e.m.c.i.e.AbstractTransferListenerAdapter - Downloading http://maven.vie.sst.stp/content/groups/approved/com/sun/istack/istack-commons-runtime/4.1.2/istack-commons-runtime-4.1.2.pom
2024-08-18 09:17:54,141 [Worker-14: Updating Maven Project] INFO  o.e.m.c.i.e.AbstractTransferListenerAdapter - Downloading http://maven.vie.sst.stp/content/groups/approved/com/sun/istack/istack-commons-runtime/4.1.2/istack-commons-runtime-4.1.2.pom
2024-08-18 09:17:54,392 [Worker-13: reload maven project] INFO  o.e.m.c.i.e.AbstractTransferListenerAdapter - Downloaded http://maven.vie.sst.stp/content/groups/approved/com/sun/istack/istack-commons-runtime/4.1.2/istack-commons-runtime-4.1.2.pom
2024-08-18 09:17:54,474 [Worker-14: Updating Maven Project] INFO  o.e.m.c.i.e.AbstractTransferListenerAdapter - Downloaded http://maven.vie.sst.stp/content/groups/approved/com/sun/istack/istack-commons-runtime/4.1.2/istack-commons-runtime-4.1.2.pom
2024-08-18 09:17:54,573 [Worker-13: reload maven project] INFO  o.e.m.c.i.e.AbstractTransferListenerAdapter - Downloading http://maven.vie.sst.stp/content/groups/approved/com/sun/istack/istack-commons/4.1.2/istack-commons-4.1.2.pom
2024-08-18 09:17:54,648 [Worker-14: Updating Maven Project] INFO  o.e.m.c.i.e.AbstractTransferListenerAdapter - Downloading http://maven.vie.sst.stp/content/groups/approved/com/sun/istack/istack-commons/4.1.2/istack-commons-4.1.2.pom
2024-08-18 09:17:54,830 [Worker-13: reload maven project] INFO  o.e.m.c.i.e.AbstractTransferListenerAdapter - Downloaded http://maven.vie.sst.stp/content/groups/approved/com/sun/istack/istack-commons/4.1.2/istack-commons-4.1.2.pom
2024-08-18 09:17:54,915 [Worker-14: Updating Maven Project] INFO  o.e.m.c.i.e.AbstractTransferListenerAdapter - Downloaded http://maven.vie.sst.stp/content/groups/approved/com/sun/istack/istack-commons/4.1.2/istack-commons-4.1.2.pom
2024-08-18 09:17:55,092 [Worker-14: Updating Maven Project] INFO  o.e.m.c.i.e.AbstractTransferListenerAdapter - Downloading http://maven.vie.sst.stp/content/groups/approved/jakarta/inject/jakarta.inject-api/2.0.1/jakarta.inject-api-2.0.1.pom
2024-08-18 09:17:55,093 [Worker-13: reload maven project] INFO  o.e.m.c.i.e.AbstractTransferListenerAdapter - Downloading http://maven.vie.sst.stp/content/groups/approved/jakarta/inject/jakarta.inject-api/2.0.1/jakarta.inject-api-2.0.1.pom
2024-08-18 09:17:55,349 [Worker-14: Updating Maven Project] INFO  o.e.m.c.i.e.AbstractTransferListenerAdapter - Downloaded http://maven.vie.sst.stp/content/groups/approved/jakarta/inject/jakarta.inject-api/2.0.1/jakarta.inject-api-2.0.1.pom
2024-08-18 09:17:55,432 [Worker-13: reload maven project] INFO  o.e.m.c.i.e.AbstractTransferListenerAdapter - Downloaded http://maven.vie.sst.stp/content/groups/approved/jakarta/inject/jakarta.inject-api/2.0.1/jakarta.inject-api-2.0.1.pom
2024-08-18 09:17:55,607 [Worker-14: Updating Maven Project] INFO  o.e.m.c.i.e.AbstractTransferListenerAdapter - Downloading http://maven.vie.sst.stp/content/groups/approved/org/antlr/antlr4-runtime/4.13.0/antlr4-runtime-4.13.0.pom
2024-08-18 09:17:55,607 [Worker-13: reload maven project] INFO  o.e.m.c.i.e.AbstractTransferListenerAdapter - Downloading http://maven.vie.sst.stp/content/groups/approved/org/antlr/antlr4-runtime/4.13.0/antlr4-runtime-4.13.0.pom
2024-08-18 09:17:55,945 [Worker-13: reload maven project] INFO  o.e.m.c.i.e.AbstractTransferListenerAdapter - Downloaded http://maven.vie.sst.stp/content/groups/approved/org/antlr/antlr4-runtime/4.13.0/antlr4-runtime-4.13.0.pom
2024-08-18 09:17:55,949 [Worker-14: Updating Maven Project] INFO  o.e.m.c.i.e.AbstractTransferListenerAdapter - Downloaded http://maven.vie.sst.stp/content/groups/approved/org/antlr/antlr4-runtime/4.13.0/antlr4-runtime-4.13.0.pom
2024-08-18 09:17:56,205 [Worker-13: reload maven project] INFO  o.e.m.c.i.e.AbstractTransferListenerAdapter - Downloading http://maven.vie.sst.stp/content/groups/approved/org/antlr/antlr4-master/4.13.0/antlr4-master-4.13.0.pom
2024-08-18 09:17:56,281 [Worker-14: Updating Maven Project] INFO  o.e.m.c.i.e.AbstractTransferListenerAdapter - Downloading http://maven.vie.sst.stp/content/groups/approved/org/antlr/antlr4-master/4.13.0/antlr4-master-4.13.0.pom
2024-08-18 09:17:56,461 [Worker-13: reload maven project] INFO  o.e.m.c.i.e.AbstractTransferListenerAdapter - Downloaded http://maven.vie.sst.stp/content/groups/approved/org/antlr/antlr4-master/4.13.0/antlr4-master-4.13.0.pom
2024-08-18 09:17:56,541 [Worker-14: Updating Maven Project] INFO  o.e.m.c.i.e.AbstractTransferListenerAdapter - Downloaded http://maven.vie.sst.stp/content/groups/approved/org/antlr/antlr4-master/4.13.0/antlr4-master-4.13.0.pom
2024-08-18 09:17:56,766 [Worker-13: reload maven project] INFO  o.e.m.c.i.e.AbstractTransferListenerAdapter - Downloading http://maven.vie.sst.stp/content/groups/approved/org/springframework/data/spring-data-jpa/3.2.8/spring-data-jpa-3.2.8.pom
2024-08-18 09:17:56,799 [Worker-14: Updating Maven Project] INFO  o.e.m.c.i.e.AbstractTransferListenerAdapter - Downloading http://maven.vie.sst.stp/content/groups/approved/org/springframework/data/spring-data-jpa/3.2.8/spring-data-jpa-3.2.8.pom
2024-08-18 09:17:57,027 [Worker-13: reload maven project] INFO  o.e.m.c.i.e.AbstractTransferListenerAdapter - Downloaded http://maven.vie.sst.stp/content/groups/approved/org/springframework/data/spring-data-jpa/3.2.8/spring-data-jpa-3.2.8.pom
2024-08-18 09:17:57,111 [Worker-14: Updating Maven Project] INFO  o.e.m.c.i.e.AbstractTransferListenerAdapter - Downloaded http://maven.vie.sst.stp/content/groups/approved/org/springframework/data/spring-data-jpa/3.2.8/spring-data-jpa-3.2.8.pom
2024-08-18 09:17:57,328 [Worker-13: reload maven project] INFO  o.e.m.c.i.e.AbstractTransferListenerAdapter - Downloading http://maven.vie.sst.stp/content/groups/approved/org/springframework/data/spring-data-jpa-parent/3.2.8/spring-data-jpa-parent-3.2.8.pom
2024-08-18 09:17:57,363 [Worker-14: Updating Maven Project] INFO  o.e.m.c.i.e.AbstractTransferListenerAdapter - Downloading http://maven.vie.sst.stp/content/groups/approved/org/springframework/data/spring-data-jpa-parent/3.2.8/spring-data-jpa-parent-3.2.8.pom
2024-08-18 09:17:57,585 [Worker-13: reload maven project] INFO  o.e.m.c.i.e.AbstractTransferListenerAdapter - Downloaded http://maven.vie.sst.stp/content/groups/approved/org/springframework/data/spring-data-jpa-parent/3.2.8/spring-data-jpa-parent-3.2.8.pom
2024-08-18 09:17:57,666 [Worker-14: Updating Maven Project] INFO  o.e.m.c.i.e.AbstractTransferListenerAdapter - Downloaded http://maven.vie.sst.stp/content/groups/approved/org/springframework/data/spring-data-jpa-parent/3.2.8/spring-data-jpa-parent-3.2.8.pom
2024-08-18 09:17:57,900 [Worker-13: reload maven project] INFO  o.e.m.c.i.e.AbstractTransferListenerAdapter - Downloading http://maven.vie.sst.stp/content/groups/approved/org/springframework/data/build/spring-data-parent/3.2.8/spring-data-parent-3.2.8.pom
2024-08-18 09:17:57,926 [Worker-14: Updating Maven Project] INFO  o.e.m.c.i.e.AbstractTransferListenerAdapter - Downloading http://maven.vie.sst.stp/content/groups/approved/org/springframework/data/build/spring-data-parent/3.2.8/spring-data-parent-3.2.8.pom
2024-08-18 09:17:58,160 [Worker-13: reload maven project] INFO  o.e.m.c.i.e.AbstractTransferListenerAdapter - Downloaded http://maven.vie.sst.stp/content/groups/approved/org/springframework/data/build/spring-data-parent/3.2.8/spring-data-parent-3.2.8.pom
2024-08-18 09:17:58,246 [Worker-14: Updating Maven Project] INFO  o.e.m.c.i.e.AbstractTransferListenerAdapter - Downloaded http://maven.vie.sst.stp/content/groups/approved/org/springframework/data/build/spring-data-parent/3.2.8/spring-data-parent-3.2.8.pom
2024-08-18 09:17:58,463 [Worker-13: reload maven project] INFO  o.e.m.c.i.e.AbstractTransferListenerAdapter - Downloading http://maven.vie.sst.stp/content/groups/approved/org/springframework/data/build/spring-data-build/3.2.8/spring-data-build-3.2.8.pom
2024-08-18 09:17:58,463 [Worker-14: Updating Maven Project] INFO  o.e.m.c.i.e.AbstractTransferListenerAdapter - Downloading http://maven.vie.sst.stp/content/groups/approved/org/springframework/data/build/spring-data-build/3.2.8/spring-data-build-3.2.8.pom
2024-08-18 09:17:58,722 [Worker-14: Updating Maven Project] INFO  o.e.m.c.i.e.AbstractTransferListenerAdapter - Downloaded http://maven.vie.sst.stp/content/groups/approved/org/springframework/data/build/spring-data-build/3.2.8/spring-data-build-3.2.8.pom
2024-08-18 09:17:58,805 [Worker-13: reload maven project] INFO  o.e.m.c.i.e.AbstractTransferListenerAdapter - Downloaded http://maven.vie.sst.stp/content/groups/approved/org/springframework/data/build/spring-data-build/3.2.8/spring-data-build-3.2.8.pom
2024-08-18 09:17:58,983 [Worker-13: reload maven project] INFO  o.e.m.c.i.e.AbstractTransferListenerAdapter - Downloading http://maven.vie.sst.stp/content/groups/approved/io/projectreactor/reactor-bom/2023.0.7/reactor-bom-2023.0.7.pom
2024-08-18 09:17:58,984 [Worker-14: Updating Maven Project] INFO  o.e.m.c.i.e.AbstractTransferListenerAdapter - Downloading http://maven.vie.sst.stp/content/groups/approved/io/projectreactor/reactor-bom/2023.0.7/reactor-bom-2023.0.7.pom
2024-08-18 09:17:59,241 [Worker-14: Updating Maven Project] INFO  o.e.m.c.i.e.AbstractTransferListenerAdapter - Downloaded http://maven.vie.sst.stp/content/groups/approved/io/projectreactor/reactor-bom/2023.0.7/reactor-bom-2023.0.7.pom
2024-08-18 09:17:59,321 [Worker-13: reload maven project] INFO  o.e.m.c.i.e.AbstractTransferListenerAdapter - Downloaded http://maven.vie.sst.stp/content/groups/approved/io/projectreactor/reactor-bom/2023.0.7/reactor-bom-2023.0.7.pom
2024-08-18 09:17:59,507 [Worker-14: Updating Maven Project] INFO  o.e.m.c.i.e.AbstractTransferListenerAdapter - Downloading http://maven.vie.sst.stp/content/groups/approved/org/springframework/spring-framework-bom/6.1.9/spring-framework-bom-6.1.9.pom
2024-08-18 09:17:59,577 [Worker-13: reload maven project] INFO  o.e.m.c.i.e.AbstractTransferListenerAdapter - Downloading http://maven.vie.sst.stp/content/groups/approved/org/springframework/spring-framework-bom/6.1.9/spring-framework-bom-6.1.9.pom
2024-08-18 09:17:59,762 [Worker-14: Updating Maven Project] INFO  o.e.m.c.i.e.AbstractTransferListenerAdapter - Downloaded http://maven.vie.sst.stp/content/groups/approved/org/springframework/spring-framework-bom/6.1.9/spring-framework-bom-6.1.9.pom
2024-08-18 09:17:59,844 [Worker-13: reload maven project] INFO  o.e.m.c.i.e.AbstractTransferListenerAdapter - Downloaded http://maven.vie.sst.stp/content/groups/approved/org/springframework/spring-framework-bom/6.1.9/spring-framework-bom-6.1.9.pom
2024-08-18 09:18:00,067 [Worker-14: Updating Maven Project] INFO  o.e.m.c.i.e.AbstractTransferListenerAdapter - Downloading http://maven.vie.sst.stp/content/groups/approved/org/springframework/data/spring-data-commons/3.2.8/spring-data-commons-3.2.8.pom
2024-08-18 09:18:00,106 [Worker-13: reload maven project] INFO  o.e.m.c.i.e.AbstractTransferListenerAdapter - Downloading http://maven.vie.sst.stp/content/groups/approved/org/springframework/data/spring-data-commons/3.2.8/spring-data-commons-3.2.8.pom
2024-08-18 09:18:00,323 [Worker-14: Updating Maven Project] INFO  o.e.m.c.i.e.AbstractTransferListenerAdapter - Downloaded http://maven.vie.sst.stp/content/groups/approved/org/springframework/data/spring-data-commons/3.2.8/spring-data-commons-3.2.8.pom
2024-08-18 09:18:00,405 [Worker-13: reload maven project] INFO  o.e.m.c.i.e.AbstractTransferListenerAdapter - Downloaded http://maven.vie.sst.stp/content/groups/approved/org/springframework/data/spring-data-commons/3.2.8/spring-data-commons-3.2.8.pom
2024-08-18 09:18:00,595 [Worker-14: Updating Maven Project] INFO  o.e.m.c.i.e.AbstractTransferListenerAdapter - Downloading http://maven.vie.sst.stp/content/groups/approved/org/springframework/spring-orm/6.1.11/spring-orm-6.1.11.pom
2024-08-18 09:18:00,659 [Worker-13: reload maven project] INFO  o.e.m.c.i.e.AbstractTransferListenerAdapter - Downloading http://maven.vie.sst.stp/content/groups/approved/org/springframework/spring-orm/6.1.11/spring-orm-6.1.11.pom
2024-08-18 09:18:00,851 [Worker-14: Updating Maven Project] INFO  o.e.m.c.i.e.AbstractTransferListenerAdapter - Downloaded http://maven.vie.sst.stp/content/groups/approved/org/springframework/spring-orm/6.1.11/spring-orm-6.1.11.pom
2024-08-18 09:18:00,935 [Worker-13: reload maven project] INFO  o.e.m.c.i.e.AbstractTransferListenerAdapter - Downloaded http://maven.vie.sst.stp/content/groups/approved/org/springframework/spring-orm/6.1.11/spring-orm-6.1.11.pom
2024-08-18 09:18:01,168 [Worker-14: Updating Maven Project] INFO  o.e.m.c.i.e.AbstractTransferListenerAdapter - Downloading http://maven.vie.sst.stp/content/groups/approved/org/springframework/spring-aspects/6.1.11/spring-aspects-6.1.11.pom
2024-08-18 09:18:01,192 [Worker-13: reload maven project] INFO  o.e.m.c.i.e.AbstractTransferListenerAdapter - Downloading http://maven.vie.sst.stp/content/groups/approved/org/springframework/spring-aspects/6.1.11/spring-aspects-6.1.11.pom
2024-08-18 09:18:01,423 [Worker-14: Updating Maven Project] INFO  o.e.m.c.i.e.AbstractTransferListenerAdapter - Downloaded http://maven.vie.sst.stp/content/groups/approved/org/springframework/spring-aspects/6.1.11/spring-aspects-6.1.11.pom
2024-08-18 09:18:01,506 [Worker-13: reload maven project] INFO  o.e.m.c.i.e.AbstractTransferListenerAdapter - Downloaded http://maven.vie.sst.stp/content/groups/approved/org/springframework/spring-aspects/6.1.11/spring-aspects-6.1.11.pom
2024-08-18 09:18:01,805 [Worker-14: Updating Maven Project] INFO  o.e.m.c.i.e.AbstractTransferListenerAdapter - Downloading http://maven.vie.sst.stp/content/groups/approved/org/springframework/boot/spring-boot-starter-web/3.2.8/spring-boot-starter-web-3.2.8.pom
2024-08-18 09:18:01,806 [Worker-13: reload maven project] INFO  o.e.m.c.i.e.AbstractTransferListenerAdapter - Downloading http://maven.vie.sst.stp/content/groups/approved/org/springframework/boot/spring-boot-starter-web/3.2.8/spring-boot-starter-web-3.2.8.pom
2024-08-18 09:18:02,061 [Worker-14: Updating Maven Project] INFO  o.e.m.c.i.e.AbstractTransferListenerAdapter - Downloaded http://maven.vie.sst.stp/content/groups/approved/org/springframework/boot/spring-boot-starter-web/3.2.8/spring-boot-starter-web-3.2.8.pom
2024-08-18 09:18:02,143 [Worker-13: reload maven project] INFO  o.e.m.c.i.e.AbstractTransferListenerAdapter - Downloaded http://maven.vie.sst.stp/content/groups/approved/org/springframework/boot/spring-boot-starter-web/3.2.8/spring-boot-starter-web-3.2.8.pom
2024-08-18 09:18:02,360 [Worker-14: Updating Maven Project] INFO  o.e.m.c.i.e.AbstractTransferListenerAdapter - Downloading http://maven.vie.sst.stp/content/groups/approved/org/springframework/boot/spring-boot-starter-json/3.2.8/spring-boot-starter-json-3.2.8.pom
2024-08-18 09:18:02,399 [Worker-13: reload maven project] INFO  o.e.m.c.i.e.AbstractTransferListenerAdapter - Downloading http://maven.vie.sst.stp/content/groups/approved/org/springframework/boot/spring-boot-starter-json/3.2.8/spring-boot-starter-json-3.2.8.pom
2024-08-18 09:18:02,615 [Worker-14: Updating Maven Project] INFO  o.e.m.c.i.e.AbstractTransferListenerAdapter - Downloaded http://maven.vie.sst.stp/content/groups/approved/org/springframework/boot/spring-boot-starter-json/3.2.8/spring-boot-starter-json-3.2.8.pom
2024-08-18 09:18:02,697 [Worker-13: reload maven project] INFO  o.e.m.c.i.e.AbstractTransferListenerAdapter - Downloaded http://maven.vie.sst.stp/content/groups/approved/org/springframework/boot/spring-boot-starter-json/3.2.8/spring-boot-starter-json-3.2.8.pom
2024-08-18 09:18:02,882 [Worker-14: Updating Maven Project] INFO  o.e.m.c.i.e.AbstractTransferListenerAdapter - Downloading http://maven.vie.sst.stp/content/groups/approved/org/springframework/spring-web/6.1.11/spring-web-6.1.11.pom
2024-08-18 09:18:02,951 [Worker-13: reload maven project] INFO  o.e.m.c.i.e.AbstractTransferListenerAdapter - Downloading http://maven.vie.sst.stp/content/groups/approved/org/springframework/spring-web/6.1.11/spring-web-6.1.11.pom
2024-08-18 09:18:03,136 [Worker-14: Updating Maven Project] INFO  o.e.m.c.i.e.AbstractTransferListenerAdapter - Downloaded http://maven.vie.sst.stp/content/groups/approved/org/springframework/spring-web/6.1.11/spring-web-6.1.11.pom
2024-08-18 09:18:03,215 [Worker-13: reload maven project] INFO  o.e.m.c.i.e.AbstractTransferListenerAdapter - Downloaded http://maven.vie.sst.stp/content/groups/approved/org/springframework/spring-web/6.1.11/spring-web-6.1.11.pom
2024-08-18 09:18:03,403 [Worker-14: Updating Maven Project] INFO  o.e.m.c.i.e.AbstractTransferListenerAdapter - Downloading http://maven.vie.sst.stp/content/groups/approved/com/fasterxml/jackson/core/jackson-databind/2.15.4/jackson-databind-2.15.4.pom
2024-08-18 09:18:03,471 [Worker-13: reload maven project] INFO  o.e.m.c.i.e.AbstractTransferListenerAdapter - Downloading http://maven.vie.sst.stp/content/groups/approved/com/fasterxml/jackson/core/jackson-databind/2.15.4/jackson-databind-2.15.4.pom
2024-08-18 09:18:03,658 [Worker-14: Updating Maven Project] INFO  o.e.m.c.i.e.AbstractTransferListenerAdapter - Downloaded http://maven.vie.sst.stp/content/groups/approved/com/fasterxml/jackson/core/jackson-databind/2.15.4/jackson-databind-2.15.4.pom
2024-08-18 09:18:03,739 [Worker-13: reload maven project] INFO  o.e.m.c.i.e.AbstractTransferListenerAdapter - Downloaded http://maven.vie.sst.stp/content/groups/approved/com/fasterxml/jackson/core/jackson-databind/2.15.4/jackson-databind-2.15.4.pom
2024-08-18 09:18:04,089 [Worker-14: Updating Maven Project] INFO  o.e.m.c.i.e.AbstractTransferListenerAdapter - Downloading http://maven.vie.sst.stp/content/groups/approved/com/fasterxml/jackson/jackson-base/2.15.4/jackson-base-2.15.4.pom
2024-08-18 09:18:04,160 [Worker-13: reload maven project] INFO  o.e.m.c.i.e.AbstractTransferListenerAdapter - Downloading http://maven.vie.sst.stp/content/groups/approved/com/fasterxml/jackson/jackson-base/2.15.4/jackson-base-2.15.4.pom
2024-08-18 09:18:04,343 [Worker-14: Updating Maven Project] INFO  o.e.m.c.i.e.AbstractTransferListenerAdapter - Downloaded http://maven.vie.sst.stp/content/groups/approved/com/fasterxml/jackson/jackson-base/2.15.4/jackson-base-2.15.4.pom
2024-08-18 09:18:04,425 [Worker-13: reload maven project] INFO  o.e.m.c.i.e.AbstractTransferListenerAdapter - Downloaded http://maven.vie.sst.stp/content/groups/approved/com/fasterxml/jackson/jackson-base/2.15.4/jackson-base-2.15.4.pom
2024-08-18 09:18:04,611 [Worker-14: Updating Maven Project] INFO  o.e.m.c.i.e.AbstractTransferListenerAdapter - Downloading http://maven.vie.sst.stp/content/groups/approved/com/fasterxml/jackson/core/jackson-annotations/2.15.4/jackson-annotations-2.15.4.pom
2024-08-18 09:18:04,682 [Worker-13: reload maven project] INFO  o.e.m.c.i.e.AbstractTransferListenerAdapter - Downloading http://maven.vie.sst.stp/content/groups/approved/com/fasterxml/jackson/core/jackson-annotations/2.15.4/jackson-annotations-2.15.4.pom
2024-08-18 09:18:04,866 [Worker-14: Updating Maven Project] INFO  o.e.m.c.i.e.AbstractTransferListenerAdapter - Downloaded http://maven.vie.sst.stp/content/groups/approved/com/fasterxml/jackson/core/jackson-annotations/2.15.4/jackson-annotations-2.15.4.pom
2024-08-18 09:18:04,950 [Worker-13: reload maven project] INFO  o.e.m.c.i.e.AbstractTransferListenerAdapter - Downloaded http://maven.vie.sst.stp/content/groups/approved/com/fasterxml/jackson/core/jackson-annotations/2.15.4/jackson-annotations-2.15.4.pom
2024-08-18 09:18:05,132 [Worker-14: Updating Maven Project] INFO  o.e.m.c.i.e.AbstractTransferListenerAdapter - Downloading http://maven.vie.sst.stp/content/groups/approved/com/fasterxml/jackson/core/jackson-core/2.15.4/jackson-core-2.15.4.pom
2024-08-18 09:18:05,202 [Worker-13: reload maven project] INFO  o.e.m.c.i.e.AbstractTransferListenerAdapter - Downloading http://maven.vie.sst.stp/content/groups/approved/com/fasterxml/jackson/core/jackson-core/2.15.4/jackson-core-2.15.4.pom
2024-08-18 09:18:05,386 [Worker-14: Updating Maven Project] INFO  o.e.m.c.i.e.AbstractTransferListenerAdapter - Downloaded http://maven.vie.sst.stp/content/groups/approved/com/fasterxml/jackson/core/jackson-core/2.15.4/jackson-core-2.15.4.pom
2024-08-18 09:18:05,469 [Worker-13: reload maven project] INFO  o.e.m.c.i.e.AbstractTransferListenerAdapter - Downloaded http://maven.vie.sst.stp/content/groups/approved/com/fasterxml/jackson/core/jackson-core/2.15.4/jackson-core-2.15.4.pom
2024-08-18 09:18:05,654 [Worker-14: Updating Maven Project] INFO  o.e.m.c.i.e.AbstractTransferListenerAdapter - Downloading http://maven.vie.sst.stp/content/groups/approved/com/fasterxml/jackson/datatype/jackson-datatype-jdk8/2.15.4/jackson-datatype-jdk8-2.15.4.pom
2024-08-18 09:18:05,724 [Worker-13: reload maven project] INFO  o.e.m.c.i.e.AbstractTransferListenerAdapter - Downloading http://maven.vie.sst.stp/content/groups/approved/com/fasterxml/jackson/datatype/jackson-datatype-jdk8/2.15.4/jackson-datatype-jdk8-2.15.4.pom
2024-08-18 09:18:05,908 [Worker-14: Updating Maven Project] INFO  o.e.m.c.i.e.AbstractTransferListenerAdapter - Downloaded http://maven.vie.sst.stp/content/groups/approved/com/fasterxml/jackson/datatype/jackson-datatype-jdk8/2.15.4/jackson-datatype-jdk8-2.15.4.pom
2024-08-18 09:18:05,990 [Worker-13: reload maven project] INFO  o.e.m.c.i.e.AbstractTransferListenerAdapter - Downloaded http://maven.vie.sst.stp/content/groups/approved/com/fasterxml/jackson/datatype/jackson-datatype-jdk8/2.15.4/jackson-datatype-jdk8-2.15.4.pom
2024-08-18 09:18:06,173 [Worker-14: Updating Maven Project] INFO  o.e.m.c.i.e.AbstractTransferListenerAdapter - Downloading http://maven.vie.sst.stp/content/groups/approved/com/fasterxml/jackson/module/jackson-modules-java8/2.15.4/jackson-modules-java8-2.15.4.pom
2024-08-18 09:18:06,179 [Worker-13: reload maven project] INFO  o.e.m.c.i.e.AbstractTransferListenerAdapter - Downloading http://maven.vie.sst.stp/content/groups/approved/com/fasterxml/jackson/module/jackson-modules-java8/2.15.4/jackson-modules-java8-2.15.4.pom
2024-08-18 09:18:06,593 [Worker-14: Updating Maven Project] INFO  o.e.m.c.i.e.AbstractTransferListenerAdapter - Downloaded http://maven.vie.sst.stp/content/groups/approved/com/fasterxml/jackson/module/jackson-modules-java8/2.15.4/jackson-modules-java8-2.15.4.pom
2024-08-18 09:18:06,675 [Worker-13: reload maven project] INFO  o.e.m.c.i.e.AbstractTransferListenerAdapter - Downloaded http://maven.vie.sst.stp/content/groups/approved/com/fasterxml/jackson/module/jackson-modules-java8/2.15.4/jackson-modules-java8-2.15.4.pom
2024-08-18 09:18:06,868 [Worker-14: Updating Maven Project] INFO  o.e.m.c.i.e.AbstractTransferListenerAdapter - Downloading http://maven.vie.sst.stp/content/groups/approved/com/fasterxml/jackson/datatype/jackson-datatype-jsr310/2.15.4/jackson-datatype-jsr310-2.15.4.pom
2024-08-18 09:18:06,938 [Worker-13: reload maven project] INFO  o.e.m.c.i.e.AbstractTransferListenerAdapter - Downloading http://maven.vie.sst.stp/content/groups/approved/com/fasterxml/jackson/datatype/jackson-datatype-jsr310/2.15.4/jackson-datatype-jsr310-2.15.4.pom
2024-08-18 09:18:07,122 [Worker-14: Updating Maven Project] INFO  o.e.m.c.i.e.AbstractTransferListenerAdapter - Downloaded http://maven.vie.sst.stp/content/groups/approved/com/fasterxml/jackson/datatype/jackson-datatype-jsr310/2.15.4/jackson-datatype-jsr310-2.15.4.pom
2024-08-18 09:18:07,205 [Worker-13: reload maven project] INFO  o.e.m.c.i.e.AbstractTransferListenerAdapter - Downloaded http://maven.vie.sst.stp/content/groups/approved/com/fasterxml/jackson/datatype/jackson-datatype-jsr310/2.15.4/jackson-datatype-jsr310-2.15.4.pom
2024-08-18 09:18:07,394 [Worker-13: reload maven project] INFO  o.e.m.c.i.e.AbstractTransferListenerAdapter - Downloading http://maven.vie.sst.stp/content/groups/approved/com/fasterxml/jackson/module/jackson-module-parameter-names/2.15.4/jackson-module-parameter-names-2.15.4.pom
2024-08-18 09:18:07,394 [Worker-14: Updating Maven Project] INFO  o.e.m.c.i.e.AbstractTransferListenerAdapter - Downloading http://maven.vie.sst.stp/content/groups/approved/com/fasterxml/jackson/module/jackson-module-parameter-names/2.15.4/jackson-module-parameter-names-2.15.4.pom
2024-08-18 09:18:07,729 [Worker-14: Updating Maven Project] INFO  o.e.m.c.i.e.AbstractTransferListenerAdapter - Downloaded http://maven.vie.sst.stp/content/groups/approved/com/fasterxml/jackson/module/jackson-module-parameter-names/2.15.4/jackson-module-parameter-names-2.15.4.pom
2024-08-18 09:18:07,740 [Worker-13: reload maven project] INFO  o.e.m.c.i.e.AbstractTransferListenerAdapter - Downloaded http://maven.vie.sst.stp/content/groups/approved/com/fasterxml/jackson/module/jackson-module-parameter-names/2.15.4/jackson-module-parameter-names-2.15.4.pom
2024-08-18 09:18:08,042 [Worker-14: Updating Maven Project] INFO  o.e.m.c.i.e.AbstractTransferListenerAdapter - Downloading http://maven.vie.sst.stp/content/groups/approved/org/springframework/boot/spring-boot-starter-tomcat/3.2.8/spring-boot-starter-tomcat-3.2.8.pom
2024-08-18 09:18:08,075 [Worker-13: reload maven project] INFO  o.e.m.c.i.e.AbstractTransferListenerAdapter - Downloading http://maven.vie.sst.stp/content/groups/approved/org/springframework/boot/spring-boot-starter-tomcat/3.2.8/spring-boot-starter-tomcat-3.2.8.pom
2024-08-18 09:18:08,296 [Worker-14: Updating Maven Project] INFO  o.e.m.c.i.e.AbstractTransferListenerAdapter - Downloaded http://maven.vie.sst.stp/content/groups/approved/org/springframework/boot/spring-boot-starter-tomcat/3.2.8/spring-boot-starter-tomcat-3.2.8.pom
2024-08-18 09:18:08,377 [Worker-13: reload maven project] INFO  o.e.m.c.i.e.AbstractTransferListenerAdapter - Downloaded http://maven.vie.sst.stp/content/groups/approved/org/springframework/boot/spring-boot-starter-tomcat/3.2.8/spring-boot-starter-tomcat-3.2.8.pom
2024-08-18 09:18:08,488 [Worker-14: Updating Maven Project] INFO  o.e.m.c.i.e.AbstractTransferListenerAdapter - Downloading http://maven.vie.sst.stp/content/groups/approved/org/apache/tomcat/embed/tomcat-embed-core/10.1.26/tomcat-embed-core-10.1.26.pom
2024-08-18 09:18:08,548 [Worker-13: reload maven project] INFO  o.e.m.c.i.e.AbstractTransferListenerAdapter - Downloading http://maven.vie.sst.stp/content/groups/approved/org/apache/tomcat/embed/tomcat-embed-core/10.1.26/tomcat-embed-core-10.1.26.pom
2024-08-18 09:18:08,661 [Worker-14: Updating Maven Project] INFO  o.e.m.c.i.e.AbstractTransferListenerAdapter - Downloaded http://maven.vie.sst.stp/content/groups/approved/org/apache/tomcat/embed/tomcat-embed-core/10.1.26/tomcat-embed-core-10.1.26.pom
2024-08-18 09:18:08,725 [Worker-13: reload maven project] INFO  o.e.m.c.i.e.AbstractTransferListenerAdapter - Downloaded http://maven.vie.sst.stp/content/groups/approved/org/apache/tomcat/embed/tomcat-embed-core/10.1.26/tomcat-embed-core-10.1.26.pom
2024-08-18 09:18:08,870 [Worker-14: Updating Maven Project] INFO  o.e.m.c.i.e.AbstractTransferListenerAdapter - Downloading http://maven.vie.sst.stp/content/groups/approved/org/apache/tomcat/embed/tomcat-embed-el/10.1.26/tomcat-embed-el-10.1.26.pom
2024-08-18 09:18:08,899 [Worker-13: reload maven project] INFO  o.e.m.c.i.e.AbstractTransferListenerAdapter - Downloading http://maven.vie.sst.stp/content/groups/approved/org/apache/tomcat/embed/tomcat-embed-el/10.1.26/tomcat-embed-el-10.1.26.pom
2024-08-18 09:18:09,046 [Worker-14: Updating Maven Project] INFO  o.e.m.c.i.e.AbstractTransferListenerAdapter - Downloaded http://maven.vie.sst.stp/content/groups/approved/org/apache/tomcat/embed/tomcat-embed-el/10.1.26/tomcat-embed-el-10.1.26.pom
2024-08-18 09:18:09,078 [Worker-13: reload maven project] INFO  o.e.m.c.i.e.AbstractTransferListenerAdapter - Downloaded http://maven.vie.sst.stp/content/groups/approved/org/apache/tomcat/embed/tomcat-embed-el/10.1.26/tomcat-embed-el-10.1.26.pom
2024-08-18 09:18:09,232 [Worker-14: Updating Maven Project] INFO  o.e.m.c.i.e.AbstractTransferListenerAdapter - Downloading http://maven.vie.sst.stp/content/groups/approved/org/apache/tomcat/embed/tomcat-embed-websocket/10.1.26/tomcat-embed-websocket-10.1.26.pom
2024-08-18 09:18:09,250 [Worker-13: reload maven project] INFO  o.e.m.c.i.e.AbstractTransferListenerAdapter - Downloading http://maven.vie.sst.stp/content/groups/approved/org/apache/tomcat/embed/tomcat-embed-websocket/10.1.26/tomcat-embed-websocket-10.1.26.pom
2024-08-18 09:18:09,406 [Worker-14: Updating Maven Project] INFO  o.e.m.c.i.e.AbstractTransferListenerAdapter - Downloaded http://maven.vie.sst.stp/content/groups/approved/org/apache/tomcat/embed/tomcat-embed-websocket/10.1.26/tomcat-embed-websocket-10.1.26.pom
2024-08-18 09:18:09,424 [Worker-13: reload maven project] INFO  o.e.m.c.i.e.AbstractTransferListenerAdapter - Downloaded http://maven.vie.sst.stp/content/groups/approved/org/apache/tomcat/embed/tomcat-embed-websocket/10.1.26/tomcat-embed-websocket-10.1.26.pom
2024-08-18 09:18:09,673 [Worker-14: Updating Maven Project] INFO  o.e.m.c.i.e.AbstractTransferListenerAdapter - Downloading http://maven.vie.sst.stp/content/groups/approved/org/springframework/spring-webmvc/6.1.11/spring-webmvc-6.1.11.pom
2024-08-18 09:18:09,743 [Worker-13: reload maven project] INFO  o.e.m.c.i.e.AbstractTransferListenerAdapter - Downloading http://maven.vie.sst.stp/content/groups/approved/org/springframework/spring-webmvc/6.1.11/spring-webmvc-6.1.11.pom
2024-08-18 09:18:09,926 [Worker-14: Updating Maven Project] INFO  o.e.m.c.i.e.AbstractTransferListenerAdapter - Downloaded http://maven.vie.sst.stp/content/groups/approved/org/springframework/spring-webmvc/6.1.11/spring-webmvc-6.1.11.pom
2024-08-18 09:18:10,006 [Worker-13: reload maven project] INFO  o.e.m.c.i.e.AbstractTransferListenerAdapter - Downloaded http://maven.vie.sst.stp/content/groups/approved/org/springframework/spring-webmvc/6.1.11/spring-webmvc-6.1.11.pom
2024-08-18 09:18:10,225 [Worker-14: Updating Maven Project] INFO  o.e.m.c.i.e.AbstractTransferListenerAdapter - Downloading http://maven.vie.sst.stp/content/groups/approved/org/springframework/boot/spring-boot-devtools/3.2.8/spring-boot-devtools-3.2.8.pom
2024-08-18 09:18:10,262 [Worker-13: reload maven project] INFO  o.e.m.c.i.e.AbstractTransferListenerAdapter - Downloading http://maven.vie.sst.stp/content/groups/approved/org/springframework/boot/spring-boot-devtools/3.2.8/spring-boot-devtools-3.2.8.pom
2024-08-18 09:18:10,478 [Worker-14: Updating Maven Project] INFO  o.e.m.c.i.e.AbstractTransferListenerAdapter - Downloaded http://maven.vie.sst.stp/content/groups/approved/org/springframework/boot/spring-boot-devtools/3.2.8/spring-boot-devtools-3.2.8.pom
2024-08-18 09:18:10,561 [Worker-13: reload maven project] INFO  o.e.m.c.i.e.AbstractTransferListenerAdapter - Downloaded http://maven.vie.sst.stp/content/groups/approved/org/springframework/boot/spring-boot-devtools/3.2.8/spring-boot-devtools-3.2.8.pom
2024-08-18 09:18:10,750 [Worker-14: Updating Maven Project] INFO  o.e.m.c.i.e.AbstractTransferListenerAdapter - Downloading http://maven.vie.sst.stp/content/groups/approved/org/postgresql/postgresql/42.6.2/postgresql-42.6.2.pom
2024-08-18 09:18:10,818 [Worker-13: reload maven project] INFO  o.e.m.c.i.e.AbstractTransferListenerAdapter - Downloading http://maven.vie.sst.stp/content/groups/approved/org/postgresql/postgresql/42.6.2/postgresql-42.6.2.pom
2024-08-18 09:18:11,005 [Worker-14: Updating Maven Project] INFO  o.e.m.c.i.e.AbstractTransferListenerAdapter - Downloaded http://maven.vie.sst.stp/content/groups/approved/org/postgresql/postgresql/42.6.2/postgresql-42.6.2.pom
2024-08-18 09:18:11,086 [Worker-13: reload maven project] INFO  o.e.m.c.i.e.AbstractTransferListenerAdapter - Downloaded http://maven.vie.sst.stp/content/groups/approved/org/postgresql/postgresql/42.6.2/postgresql-42.6.2.pom
2024-08-18 09:18:11,272 [Worker-14: Updating Maven Project] INFO  o.e.m.c.i.e.AbstractTransferListenerAdapter - Downloading http://maven.vie.sst.stp/content/groups/approved/org/checkerframework/checker-qual/3.31.0/checker-qual-3.31.0.pom
2024-08-18 09:18:11,347 [Worker-13: reload maven project] INFO  o.e.m.c.i.e.AbstractTransferListenerAdapter - Downloading http://maven.vie.sst.stp/content/groups/approved/org/checkerframework/checker-qual/3.31.0/checker-qual-3.31.0.pom
2024-08-18 09:18:11,529 [Worker-14: Updating Maven Project] INFO  o.e.m.c.i.e.AbstractTransferListenerAdapter - Downloaded http://maven.vie.sst.stp/content/groups/approved/org/checkerframework/checker-qual/3.31.0/checker-qual-3.31.0.pom
2024-08-18 09:18:11,611 [Worker-13: reload maven project] INFO  o.e.m.c.i.e.AbstractTransferListenerAdapter - Downloaded http://maven.vie.sst.stp/content/groups/approved/org/checkerframework/checker-qual/3.31.0/checker-qual-3.31.0.pom
2024-08-18 09:18:11,833 [Worker-14: Updating Maven Project] INFO  o.e.m.c.i.e.AbstractTransferListenerAdapter - Downloading http://maven.vie.sst.stp/content/groups/approved/org/springframework/boot/spring-boot-starter-test/3.2.8/spring-boot-starter-test-3.2.8.pom
2024-08-18 09:18:11,865 [Worker-13: reload maven project] INFO  o.e.m.c.i.e.AbstractTransferListenerAdapter - Downloading http://maven.vie.sst.stp/content/groups/approved/org/springframework/boot/spring-boot-starter-test/3.2.8/spring-boot-starter-test-3.2.8.pom
2024-08-18 09:18:12,088 [Worker-14: Updating Maven Project] INFO  o.e.m.c.i.e.AbstractTransferListenerAdapter - Downloaded http://maven.vie.sst.stp/content/groups/approved/org/springframework/boot/spring-boot-starter-test/3.2.8/spring-boot-starter-test-3.2.8.pom
2024-08-18 09:18:12,169 [Worker-13: reload maven project] INFO  o.e.m.c.i.e.AbstractTransferListenerAdapter - Downloaded http://maven.vie.sst.stp/content/groups/approved/org/springframework/boot/spring-boot-starter-test/3.2.8/spring-boot-starter-test-3.2.8.pom
2024-08-18 09:18:12,392 [Worker-14: Updating Maven Project] INFO  o.e.m.c.i.e.AbstractTransferListenerAdapter - Downloading http://maven.vie.sst.stp/content/groups/approved/org/springframework/boot/spring-boot-test/3.2.8/spring-boot-test-3.2.8.pom
2024-08-18 09:18:12,423 [Worker-13: reload maven project] INFO  o.e.m.c.i.e.AbstractTransferListenerAdapter - Downloading http://maven.vie.sst.stp/content/groups/approved/org/springframework/boot/spring-boot-test/3.2.8/spring-boot-test-3.2.8.pom
2024-08-18 09:18:12,646 [Worker-14: Updating Maven Project] INFO  o.e.m.c.i.e.AbstractTransferListenerAdapter - Downloaded http://maven.vie.sst.stp/content/groups/approved/org/springframework/boot/spring-boot-test/3.2.8/spring-boot-test-3.2.8.pom
2024-08-18 09:18:12,727 [Worker-13: reload maven project] INFO  o.e.m.c.i.e.AbstractTransferListenerAdapter - Downloaded http://maven.vie.sst.stp/content/groups/approved/org/springframework/boot/spring-boot-test/3.2.8/spring-boot-test-3.2.8.pom
2024-08-18 09:18:12,943 [Worker-14: Updating Maven Project] INFO  o.e.m.c.i.e.AbstractTransferListenerAdapter - Downloading http://maven.vie.sst.stp/content/groups/approved/org/springframework/boot/spring-boot-test-autoconfigure/3.2.8/spring-boot-test-autoconfigure-3.2.8.pom
2024-08-18 09:18:12,982 [Worker-13: reload maven project] INFO  o.e.m.c.i.e.AbstractTransferListenerAdapter - Downloading http://maven.vie.sst.stp/content/groups/approved/org/springframework/boot/spring-boot-test-autoconfigure/3.2.8/spring-boot-test-autoconfigure-3.2.8.pom
2024-08-18 09:18:13,197 [Worker-14: Updating Maven Project] INFO  o.e.m.c.i.e.AbstractTransferListenerAdapter - Downloaded http://maven.vie.sst.stp/content/groups/approved/org/springframework/boot/spring-boot-test-autoconfigure/3.2.8/spring-boot-test-autoconfigure-3.2.8.pom
2024-08-18 09:18:13,278 [Worker-13: reload maven project] INFO  o.e.m.c.i.e.AbstractTransferListenerAdapter - Downloaded http://maven.vie.sst.stp/content/groups/approved/org/springframework/boot/spring-boot-test-autoconfigure/3.2.8/spring-boot-test-autoconfigure-3.2.8.pom
2024-08-18 09:18:13,459 [Worker-14: Updating Maven Project] INFO  o.e.m.c.i.e.AbstractTransferListenerAdapter - Downloading http://maven.vie.sst.stp/content/groups/approved/com/jayway/jsonpath/json-path/2.9.0/json-path-2.9.0.pom
2024-08-18 09:18:13,539 [Worker-13: reload maven project] INFO  o.e.m.c.i.e.AbstractTransferListenerAdapter - Downloading http://maven.vie.sst.stp/content/groups/approved/com/jayway/jsonpath/json-path/2.9.0/json-path-2.9.0.pom
2024-08-18 09:18:13,714 [Worker-14: Updating Maven Project] INFO  o.e.m.c.i.e.AbstractTransferListenerAdapter - Downloaded http://maven.vie.sst.stp/content/groups/approved/com/jayway/jsonpath/json-path/2.9.0/json-path-2.9.0.pom
2024-08-18 09:18:13,797 [Worker-13: reload maven project] INFO  o.e.m.c.i.e.AbstractTransferListenerAdapter - Downloaded http://maven.vie.sst.stp/content/groups/approved/com/jayway/jsonpath/json-path/2.9.0/json-path-2.9.0.pom
2024-08-18 09:18:13,974 [Worker-14: Updating Maven Project] INFO  o.e.m.c.i.e.AbstractTransferListenerAdapter - Downloading http://maven.vie.sst.stp/content/groups/approved/net/minidev/json-smart/2.5.1/json-smart-2.5.1.pom
2024-08-18 09:18:14,056 [Worker-13: reload maven project] INFO  o.e.m.c.i.e.AbstractTransferListenerAdapter - Downloading http://maven.vie.sst.stp/content/groups/approved/net/minidev/json-smart/2.5.1/json-smart-2.5.1.pom
2024-08-18 09:18:14,228 [Worker-14: Updating Maven Project] INFO  o.e.m.c.i.e.AbstractTransferListenerAdapter - Downloaded http://maven.vie.sst.stp/content/groups/approved/net/minidev/json-smart/2.5.1/json-smart-2.5.1.pom
2024-08-18 09:18:14,236 [Worker-13: reload maven project] INFO  o.e.m.c.i.e.AbstractTransferListenerAdapter - Downloaded http://maven.vie.sst.stp/content/groups/approved/net/minidev/json-smart/2.5.1/json-smart-2.5.1.pom
2024-08-18 09:18:14,491 [Worker-14: Updating Maven Project] INFO  o.e.m.c.i.e.AbstractTransferListenerAdapter - Downloading http://maven.vie.sst.stp/content/groups/approved/net/minidev/accessors-smart/2.5.1/accessors-smart-2.5.1.pom
2024-08-18 09:18:14,566 [Worker-13: reload maven project] INFO  o.e.m.c.i.e.AbstractTransferListenerAdapter - Downloading http://maven.vie.sst.stp/content/groups/approved/net/minidev/accessors-smart/2.5.1/accessors-smart-2.5.1.pom
2024-08-18 09:18:14,748 [Worker-14: Updating Maven Project] INFO  o.e.m.c.i.e.AbstractTransferListenerAdapter - Downloaded http://maven.vie.sst.stp/content/groups/approved/net/minidev/accessors-smart/2.5.1/accessors-smart-2.5.1.pom
2024-08-18 09:18:14,828 [Worker-13: reload maven project] INFO  o.e.m.c.i.e.AbstractTransferListenerAdapter - Downloaded http://maven.vie.sst.stp/content/groups/approved/net/minidev/accessors-smart/2.5.1/accessors-smart-2.5.1.pom
2024-08-18 09:18:14,925 [Worker-14: Updating Maven Project] INFO  o.e.m.c.i.e.AbstractTransferListenerAdapter - Downloading http://maven.vie.sst.stp/content/groups/approved/org/ow2/asm/asm/9.6/asm-9.6.pom
2024-08-18 09:18:15,002 [Worker-13: reload maven project] INFO  o.e.m.c.i.e.AbstractTransferListenerAdapter - Downloading http://maven.vie.sst.stp/content/groups/approved/org/ow2/asm/asm/9.6/asm-9.6.pom
2024-08-18 09:18:15,102 [Worker-14: Updating Maven Project] INFO  o.e.m.c.i.e.AbstractTransferListenerAdapter - Downloaded http://maven.vie.sst.stp/content/groups/approved/org/ow2/asm/asm/9.6/asm-9.6.pom
2024-08-18 09:18:15,179 [Worker-13: reload maven project] INFO  o.e.m.c.i.e.AbstractTransferListenerAdapter - Downloaded http://maven.vie.sst.stp/content/groups/approved/org/ow2/asm/asm/9.6/asm-9.6.pom
2024-08-18 09:18:15,372 [Worker-14: Updating Maven Project] INFO  o.e.m.c.i.e.AbstractTransferListenerAdapter - Downloading http://maven.vie.sst.stp/content/groups/approved/org/assertj/assertj-core/3.24.2/assertj-core-3.24.2.pom
2024-08-18 09:18:15,440 [Worker-13: reload maven project] INFO  o.e.m.c.i.e.AbstractTransferListenerAdapter - Downloading http://maven.vie.sst.stp/content/groups/approved/org/assertj/assertj-core/3.24.2/assertj-core-3.24.2.pom
2024-08-18 09:18:15,626 [Worker-14: Updating Maven Project] INFO  o.e.m.c.i.e.AbstractTransferListenerAdapter - Downloaded http://maven.vie.sst.stp/content/groups/approved/org/assertj/assertj-core/3.24.2/assertj-core-3.24.2.pom
2024-08-18 09:18:15,721 [Worker-13: reload maven project] INFO  o.e.m.c.i.e.AbstractTransferListenerAdapter - Downloaded http://maven.vie.sst.stp/content/groups/approved/org/assertj/assertj-core/3.24.2/assertj-core-3.24.2.pom
2024-08-18 09:18:15,892 [Worker-14: Updating Maven Project] INFO  o.e.m.c.i.e.AbstractTransferListenerAdapter - Downloading http://maven.vie.sst.stp/content/groups/approved/org/assertj/assertj-parent/3.24.2/assertj-parent-3.24.2.pom
2024-08-18 09:18:15,894 [Worker-13: reload maven project] INFO  o.e.m.c.i.e.AbstractTransferListenerAdapter - Downloading http://maven.vie.sst.stp/content/groups/approved/org/assertj/assertj-parent/3.24.2/assertj-parent-3.24.2.pom
2024-08-18 09:18:16,150 [Worker-14: Updating Maven Project] INFO  o.e.m.c.i.e.AbstractTransferListenerAdapter - Downloaded http://maven.vie.sst.stp/content/groups/approved/org/assertj/assertj-parent/3.24.2/assertj-parent-3.24.2.pom
2024-08-18 09:18:16,230 [Worker-13: reload maven project] INFO  o.e.m.c.i.e.AbstractTransferListenerAdapter - Downloaded http://maven.vie.sst.stp/content/groups/approved/org/assertj/assertj-parent/3.24.2/assertj-parent-3.24.2.pom
2024-08-18 09:18:16,423 [Worker-14: Updating Maven Project] INFO  o.e.m.c.i.e.AbstractTransferListenerAdapter - Downloading http://maven.vie.sst.stp/content/groups/approved/org/assertj/assertj-build/3.24.2/assertj-build-3.24.2.pom
2024-08-18 09:18:16,486 [Worker-13: reload maven project] INFO  o.e.m.c.i.e.AbstractTransferListenerAdapter - Downloading http://maven.vie.sst.stp/content/groups/approved/org/assertj/assertj-build/3.24.2/assertj-build-3.24.2.pom
2024-08-18 09:18:16,683 [Worker-14: Updating Maven Project] INFO  o.e.m.c.i.e.AbstractTransferListenerAdapter - Downloaded http://maven.vie.sst.stp/content/groups/approved/org/assertj/assertj-build/3.24.2/assertj-build-3.24.2.pom
2024-08-18 09:18:16,765 [Worker-13: reload maven project] INFO  o.e.m.c.i.e.AbstractTransferListenerAdapter - Downloaded http://maven.vie.sst.stp/content/groups/approved/org/assertj/assertj-build/3.24.2/assertj-build-3.24.2.pom
2024-08-18 09:18:16,876 [Worker-14: Updating Maven Project] INFO  o.e.m.c.i.e.AbstractTransferListenerAdapter - Downloading http://maven.vie.sst.stp/content/groups/approved/org/awaitility/awaitility/4.2.1/awaitility-4.2.1.pom
2024-08-18 09:18:16,941 [Worker-13: reload maven project] INFO  o.e.m.c.i.e.AbstractTransferListenerAdapter - Downloading http://maven.vie.sst.stp/content/groups/approved/org/awaitility/awaitility/4.2.1/awaitility-4.2.1.pom
2024-08-18 09:18:17,130 [Worker-14: Updating Maven Project] INFO  o.e.m.c.i.e.AbstractTransferListenerAdapter - Downloaded http://maven.vie.sst.stp/content/groups/approved/org/awaitility/awaitility/4.2.1/awaitility-4.2.1.pom
2024-08-18 09:18:17,212 [Worker-13: reload maven project] INFO  o.e.m.c.i.e.AbstractTransferListenerAdapter - Downloaded http://maven.vie.sst.stp/content/groups/approved/org/awaitility/awaitility/4.2.1/awaitility-4.2.1.pom
2024-08-18 09:18:17,390 [Worker-14: Updating Maven Project] INFO  o.e.m.c.i.e.AbstractTransferListenerAdapter - Downloading http://maven.vie.sst.stp/content/groups/approved/org/awaitility/awaitility-parent/4.2.1/awaitility-parent-4.2.1.pom
2024-08-18 09:18:17,466 [Worker-13: reload maven project] INFO  o.e.m.c.i.e.AbstractTransferListenerAdapter - Downloading http://maven.vie.sst.stp/content/groups/approved/org/awaitility/awaitility-parent/4.2.1/awaitility-parent-4.2.1.pom
2024-08-18 09:18:17,657 [Worker-14: Updating Maven Project] INFO  o.e.m.c.i.e.AbstractTransferListenerAdapter - Downloaded http://maven.vie.sst.stp/content/groups/approved/org/awaitility/awaitility-parent/4.2.1/awaitility-parent-4.2.1.pom
2024-08-18 09:18:17,727 [Worker-13: reload maven project] INFO  o.e.m.c.i.e.AbstractTransferListenerAdapter - Downloaded http://maven.vie.sst.stp/content/groups/approved/org/awaitility/awaitility-parent/4.2.1/awaitility-parent-4.2.1.pom
2024-08-18 09:18:17,924 [Worker-14: Updating Maven Project] INFO  o.e.m.c.i.e.AbstractTransferListenerAdapter - Downloading http://maven.vie.sst.stp/content/groups/approved/org/junit/jupiter/junit-jupiter/5.10.3/junit-jupiter-5.10.3.pom
2024-08-18 09:18:17,995 [Worker-13: reload maven project] INFO  o.e.m.c.i.e.AbstractTransferListenerAdapter - Downloading http://maven.vie.sst.stp/content/groups/approved/org/junit/jupiter/junit-jupiter/5.10.3/junit-jupiter-5.10.3.pom
2024-08-18 09:18:18,177 [Worker-14: Updating Maven Project] INFO  o.e.m.c.i.e.AbstractTransferListenerAdapter - Downloaded http://maven.vie.sst.stp/content/groups/approved/org/junit/jupiter/junit-jupiter/5.10.3/junit-jupiter-5.10.3.pom
2024-08-18 09:18:18,259 [Worker-13: reload maven project] INFO  o.e.m.c.i.e.AbstractTransferListenerAdapter - Downloaded http://maven.vie.sst.stp/content/groups/approved/org/junit/jupiter/junit-jupiter/5.10.3/junit-jupiter-5.10.3.pom
2024-08-18 09:18:18,441 [Worker-14: Updating Maven Project] INFO  o.e.m.c.i.e.AbstractTransferListenerAdapter - Downloading http://maven.vie.sst.stp/content/groups/approved/org/junit/jupiter/junit-jupiter-api/5.10.3/junit-jupiter-api-5.10.3.pom
2024-08-18 09:18:18,512 [Worker-13: reload maven project] INFO  o.e.m.c.i.e.AbstractTransferListenerAdapter - Downloading http://maven.vie.sst.stp/content/groups/approved/org/junit/jupiter/junit-jupiter-api/5.10.3/junit-jupiter-api-5.10.3.pom
2024-08-18 09:18:18,695 [Worker-14: Updating Maven Project] INFO  o.e.m.c.i.e.AbstractTransferListenerAdapter - Downloaded http://maven.vie.sst.stp/content/groups/approved/org/junit/jupiter/junit-jupiter-api/5.10.3/junit-jupiter-api-5.10.3.pom
2024-08-18 09:18:18,780 [Worker-13: reload maven project] INFO  o.e.m.c.i.e.AbstractTransferListenerAdapter - Downloaded http://maven.vie.sst.stp/content/groups/approved/org/junit/jupiter/junit-jupiter-api/5.10.3/junit-jupiter-api-5.10.3.pom
2024-08-18 09:18:18,874 [Worker-14: Updating Maven Project] INFO  o.e.m.c.i.e.AbstractTransferListenerAdapter - Downloading http://maven.vie.sst.stp/content/groups/approved/org/opentest4j/opentest4j/1.3.0/opentest4j-1.3.0.pom
2024-08-18 09:18:18,952 [Worker-13: reload maven project] INFO  o.e.m.c.i.e.AbstractTransferListenerAdapter - Downloading http://maven.vie.sst.stp/content/groups/approved/org/opentest4j/opentest4j/1.3.0/opentest4j-1.3.0.pom
2024-08-18 09:18:19,128 [Worker-14: Updating Maven Project] INFO  o.e.m.c.i.e.AbstractTransferListenerAdapter - Downloaded http://maven.vie.sst.stp/content/groups/approved/org/opentest4j/opentest4j/1.3.0/opentest4j-1.3.0.pom
2024-08-18 09:18:19,210 [Worker-13: reload maven project] INFO  o.e.m.c.i.e.AbstractTransferListenerAdapter - Downloaded http://maven.vie.sst.stp/content/groups/approved/org/opentest4j/opentest4j/1.3.0/opentest4j-1.3.0.pom
2024-08-18 09:18:19,393 [Worker-14: Updating Maven Project] INFO  o.e.m.c.i.e.AbstractTransferListenerAdapter - Downloading http://maven.vie.sst.stp/content/groups/approved/org/junit/platform/junit-platform-commons/1.10.3/junit-platform-commons-1.10.3.pom
2024-08-18 09:18:19,463 [Worker-13: reload maven project] INFO  o.e.m.c.i.e.AbstractTransferListenerAdapter - Downloading http://maven.vie.sst.stp/content/groups/approved/org/junit/platform/junit-platform-commons/1.10.3/junit-platform-commons-1.10.3.pom
2024-08-18 09:18:19,647 [Worker-14: Updating Maven Project] INFO  o.e.m.c.i.e.AbstractTransferListenerAdapter - Downloaded http://maven.vie.sst.stp/content/groups/approved/org/junit/platform/junit-platform-commons/1.10.3/junit-platform-commons-1.10.3.pom
2024-08-18 09:18:19,728 [Worker-13: reload maven project] INFO  o.e.m.c.i.e.AbstractTransferListenerAdapter - Downloaded http://maven.vie.sst.stp/content/groups/approved/org/junit/platform/junit-platform-commons/1.10.3/junit-platform-commons-1.10.3.pom
2024-08-18 09:18:19,913 [Worker-14: Updating Maven Project] INFO  o.e.m.c.i.e.AbstractTransferListenerAdapter - Downloading http://maven.vie.sst.stp/content/groups/approved/org/junit/jupiter/junit-jupiter-params/5.10.3/junit-jupiter-params-5.10.3.pom
2024-08-18 09:18:19,984 [Worker-13: reload maven project] INFO  o.e.m.c.i.e.AbstractTransferListenerAdapter - Downloading http://maven.vie.sst.stp/content/groups/approved/org/junit/jupiter/junit-jupiter-params/5.10.3/junit-jupiter-params-5.10.3.pom
2024-08-18 09:18:20,168 [Worker-14: Updating Maven Project] INFO  o.e.m.c.i.e.AbstractTransferListenerAdapter - Downloaded http://maven.vie.sst.stp/content/groups/approved/org/junit/jupiter/junit-jupiter-params/5.10.3/junit-jupiter-params-5.10.3.pom
2024-08-18 09:18:20,248 [Worker-13: reload maven project] INFO  o.e.m.c.i.e.AbstractTransferListenerAdapter - Downloaded http://maven.vie.sst.stp/content/groups/approved/org/junit/jupiter/junit-jupiter-params/5.10.3/junit-jupiter-params-5.10.3.pom
2024-08-18 09:18:20,434 [Worker-14: Updating Maven Project] INFO  o.e.m.c.i.e.AbstractTransferListenerAdapter - Downloading http://maven.vie.sst.stp/content/groups/approved/org/junit/jupiter/junit-jupiter-engine/5.10.3/junit-jupiter-engine-5.10.3.pom
2024-08-18 09:18:20,503 [Worker-13: reload maven project] INFO  o.e.m.c.i.e.AbstractTransferListenerAdapter - Downloading http://maven.vie.sst.stp/content/groups/approved/org/junit/jupiter/junit-jupiter-engine/5.10.3/junit-jupiter-engine-5.10.3.pom
2024-08-18 09:18:20,688 [Worker-14: Updating Maven Project] INFO  o.e.m.c.i.e.AbstractTransferListenerAdapter - Downloaded http://maven.vie.sst.stp/content/groups/approved/org/junit/jupiter/junit-jupiter-engine/5.10.3/junit-jupiter-engine-5.10.3.pom
2024-08-18 09:18:20,770 [Worker-13: reload maven project] INFO  o.e.m.c.i.e.AbstractTransferListenerAdapter - Downloaded http://maven.vie.sst.stp/content/groups/approved/org/junit/jupiter/junit-jupiter-engine/5.10.3/junit-jupiter-engine-5.10.3.pom
2024-08-18 09:18:20,954 [Worker-14: Updating Maven Project] INFO  o.e.m.c.i.e.AbstractTransferListenerAdapter - Downloading http://maven.vie.sst.stp/content/groups/approved/org/junit/platform/junit-platform-engine/1.10.3/junit-platform-engine-1.10.3.pom
2024-08-18 09:18:21,023 [Worker-13: reload maven project] INFO  o.e.m.c.i.e.AbstractTransferListenerAdapter - Downloading http://maven.vie.sst.stp/content/groups/approved/org/junit/platform/junit-platform-engine/1.10.3/junit-platform-engine-1.10.3.pom
2024-08-18 09:18:21,208 [Worker-14: Updating Maven Project] INFO  o.e.m.c.i.e.AbstractTransferListenerAdapter - Downloaded http://maven.vie.sst.stp/content/groups/approved/org/junit/platform/junit-platform-engine/1.10.3/junit-platform-engine-1.10.3.pom
2024-08-18 09:18:21,293 [Worker-13: reload maven project] INFO  o.e.m.c.i.e.AbstractTransferListenerAdapter - Downloaded http://maven.vie.sst.stp/content/groups/approved/org/junit/platform/junit-platform-engine/1.10.3/junit-platform-engine-1.10.3.pom
2024-08-18 09:18:21,480 [Worker-14: Updating Maven Project] INFO  o.e.m.c.i.e.AbstractTransferListenerAdapter - Downloading http://maven.vie.sst.stp/content/groups/approved/org/mockito/mockito-core/5.7.0/mockito-core-5.7.0.pom
2024-08-18 09:18:21,480 [Worker-13: reload maven project] INFO  o.e.m.c.i.e.AbstractTransferListenerAdapter - Downloading http://maven.vie.sst.stp/content/groups/approved/org/mockito/mockito-core/5.7.0/mockito-core-5.7.0.pom
2024-08-18 09:18:21,735 [Worker-13: reload maven project] INFO  o.e.m.c.i.e.AbstractTransferListenerAdapter - Downloaded http://maven.vie.sst.stp/content/groups/approved/org/mockito/mockito-core/5.7.0/mockito-core-5.7.0.pom
2024-08-18 09:18:21,817 [Worker-14: Updating Maven Project] INFO  o.e.m.c.i.e.AbstractTransferListenerAdapter - Downloaded http://maven.vie.sst.stp/content/groups/approved/org/mockito/mockito-core/5.7.0/mockito-core-5.7.0.pom
2024-08-18 09:18:22,002 [Worker-13: reload maven project] INFO  o.e.m.c.i.e.AbstractTransferListenerAdapter - Downloading http://maven.vie.sst.stp/content/groups/approved/net/bytebuddy/byte-buddy-agent/1.14.18/byte-buddy-agent-1.14.18.pom
2024-08-18 09:18:22,074 [Worker-14: Updating Maven Project] INFO  o.e.m.c.i.e.AbstractTransferListenerAdapter - Downloading http://maven.vie.sst.stp/content/groups/approved/net/bytebuddy/byte-buddy-agent/1.14.18/byte-buddy-agent-1.14.18.pom
2024-08-18 09:18:22,258 [Worker-13: reload maven project] INFO  o.e.m.c.i.e.AbstractTransferListenerAdapter - Downloaded http://maven.vie.sst.stp/content/groups/approved/net/bytebuddy/byte-buddy-agent/1.14.18/byte-buddy-agent-1.14.18.pom
2024-08-18 09:18:22,342 [Worker-14: Updating Maven Project] INFO  o.e.m.c.i.e.AbstractTransferListenerAdapter - Downloaded http://maven.vie.sst.stp/content/groups/approved/net/bytebuddy/byte-buddy-agent/1.14.18/byte-buddy-agent-1.14.18.pom
2024-08-18 09:18:22,528 [Worker-13: reload maven project] INFO  o.e.m.c.i.e.AbstractTransferListenerAdapter - Downloading http://maven.vie.sst.stp/content/groups/approved/org/objenesis/objenesis/3.3/objenesis-3.3.pom
2024-08-18 09:18:22,528 [Worker-14: Updating Maven Project] INFO  o.e.m.c.i.e.AbstractTransferListenerAdapter - Downloading http://maven.vie.sst.stp/content/groups/approved/org/objenesis/objenesis/3.3/objenesis-3.3.pom
2024-08-18 09:18:22,867 [Worker-13: reload maven project] INFO  o.e.m.c.i.e.AbstractTransferListenerAdapter - Downloaded http://maven.vie.sst.stp/content/groups/approved/org/objenesis/objenesis/3.3/objenesis-3.3.pom
2024-08-18 09:18:22,872 [Worker-14: Updating Maven Project] INFO  o.e.m.c.i.e.AbstractTransferListenerAdapter - Downloaded http://maven.vie.sst.stp/content/groups/approved/org/objenesis/objenesis/3.3/objenesis-3.3.pom
2024-08-18 09:18:23,134 [Worker-13: reload maven project] INFO  o.e.m.c.i.e.AbstractTransferListenerAdapter - Downloading http://maven.vie.sst.stp/content/groups/approved/org/objenesis/objenesis-parent/3.3/objenesis-parent-3.3.pom
2024-08-18 09:18:23,204 [Worker-14: Updating Maven Project] INFO  o.e.m.c.i.e.AbstractTransferListenerAdapter - Downloading http://maven.vie.sst.stp/content/groups/approved/org/objenesis/objenesis-parent/3.3/objenesis-parent-3.3.pom
2024-08-18 09:18:23,389 [Worker-13: reload maven project] INFO  o.e.m.c.i.e.AbstractTransferListenerAdapter - Downloaded http://maven.vie.sst.stp/content/groups/approved/org/objenesis/objenesis-parent/3.3/objenesis-parent-3.3.pom
2024-08-18 09:18:23,471 [Worker-14: Updating Maven Project] INFO  o.e.m.c.i.e.AbstractTransferListenerAdapter - Downloaded http://maven.vie.sst.stp/content/groups/approved/org/objenesis/objenesis-parent/3.3/objenesis-parent-3.3.pom
2024-08-18 09:18:23,660 [Worker-14: Updating Maven Project] INFO  o.e.m.c.i.e.AbstractTransferListenerAdapter - Downloading http://maven.vie.sst.stp/content/groups/approved/org/mockito/mockito-junit-jupiter/5.7.0/mockito-junit-jupiter-5.7.0.pom
2024-08-18 09:18:23,660 [Worker-13: reload maven project] INFO  o.e.m.c.i.e.AbstractTransferListenerAdapter - Downloading http://maven.vie.sst.stp/content/groups/approved/org/mockito/mockito-junit-jupiter/5.7.0/mockito-junit-jupiter-5.7.0.pom
2024-08-18 09:18:23,916 [Worker-14: Updating Maven Project] INFO  o.e.m.c.i.e.AbstractTransferListenerAdapter - Downloaded http://maven.vie.sst.stp/content/groups/approved/org/mockito/mockito-junit-jupiter/5.7.0/mockito-junit-jupiter-5.7.0.pom
2024-08-18 09:18:23,999 [Worker-13: reload maven project] INFO  o.e.m.c.i.e.AbstractTransferListenerAdapter - Downloaded http://maven.vie.sst.stp/content/groups/approved/org/mockito/mockito-junit-jupiter/5.7.0/mockito-junit-jupiter-5.7.0.pom
2024-08-18 09:18:24,183 [Worker-14: Updating Maven Project] INFO  o.e.m.c.i.e.AbstractTransferListenerAdapter - Downloading http://maven.vie.sst.stp/content/groups/approved/org/skyscreamer/jsonassert/1.5.3/jsonassert-1.5.3.pom
2024-08-18 09:18:24,257 [Worker-13: reload maven project] INFO  o.e.m.c.i.e.AbstractTransferListenerAdapter - Downloading http://maven.vie.sst.stp/content/groups/approved/org/skyscreamer/jsonassert/1.5.3/jsonassert-1.5.3.pom
2024-08-18 09:18:24,438 [Worker-14: Updating Maven Project] INFO  o.e.m.c.i.e.AbstractTransferListenerAdapter - Downloaded http://maven.vie.sst.stp/content/groups/approved/org/skyscreamer/jsonassert/1.5.3/jsonassert-1.5.3.pom
2024-08-18 09:18:24,520 [Worker-13: reload maven project] INFO  o.e.m.c.i.e.AbstractTransferListenerAdapter - Downloaded http://maven.vie.sst.stp/content/groups/approved/org/skyscreamer/jsonassert/1.5.3/jsonassert-1.5.3.pom
2024-08-18 09:18:24,708 [Worker-14: Updating Maven Project] INFO  o.e.m.c.i.e.AbstractTransferListenerAdapter - Downloading http://maven.vie.sst.stp/content/groups/approved/org/springframework/spring-test/6.1.11/spring-test-6.1.11.pom
2024-08-18 09:18:24,778 [Worker-13: reload maven project] INFO  o.e.m.c.i.e.AbstractTransferListenerAdapter - Downloading http://maven.vie.sst.stp/content/groups/approved/org/springframework/spring-test/6.1.11/spring-test-6.1.11.pom
2024-08-18 09:18:24,964 [Worker-14: Updating Maven Project] INFO  o.e.m.c.i.e.AbstractTransferListenerAdapter - Downloaded http://maven.vie.sst.stp/content/groups/approved/org/springframework/spring-test/6.1.11/spring-test-6.1.11.pom
2024-08-18 09:18:25,048 [Worker-13: reload maven project] INFO  o.e.m.c.i.e.AbstractTransferListenerAdapter - Downloaded http://maven.vie.sst.stp/content/groups/approved/org/springframework/spring-test/6.1.11/spring-test-6.1.11.pom
2024-08-18 09:18:25,284 [AetherRepositoryConnector-maven.vie.sst.stp-1-0] INFO  o.e.m.c.i.e.AbstractTransferListenerAdapter - Downloading http://maven.vie.sst.stp/content/groups/approved/org/springframework/boot/spring-boot-starter-data-jpa/3.2.8/spring-boot-starter-data-jpa-3.2.8.jar
2024-08-18 09:18:25,324 [AetherRepositoryConnector-maven.vie.sst.stp-2-0] INFO  o.e.m.c.i.e.AbstractTransferListenerAdapter - Downloading http://maven.vie.sst.stp/content/groups/approved/org/springframework/boot/spring-boot-starter-data-jpa/3.2.8/spring-boot-starter-data-jpa-3.2.8.jar
2024-08-18 09:18:25,449 [AetherRepositoryConnector-maven.vie.sst.stp-1-1] INFO  o.e.m.c.i.e.AbstractTransferListenerAdapter - Downloading http://maven.vie.sst.stp/content/groups/approved/org/springframework/boot/spring-boot-starter-aop/3.2.8/spring-boot-starter-aop-3.2.8.jar
2024-08-18 09:18:25,449 [AetherRepositoryConnector-maven.vie.sst.stp-2-1] INFO  o.e.m.c.i.e.AbstractTransferListenerAdapter - Downloading http://maven.vie.sst.stp/content/groups/approved/org/springframework/boot/spring-boot-starter-aop/3.2.8/spring-boot-starter-aop-3.2.8.jar
2024-08-18 09:18:25,529 [AetherRepositoryConnector-maven.vie.sst.stp-1-2] INFO  o.e.m.c.i.e.AbstractTransferListenerAdapter - Downloading http://maven.vie.sst.stp/content/groups/approved/org/springframework/spring-aop/6.1.11/spring-aop-6.1.11.jar
2024-08-18 09:18:25,538 [AetherRepositoryConnector-maven.vie.sst.stp-1-0] INFO  o.e.m.c.i.e.AbstractTransferListenerAdapter - Downloaded http://maven.vie.sst.stp/content/groups/approved/org/springframework/boot/spring-boot-starter-data-jpa/3.2.8/spring-boot-starter-data-jpa-3.2.8.jar
2024-08-18 09:18:25,597 [AetherRepositoryConnector-maven.vie.sst.stp-2-2] INFO  o.e.m.c.i.e.AbstractTransferListenerAdapter - Downloading http://maven.vie.sst.stp/content/groups/approved/org/springframework/spring-aop/6.1.11/spring-aop-6.1.11.jar
2024-08-18 09:18:25,621 [AetherRepositoryConnector-maven.vie.sst.stp-2-0] INFO  o.e.m.c.i.e.AbstractTransferListenerAdapter - Downloaded http://maven.vie.sst.stp/content/groups/approved/org/springframework/boot/spring-boot-starter-data-jpa/3.2.8/spring-boot-starter-data-jpa-3.2.8.jar
2024-08-18 09:18:25,641 [AetherRepositoryConnector-maven.vie.sst.stp-1-3] INFO  o.e.m.c.i.e.AbstractTransferListenerAdapter - Downloading http://maven.vie.sst.stp/content/groups/approved/org/aspectj/aspectjweaver/1.9.22.1/aspectjweaver-1.9.22.1.jar
2024-08-18 09:18:25,647 [AetherRepositoryConnector-maven.vie.sst.stp-2-3] INFO  o.e.m.c.i.e.AbstractTransferListenerAdapter - Downloading http://maven.vie.sst.stp/content/groups/approved/org/aspectj/aspectjweaver/1.9.22.1/aspectjweaver-1.9.22.1.jar
2024-08-18 09:18:25,708 [AetherRepositoryConnector-maven.vie.sst.stp-1-4] INFO  o.e.m.c.i.e.AbstractTransferListenerAdapter - Downloading http://maven.vie.sst.stp/content/groups/approved/org/springframework/boot/spring-boot-starter-jdbc/3.2.8/spring-boot-starter-jdbc-3.2.8.jar
2024-08-18 09:18:25,708 [AetherRepositoryConnector-maven.vie.sst.stp-2-4] INFO  o.e.m.c.i.e.AbstractTransferListenerAdapter - Downloading http://maven.vie.sst.stp/content/groups/approved/org/springframework/boot/spring-boot-starter-jdbc/3.2.8/spring-boot-starter-jdbc-3.2.8.jar
2024-08-18 09:18:25,712 [AetherRepositoryConnector-maven.vie.sst.stp-2-1] INFO  o.e.m.c.i.e.AbstractTransferListenerAdapter - Downloaded http://maven.vie.sst.stp/content/groups/approved/org/springframework/boot/spring-boot-starter-aop/3.2.8/spring-boot-starter-aop-3.2.8.jar
2024-08-18 09:18:25,785 [AetherRepositoryConnector-maven.vie.sst.stp-1-1] INFO  o.e.m.c.i.e.AbstractTransferListenerAdapter - Downloaded http://maven.vie.sst.stp/content/groups/approved/org/springframework/boot/spring-boot-starter-aop/3.2.8/spring-boot-starter-aop-3.2.8.jar
2024-08-18 09:18:25,801 [AetherRepositoryConnector-maven.vie.sst.stp-1-0] INFO  o.e.m.c.i.e.AbstractTransferListenerAdapter - Downloading http://maven.vie.sst.stp/content/groups/approved/com/zaxxer/HikariCP/5.0.1/HikariCP-5.0.1.jar
2024-08-18 09:18:25,876 [AetherRepositoryConnector-maven.vie.sst.stp-2-0] INFO  o.e.m.c.i.e.AbstractTransferListenerAdapter - Downloading http://maven.vie.sst.stp/content/groups/approved/com/zaxxer/HikariCP/5.0.1/HikariCP-5.0.1.jar
2024-08-18 09:18:25,966 [AetherRepositoryConnector-maven.vie.sst.stp-1-4] INFO  o.e.m.c.i.e.AbstractTransferListenerAdapter - Downloaded http://maven.vie.sst.stp/content/groups/approved/org/springframework/boot/spring-boot-starter-jdbc/3.2.8/spring-boot-starter-jdbc-3.2.8.jar
2024-08-18 09:18:25,975 [AetherRepositoryConnector-maven.vie.sst.stp-2-1] INFO  o.e.m.c.i.e.AbstractTransferListenerAdapter - Downloading http://maven.vie.sst.stp/content/groups/approved/org/springframework/spring-jdbc/6.1.11/spring-jdbc-6.1.11.jar
2024-08-18 09:18:26,043 [AetherRepositoryConnector-maven.vie.sst.stp-1-1] INFO  o.e.m.c.i.e.AbstractTransferListenerAdapter - Downloading http://maven.vie.sst.stp/content/groups/approved/org/springframework/spring-jdbc/6.1.11/spring-jdbc-6.1.11.jar
2024-08-18 09:18:26,055 [AetherRepositoryConnector-maven.vie.sst.stp-2-4] INFO  o.e.m.c.i.e.AbstractTransferListenerAdapter - Downloaded http://maven.vie.sst.stp/content/groups/approved/org/springframework/boot/spring-boot-starter-jdbc/3.2.8/spring-boot-starter-jdbc-3.2.8.jar
2024-08-18 09:18:26,385 [AetherRepositoryConnector-maven.vie.sst.stp-1-0] INFO  o.e.m.c.i.e.AbstractTransferListenerAdapter - Downloaded http://maven.vie.sst.stp/content/groups/approved/com/zaxxer/HikariCP/5.0.1/HikariCP-5.0.1.jar
2024-08-18 09:18:26,461 [AetherRepositoryConnector-maven.vie.sst.stp-1-2] INFO  o.e.m.c.i.e.AbstractTransferListenerAdapter - Downloaded http://maven.vie.sst.stp/content/groups/approved/org/springframework/spring-aop/6.1.11/spring-aop-6.1.11.jar
2024-08-18 09:18:26,488 [AetherRepositoryConnector-maven.vie.sst.stp-2-0] INFO  o.e.m.c.i.e.AbstractTransferListenerAdapter - Downloaded http://maven.vie.sst.stp/content/groups/approved/com/zaxxer/HikariCP/5.0.1/HikariCP-5.0.1.jar
2024-08-18 09:18:26,494 [AetherRepositoryConnector-maven.vie.sst.stp-2-4] INFO  o.e.m.c.i.e.AbstractTransferListenerAdapter - Downloading http://maven.vie.sst.stp/content/groups/approved/org/hibernate/orm/hibernate-core/6.4.9.Final/hibernate-core-6.4.9.Final.jar
2024-08-18 09:18:26,619 [AetherRepositoryConnector-maven.vie.sst.stp-2-2] INFO  o.e.m.c.i.e.AbstractTransferListenerAdapter - Downloaded http://maven.vie.sst.stp/content/groups/approved/org/springframework/spring-aop/6.1.11/spring-aop-6.1.11.jar
2024-08-18 09:18:26,648 [AetherRepositoryConnector-maven.vie.sst.stp-1-0] INFO  o.e.m.c.i.e.AbstractTransferListenerAdapter - Downloading http://maven.vie.sst.stp/content/groups/approved/jakarta/persistence/jakarta.persistence-api/3.1.0/jakarta.persistence-api-3.1.0.jar
2024-08-18 09:18:26,717 [AetherRepositoryConnector-maven.vie.sst.stp-1-2] INFO  o.e.m.c.i.e.AbstractTransferListenerAdapter - Downloading http://maven.vie.sst.stp/content/groups/approved/jakarta/transaction/jakarta.transaction-api/2.0.1/jakarta.transaction-api-2.0.1.jar
2024-08-18 09:18:26,801 [AetherRepositoryConnector-maven.vie.sst.stp-2-2] INFO  o.e.m.c.i.e.AbstractTransferListenerAdapter - Downloading http://maven.vie.sst.stp/content/groups/approved/jakarta/transaction/jakarta.transaction-api/2.0.1/jakarta.transaction-api-2.0.1.jar
2024-08-18 09:18:26,833 [AetherRepositoryConnector-maven.vie.sst.stp-2-0] INFO  o.e.m.c.i.e.AbstractTransferListenerAdapter - Downloading http://maven.vie.sst.stp/content/groups/approved/jakarta/persistence/jakarta.persistence-api/3.1.0/jakarta.persistence-api-3.1.0.jar
2024-08-18 09:18:26,976 [AetherRepositoryConnector-maven.vie.sst.stp-1-2] INFO  o.e.m.c.i.e.AbstractTransferListenerAdapter - Downloaded http://maven.vie.sst.stp/content/groups/approved/jakarta/transaction/jakarta.transaction-api/2.0.1/jakarta.transaction-api-2.0.1.jar
2024-08-18 09:18:26,982 [AetherRepositoryConnector-maven.vie.sst.stp-1-4] INFO  o.e.m.c.i.e.AbstractTransferListenerAdapter - Downloading http://maven.vie.sst.stp/content/groups/approved/org/hibernate/orm/hibernate-core/6.4.9.Final/hibernate-core-6.4.9.Final.jar
2024-08-18 09:18:26,983 [AetherRepositoryConnector-maven.vie.sst.stp-2-2] INFO  o.e.m.c.i.e.AbstractTransferListenerAdapter - Downloaded http://maven.vie.sst.stp/content/groups/approved/jakarta/transaction/jakarta.transaction-api/2.0.1/jakarta.transaction-api-2.0.1.jar
2024-08-18 09:18:27,085 [AetherRepositoryConnector-maven.vie.sst.stp-1-0] INFO  o.e.m.c.i.e.AbstractTransferListenerAdapter - Downloaded http://maven.vie.sst.stp/content/groups/approved/jakarta/persistence/jakarta.persistence-api/3.1.0/jakarta.persistence-api-3.1.0.jar
2024-08-18 09:18:27,151 [AetherRepositoryConnector-maven.vie.sst.stp-1-2] INFO  o.e.m.c.i.e.AbstractTransferListenerAdapter - Downloading http://maven.vie.sst.stp/content/groups/approved/org/jboss/logging/jboss-logging/3.5.3.Final/jboss-logging-3.5.3.Final.jar
2024-08-18 09:18:27,156 [AetherRepositoryConnector-maven.vie.sst.stp-2-2] INFO  o.e.m.c.i.e.AbstractTransferListenerAdapter - Downloading http://maven.vie.sst.stp/content/groups/approved/org/jboss/logging/jboss-logging/3.5.3.Final/jboss-logging-3.5.3.Final.jar
2024-08-18 09:18:27,284 [AetherRepositoryConnector-maven.vie.sst.stp-1-1] INFO  o.e.m.c.i.e.AbstractTransferListenerAdapter - Downloaded http://maven.vie.sst.stp/content/groups/approved/org/springframework/spring-jdbc/6.1.11/spring-jdbc-6.1.11.jar
2024-08-18 09:18:27,330 [AetherRepositoryConnector-maven.vie.sst.stp-2-1] INFO  o.e.m.c.i.e.AbstractTransferListenerAdapter - Downloaded http://maven.vie.sst.stp/content/groups/approved/org/springframework/spring-jdbc/6.1.11/spring-jdbc-6.1.11.jar
2024-08-18 09:18:27,338 [AetherRepositoryConnector-maven.vie.sst.stp-1-0] INFO  o.e.m.c.i.e.AbstractTransferListenerAdapter - Downloading http://maven.vie.sst.stp/content/groups/approved/org/hibernate/common/hibernate-commons-annotations/6.0.6.Final/hibernate-commons-annotations-6.0.6.Final.jar
2024-08-18 09:18:27,410 [AetherRepositoryConnector-maven.vie.sst.stp-1-2] INFO  o.e.m.c.i.e.AbstractTransferListenerAdapter - Downloaded http://maven.vie.sst.stp/content/groups/approved/org/jboss/logging/jboss-logging/3.5.3.Final/jboss-logging-3.5.3.Final.jar
2024-08-18 09:18:27,499 [AetherRepositoryConnector-maven.vie.sst.stp-2-1] INFO  o.e.m.c.i.e.AbstractTransferListenerAdapter - Downloading http://maven.vie.sst.stp/content/groups/approved/org/hibernate/common/hibernate-commons-annotations/6.0.6.Final/hibernate-commons-annotations-6.0.6.Final.jar
2024-08-18 09:18:27,534 [AetherRepositoryConnector-maven.vie.sst.stp-1-1] INFO  o.e.m.c.i.e.AbstractTransferListenerAdapter - Downloading http://maven.vie.sst.stp/content/groups/approved/io/smallrye/jandex/3.1.2/jandex-3.1.2.jar
2024-08-18 09:18:27,666 [AetherRepositoryConnector-maven.vie.sst.stp-1-2] INFO  o.e.m.c.i.e.AbstractTransferListenerAdapter - Downloading http://maven.vie.sst.stp/content/groups/approved/com/fasterxml/classmate/1.6.0/classmate-1.6.0.jar
2024-08-18 09:18:27,761 [AetherRepositoryConnector-maven.vie.sst.stp-2-1] INFO  o.e.m.c.i.e.AbstractTransferListenerAdapter - Downloaded http://maven.vie.sst.stp/content/groups/approved/org/hibernate/common/hibernate-commons-annotations/6.0.6.Final/hibernate-commons-annotations-6.0.6.Final.jar
2024-08-18 09:18:27,845 [AetherRepositoryConnector-maven.vie.sst.stp-1-0] INFO  o.e.m.c.i.e.AbstractTransferListenerAdapter - Downloaded http://maven.vie.sst.stp/content/groups/approved/org/hibernate/common/hibernate-commons-annotations/6.0.6.Final/hibernate-commons-annotations-6.0.6.Final.jar
2024-08-18 09:18:27,928 [AetherRepositoryConnector-maven.vie.sst.stp-2-1] INFO  o.e.m.c.i.e.AbstractTransferListenerAdapter - Downloading http://maven.vie.sst.stp/content/groups/approved/io/smallrye/jandex/3.1.2/jandex-3.1.2.jar
2024-08-18 09:18:27,931 [AetherRepositoryConnector-maven.vie.sst.stp-1-2] INFO  o.e.m.c.i.e.AbstractTransferListenerAdapter - Downloaded http://maven.vie.sst.stp/content/groups/approved/com/fasterxml/classmate/1.6.0/classmate-1.6.0.jar
2024-08-18 09:18:28,105 [AetherRepositoryConnector-maven.vie.sst.stp-1-0] INFO  o.e.m.c.i.e.AbstractTransferListenerAdapter - Downloading http://maven.vie.sst.stp/content/groups/approved/net/bytebuddy/byte-buddy/1.14.18/byte-buddy-1.14.18.jar
2024-08-18 09:18:28,128 [AetherRepositoryConnector-maven.vie.sst.stp-1-1] INFO  o.e.m.c.i.e.AbstractTransferListenerAdapter - Downloaded http://maven.vie.sst.stp/content/groups/approved/io/smallrye/jandex/3.1.2/jandex-3.1.2.jar
2024-08-18 09:18:28,181 [AetherRepositoryConnector-maven.vie.sst.stp-1-2] INFO  o.e.m.c.i.e.AbstractTransferListenerAdapter - Downloading http://maven.vie.sst.stp/content/groups/approved/org/glassfish/jaxb/jaxb-runtime/4.0.5/jaxb-runtime-4.0.5.jar
2024-08-18 09:18:28,382 [AetherRepositoryConnector-maven.vie.sst.stp-1-1] INFO  o.e.m.c.i.e.AbstractTransferListenerAdapter - Downloading http://maven.vie.sst.stp/content/groups/approved/org/glassfish/jaxb/jaxb-core/4.0.5/jaxb-core-4.0.5.jar
2024-08-18 09:18:28,396 [AetherRepositoryConnector-maven.vie.sst.stp-2-2] INFO  o.e.m.c.i.e.AbstractTransferListenerAdapter - Downloaded http://maven.vie.sst.stp/content/groups/approved/org/jboss/logging/jboss-logging/3.5.3.Final/jboss-logging-3.5.3.Final.jar
2024-08-18 09:18:28,566 [AetherRepositoryConnector-maven.vie.sst.stp-2-2] INFO  o.e.m.c.i.e.AbstractTransferListenerAdapter - Downloading http://maven.vie.sst.stp/content/groups/approved/com/fasterxml/classmate/1.6.0/classmate-1.6.0.jar
2024-08-18 09:18:28,595 [AetherRepositoryConnector-maven.vie.sst.stp-2-0] INFO  o.e.m.c.i.e.AbstractTransferListenerAdapter - Downloaded http://maven.vie.sst.stp/content/groups/approved/jakarta/persistence/jakarta.persistence-api/3.1.0/jakarta.persistence-api-3.1.0.jar
2024-08-18 09:18:28,617 [AetherRepositoryConnector-maven.vie.sst.stp-2-1] INFO  o.e.m.c.i.e.AbstractTransferListenerAdapter - Downloaded http://maven.vie.sst.stp/content/groups/approved/io/smallrye/jandex/3.1.2/jandex-3.1.2.jar
2024-08-18 09:18:28,765 [AetherRepositoryConnector-maven.vie.sst.stp-2-0] INFO  o.e.m.c.i.e.AbstractTransferListenerAdapter - Downloading http://maven.vie.sst.stp/content/groups/approved/net/bytebuddy/byte-buddy/1.14.18/byte-buddy-1.14.18.jar
2024-08-18 09:18:28,786 [AetherRepositoryConnector-maven.vie.sst.stp-2-1] INFO  o.e.m.c.i.e.AbstractTransferListenerAdapter - Downloading http://maven.vie.sst.stp/content/groups/approved/org/glassfish/jaxb/jaxb-runtime/4.0.5/jaxb-runtime-4.0.5.jar
2024-08-18 09:18:28,900 [AetherRepositoryConnector-maven.vie.sst.stp-1-3] INFO  o.e.m.c.i.e.AbstractTransferListenerAdapter - Downloaded http://maven.vie.sst.stp/content/groups/approved/org/aspectj/aspectjweaver/1.9.22.1/aspectjweaver-1.9.22.1.jar
2024-08-18 09:18:28,975 [AetherRepositoryConnector-maven.vie.sst.stp-1-1] INFO  o.e.m.c.i.e.AbstractTransferListenerAdapter - Downloaded http://maven.vie.sst.stp/content/groups/approved/org/glassfish/jaxb/jaxb-core/4.0.5/jaxb-core-4.0.5.jar
2024-08-18 09:18:29,147 [AetherRepositoryConnector-maven.vie.sst.stp-1-1] INFO  o.e.m.c.i.e.AbstractTransferListenerAdapter - Downloading http://maven.vie.sst.stp/content/groups/approved/org/glassfish/jaxb/txw2/4.0.5/txw2-4.0.5.jar
2024-08-18 09:18:29,155 [AetherRepositoryConnector-maven.vie.sst.stp-1-3] INFO  o.e.m.c.i.e.AbstractTransferListenerAdapter - Downloading http://maven.vie.sst.stp/content/groups/approved/org/eclipse/angus/angus-activation/2.0.2/angus-activation-2.0.2.jar
2024-08-18 09:18:29,410 [AetherRepositoryConnector-maven.vie.sst.stp-1-1] INFO  o.e.m.c.i.e.AbstractTransferListenerAdapter - Downloaded http://maven.vie.sst.stp/content/groups/approved/org/glassfish/jaxb/txw2/4.0.5/txw2-4.0.5.jar
2024-08-18 09:18:29,413 [AetherRepositoryConnector-maven.vie.sst.stp-1-3] INFO  o.e.m.c.i.e.AbstractTransferListenerAdapter - Downloaded http://maven.vie.sst.stp/content/groups/approved/org/eclipse/angus/angus-activation/2.0.2/angus-activation-2.0.2.jar
2024-08-18 09:18:29,453 [AetherRepositoryConnector-maven.vie.sst.stp-2-2] INFO  o.e.m.c.i.e.AbstractTransferListenerAdapter - Downloaded http://maven.vie.sst.stp/content/groups/approved/com/fasterxml/classmate/1.6.0/classmate-1.6.0.jar
2024-08-18 09:18:29,583 [AetherRepositoryConnector-maven.vie.sst.stp-1-1] INFO  o.e.m.c.i.e.AbstractTransferListenerAdapter - Downloading http://maven.vie.sst.stp/content/groups/approved/com/sun/istack/istack-commons-runtime/4.1.2/istack-commons-runtime-4.1.2.jar
2024-08-18 09:18:29,587 [AetherRepositoryConnector-maven.vie.sst.stp-1-3] INFO  o.e.m.c.i.e.AbstractTransferListenerAdapter - Downloading http://maven.vie.sst.stp/content/groups/approved/jakarta/inject/jakarta.inject-api/2.0.1/jakarta.inject-api-2.0.1.jar
2024-08-18 09:18:29,621 [AetherRepositoryConnector-maven.vie.sst.stp-2-2] INFO  o.e.m.c.i.e.AbstractTransferListenerAdapter - Downloading http://maven.vie.sst.stp/content/groups/approved/org/glassfish/jaxb/jaxb-core/4.0.5/jaxb-core-4.0.5.jar
2024-08-18 09:18:29,843 [AetherRepositoryConnector-maven.vie.sst.stp-1-3] INFO  o.e.m.c.i.e.AbstractTransferListenerAdapter - Downloaded http://maven.vie.sst.stp/content/groups/approved/jakarta/inject/jakarta.inject-api/2.0.1/jakarta.inject-api-2.0.1.jar
2024-08-18 09:18:29,844 [AetherRepositoryConnector-maven.vie.sst.stp-1-1] INFO  o.e.m.c.i.e.AbstractTransferListenerAdapter - Downloaded http://maven.vie.sst.stp/content/groups/approved/com/sun/istack/istack-commons-runtime/4.1.2/istack-commons-runtime-4.1.2.jar
2024-08-18 09:18:29,970 [AetherRepositoryConnector-maven.vie.sst.stp-2-2] INFO  o.e.m.c.i.e.AbstractTransferListenerAdapter - Downloaded http://maven.vie.sst.stp/content/groups/approved/org/glassfish/jaxb/jaxb-core/4.0.5/jaxb-core-4.0.5.jar
2024-08-18 09:18:29,994 [AetherRepositoryConnector-maven.vie.sst.stp-1-2] INFO  o.e.m.c.i.e.AbstractTransferListenerAdapter - Downloaded http://maven.vie.sst.stp/content/groups/approved/org/glassfish/jaxb/jaxb-runtime/4.0.5/jaxb-runtime-4.0.5.jar
2024-08-18 09:18:30,096 [AetherRepositoryConnector-maven.vie.sst.stp-1-3] INFO  o.e.m.c.i.e.AbstractTransferListenerAdapter - Downloading http://maven.vie.sst.stp/content/groups/approved/org/antlr/antlr4-runtime/4.13.0/antlr4-runtime-4.13.0.jar
2024-08-18 09:18:30,139 [AetherRepositoryConnector-maven.vie.sst.stp-2-2] INFO  o.e.m.c.i.e.AbstractTransferListenerAdapter - Downloading http://maven.vie.sst.stp/content/groups/approved/org/eclipse/angus/angus-activation/2.0.2/angus-activation-2.0.2.jar
2024-08-18 09:18:30,160 [AetherRepositoryConnector-maven.vie.sst.stp-1-1] INFO  o.e.m.c.i.e.AbstractTransferListenerAdapter - Downloading http://maven.vie.sst.stp/content/groups/approved/org/springframework/data/spring-data-jpa/3.2.8/spring-data-jpa-3.2.8.jar
2024-08-18 09:18:30,310 [AetherRepositoryConnector-maven.vie.sst.stp-1-2] INFO  o.e.m.c.i.e.AbstractTransferListenerAdapter - Downloading http://maven.vie.sst.stp/content/groups/approved/org/springframework/data/spring-data-commons/3.2.8/spring-data-commons-3.2.8.jar
2024-08-18 09:18:30,332 [AetherRepositoryConnector-maven.vie.sst.stp-2-2] INFO  o.e.m.c.i.e.AbstractTransferListenerAdapter - Downloaded http://maven.vie.sst.stp/content/groups/approved/org/eclipse/angus/angus-activation/2.0.2/angus-activation-2.0.2.jar
2024-08-18 09:18:30,505 [AetherRepositoryConnector-maven.vie.sst.stp-2-2] INFO  o.e.m.c.i.e.AbstractTransferListenerAdapter - Downloading http://maven.vie.sst.stp/content/groups/approved/org/glassfish/jaxb/txw2/4.0.5/txw2-4.0.5.jar
2024-08-18 09:18:30,684 [AetherRepositoryConnector-maven.vie.sst.stp-2-2] INFO  o.e.m.c.i.e.AbstractTransferListenerAdapter - Downloaded http://maven.vie.sst.stp/content/groups/approved/org/glassfish/jaxb/txw2/4.0.5/txw2-4.0.5.jar
2024-08-18 09:18:30,852 [AetherRepositoryConnector-maven.vie.sst.stp-2-2] INFO  o.e.m.c.i.e.AbstractTransferListenerAdapter - Downloading http://maven.vie.sst.stp/content/groups/approved/com/sun/istack/istack-commons-runtime/4.1.2/istack-commons-runtime-4.1.2.jar
2024-08-18 09:18:30,986 [AetherRepositoryConnector-maven.vie.sst.stp-2-1] INFO  o.e.m.c.i.e.AbstractTransferListenerAdapter - Downloaded http://maven.vie.sst.stp/content/groups/approved/org/glassfish/jaxb/jaxb-runtime/4.0.5/jaxb-runtime-4.0.5.jar
2024-08-18 09:18:31,041 [AetherRepositoryConnector-maven.vie.sst.stp-1-3] INFO  o.e.m.c.i.e.AbstractTransferListenerAdapter - Downloaded http://maven.vie.sst.stp/content/groups/approved/org/antlr/antlr4-runtime/4.13.0/antlr4-runtime-4.13.0.jar
2024-08-18 09:18:31,044 [AetherRepositoryConnector-maven.vie.sst.stp-2-2] INFO  o.e.m.c.i.e.AbstractTransferListenerAdapter - Downloaded http://maven.vie.sst.stp/content/groups/approved/com/sun/istack/istack-commons-runtime/4.1.2/istack-commons-runtime-4.1.2.jar
2024-08-18 09:18:31,175 [AetherRepositoryConnector-maven.vie.sst.stp-2-1] INFO  o.e.m.c.i.e.AbstractTransferListenerAdapter - Downloading http://maven.vie.sst.stp/content/groups/approved/jakarta/inject/jakarta.inject-api/2.0.1/jakarta.inject-api-2.0.1.jar
2024-08-18 09:18:31,212 [AetherRepositoryConnector-maven.vie.sst.stp-2-2] INFO  o.e.m.c.i.e.AbstractTransferListenerAdapter - Downloading http://maven.vie.sst.stp/content/groups/approved/org/antlr/antlr4-runtime/4.13.0/antlr4-runtime-4.13.0.jar
2024-08-18 09:18:31,304 [AetherRepositoryConnector-maven.vie.sst.stp-1-3] INFO  o.e.m.c.i.e.AbstractTransferListenerAdapter - Downloading http://maven.vie.sst.stp/content/groups/approved/org/springframework/spring-orm/6.1.11/spring-orm-6.1.11.jar
2024-08-18 09:18:31,357 [AetherRepositoryConnector-maven.vie.sst.stp-2-1] INFO  o.e.m.c.i.e.AbstractTransferListenerAdapter - Downloaded http://maven.vie.sst.stp/content/groups/approved/jakarta/inject/jakarta.inject-api/2.0.1/jakarta.inject-api-2.0.1.jar
2024-08-18 09:18:31,525 [AetherRepositoryConnector-maven.vie.sst.stp-2-1] INFO  o.e.m.c.i.e.AbstractTransferListenerAdapter - Downloading http://maven.vie.sst.stp/content/groups/approved/org/springframework/data/spring-data-jpa/3.2.8/spring-data-jpa-3.2.8.jar
2024-08-18 09:18:31,894 [AetherRepositoryConnector-maven.vie.sst.stp-2-2] INFO  o.e.m.c.i.e.AbstractTransferListenerAdapter - Downloaded http://maven.vie.sst.stp/content/groups/approved/org/antlr/antlr4-runtime/4.13.0/antlr4-runtime-4.13.0.jar
2024-08-18 09:18:32,062 [AetherRepositoryConnector-maven.vie.sst.stp-2-2] INFO  o.e.m.c.i.e.AbstractTransferListenerAdapter - Downloading http://maven.vie.sst.stp/content/groups/approved/org/springframework/data/spring-data-commons/3.2.8/spring-data-commons-3.2.8.jar
2024-08-18 09:18:32,074 [AetherRepositoryConnector-maven.vie.sst.stp-1-3] INFO  o.e.m.c.i.e.AbstractTransferListenerAdapter - Downloaded http://maven.vie.sst.stp/content/groups/approved/org/springframework/spring-orm/6.1.11/spring-orm-6.1.11.jar
2024-08-18 09:18:32,255 [AetherRepositoryConnector-maven.vie.sst.stp-1-3] INFO  o.e.m.c.i.e.AbstractTransferListenerAdapter - Downloading http://maven.vie.sst.stp/content/groups/approved/org/springframework/spring-context/6.1.11/spring-context-6.1.11.jar
2024-08-18 09:18:32,390 [AetherRepositoryConnector-maven.vie.sst.stp-1-2] INFO  o.e.m.c.i.e.AbstractTransferListenerAdapter - Downloaded http://maven.vie.sst.stp/content/groups/approved/org/springframework/data/spring-data-commons/3.2.8/spring-data-commons-3.2.8.jar
2024-08-18 09:18:32,655 [AetherRepositoryConnector-maven.vie.sst.stp-1-2] INFO  o.e.m.c.i.e.AbstractTransferListenerAdapter - Downloading http://maven.vie.sst.stp/content/groups/approved/org/springframework/spring-tx/6.1.11/spring-tx-6.1.11.jar
2024-08-18 09:18:33,255 [AetherRepositoryConnector-maven.vie.sst.stp-1-2] INFO  o.e.m.c.i.e.AbstractTransferListenerAdapter - Downloaded http://maven.vie.sst.stp/content/groups/approved/org/springframework/spring-tx/6.1.11/spring-tx-6.1.11.jar
2024-08-18 09:18:33,433 [AetherRepositoryConnector-maven.vie.sst.stp-1-2] INFO  o.e.m.c.i.e.AbstractTransferListenerAdapter - Downloading http://maven.vie.sst.stp/content/groups/approved/org/springframework/spring-beans/6.1.11/spring-beans-6.1.11.jar
2024-08-18 09:18:33,895 [AetherRepositoryConnector-maven.vie.sst.stp-1-1] INFO  o.e.m.c.i.e.AbstractTransferListenerAdapter - Downloaded http://maven.vie.sst.stp/content/groups/approved/org/springframework/data/spring-data-jpa/3.2.8/spring-data-jpa-3.2.8.jar
2024-08-18 09:18:34,161 [AetherRepositoryConnector-maven.vie.sst.stp-1-1] INFO  o.e.m.c.i.e.AbstractTransferListenerAdapter - Downloading http://maven.vie.sst.stp/content/groups/approved/org/slf4j/slf4j-api/2.0.13/slf4j-api-2.0.13.jar
2024-08-18 09:18:34,430 [AetherRepositoryConnector-maven.vie.sst.stp-1-1] INFO  o.e.m.c.i.e.AbstractTransferListenerAdapter - Downloaded http://maven.vie.sst.stp/content/groups/approved/org/slf4j/slf4j-api/2.0.13/slf4j-api-2.0.13.jar
2024-08-18 09:18:34,729 [AetherRepositoryConnector-maven.vie.sst.stp-1-1] INFO  o.e.m.c.i.e.AbstractTransferListenerAdapter - Downloading http://maven.vie.sst.stp/content/groups/approved/org/springframework/spring-aspects/6.1.11/spring-aspects-6.1.11.jar
2024-08-18 09:18:34,991 [AetherRepositoryConnector-maven.vie.sst.stp-1-1] INFO  o.e.m.c.i.e.AbstractTransferListenerAdapter - Downloaded http://maven.vie.sst.stp/content/groups/approved/org/springframework/spring-aspects/6.1.11/spring-aspects-6.1.11.jar
2024-08-18 09:18:35,169 [AetherRepositoryConnector-maven.vie.sst.stp-1-3] INFO  o.e.m.c.i.e.AbstractTransferListenerAdapter - Downloaded http://maven.vie.sst.stp/content/groups/approved/org/springframework/spring-context/6.1.11/spring-context-6.1.11.jar
2024-08-18 09:18:35,275 [AetherRepositoryConnector-maven.vie.sst.stp-1-1] INFO  o.e.m.c.i.e.AbstractTransferListenerAdapter - Downloading http://maven.vie.sst.stp/content/groups/approved/org/springframework/boot/spring-boot-starter-web/3.2.8/spring-boot-starter-web-3.2.8.jar
2024-08-18 09:18:35,301 [AetherRepositoryConnector-maven.vie.sst.stp-2-3] INFO  o.e.m.c.i.e.AbstractTransferListenerAdapter - Downloaded http://maven.vie.sst.stp/content/groups/approved/org/aspectj/aspectjweaver/1.9.22.1/aspectjweaver-1.9.22.1.jar
2024-08-18 09:18:35,349 [AetherRepositoryConnector-maven.vie.sst.stp-1-2] INFO  o.e.m.c.i.e.AbstractTransferListenerAdapter - Downloaded http://maven.vie.sst.stp/content/groups/approved/org/springframework/spring-beans/6.1.11/spring-beans-6.1.11.jar
2024-08-18 09:18:35,459 [AetherRepositoryConnector-maven.vie.sst.stp-1-3] INFO  o.e.m.c.i.e.AbstractTransferListenerAdapter - Downloading http://maven.vie.sst.stp/content/groups/approved/org/springframework/boot/spring-boot-starter/3.2.8/spring-boot-starter-3.2.8.jar
2024-08-18 09:18:35,470 [AetherRepositoryConnector-maven.vie.sst.stp-2-3] INFO  o.e.m.c.i.e.AbstractTransferListenerAdapter - Downloading http://maven.vie.sst.stp/content/groups/approved/org/springframework/spring-orm/6.1.11/spring-orm-6.1.11.jar
2024-08-18 09:18:35,534 [AetherRepositoryConnector-maven.vie.sst.stp-1-1] INFO  o.e.m.c.i.e.AbstractTransferListenerAdapter - Downloaded http://maven.vie.sst.stp/content/groups/approved/org/springframework/boot/spring-boot-starter-web/3.2.8/spring-boot-starter-web-3.2.8.jar
2024-08-18 09:18:35,547 [AetherRepositoryConnector-maven.vie.sst.stp-2-2] INFO  o.e.m.c.i.e.AbstractTransferListenerAdapter - Downloaded http://maven.vie.sst.stp/content/groups/approved/org/springframework/data/spring-data-commons/3.2.8/spring-data-commons-3.2.8.jar
2024-08-18 09:18:35,630 [AetherRepositoryConnector-maven.vie.sst.stp-1-2] INFO  o.e.m.c.i.e.AbstractTransferListenerAdapter - Downloading http://maven.vie.sst.stp/content/groups/approved/org/springframework/boot/spring-boot-starter-logging/3.2.8/spring-boot-starter-logging-3.2.8.jar
2024-08-18 09:18:35,711 [AetherRepositoryConnector-maven.vie.sst.stp-1-3] INFO  o.e.m.c.i.e.AbstractTransferListenerAdapter - Downloaded http://maven.vie.sst.stp/content/groups/approved/org/springframework/boot/spring-boot-starter/3.2.8/spring-boot-starter-3.2.8.jar
2024-08-18 09:18:35,715 [AetherRepositoryConnector-maven.vie.sst.stp-2-2] INFO  o.e.m.c.i.e.AbstractTransferListenerAdapter - Downloading http://maven.vie.sst.stp/content/groups/approved/org/springframework/spring-context/6.1.11/spring-context-6.1.11.jar
2024-08-18 09:18:35,801 [AetherRepositoryConnector-maven.vie.sst.stp-1-1] INFO  o.e.m.c.i.e.AbstractTransferListenerAdapter - Downloading http://maven.vie.sst.stp/content/groups/approved/ch/qos/logback/logback-classic/1.4.14/logback-classic-1.4.14.jar
2024-08-18 09:18:35,886 [AetherRepositoryConnector-maven.vie.sst.stp-1-2] INFO  o.e.m.c.i.e.AbstractTransferListenerAdapter - Downloaded http://maven.vie.sst.stp/content/groups/approved/org/springframework/boot/spring-boot-starter-logging/3.2.8/spring-boot-starter-logging-3.2.8.jar
2024-08-18 09:18:35,974 [AetherRepositoryConnector-maven.vie.sst.stp-1-3] INFO  o.e.m.c.i.e.AbstractTransferListenerAdapter - Downloading http://maven.vie.sst.stp/content/groups/approved/ch/qos/logback/logback-core/1.4.14/logback-core-1.4.14.jar
2024-08-18 09:18:36,073 [AetherRepositoryConnector-maven.vie.sst.stp-1-2] INFO  o.e.m.c.i.e.AbstractTransferListenerAdapter - Downloading http://maven.vie.sst.stp/content/groups/approved/org/apache/logging/log4j/log4j-to-slf4j/2.21.1/log4j-to-slf4j-2.21.1.jar
2024-08-18 09:18:36,252 [AetherRepositoryConnector-maven.vie.sst.stp-1-2] INFO  o.e.m.c.i.e.AbstractTransferListenerAdapter - Downloaded http://maven.vie.sst.stp/content/groups/approved/org/apache/logging/log4j/log4j-to-slf4j/2.21.1/log4j-to-slf4j-2.21.1.jar
2024-08-18 09:18:36,317 [AetherRepositoryConnector-maven.vie.sst.stp-2-1] INFO  o.e.m.c.i.e.AbstractTransferListenerAdapter - Downloaded http://maven.vie.sst.stp/content/groups/approved/org/springframework/data/spring-data-jpa/3.2.8/spring-data-jpa-3.2.8.jar
2024-08-18 09:18:36,432 [AetherRepositoryConnector-maven.vie.sst.stp-1-2] INFO  o.e.m.c.i.e.AbstractTransferListenerAdapter - Downloading http://maven.vie.sst.stp/content/groups/approved/org/apache/logging/log4j/log4j-api/2.21.1/log4j-api-2.21.1.jar
2024-08-18 09:18:36,472 [AetherRepositoryConnector-maven.vie.sst.stp-2-0] INFO  o.e.m.c.i.e.AbstractTransferListenerAdapter - Downloaded http://maven.vie.sst.stp/content/groups/approved/net/bytebuddy/byte-buddy/1.14.18/byte-buddy-1.14.18.jar
2024-08-18 09:18:36,481 [AetherRepositoryConnector-maven.vie.sst.stp-2-3] INFO  o.e.m.c.i.e.AbstractTransferListenerAdapter - Downloaded http://maven.vie.sst.stp/content/groups/approved/org/springframework/spring-orm/6.1.11/spring-orm-6.1.11.jar
2024-08-18 09:18:36,485 [AetherRepositoryConnector-maven.vie.sst.stp-2-1] INFO  o.e.m.c.i.e.AbstractTransferListenerAdapter - Downloading http://maven.vie.sst.stp/content/groups/approved/org/springframework/spring-tx/6.1.11/spring-tx-6.1.11.jar
2024-08-18 09:18:36,564 [AetherRepositoryConnector-maven.vie.sst.stp-1-1] INFO  o.e.m.c.i.e.AbstractTransferListenerAdapter - Downloaded http://maven.vie.sst.stp/content/groups/approved/ch/qos/logback/logback-classic/1.4.14/logback-classic-1.4.14.jar
2024-08-18 09:18:36,641 [AetherRepositoryConnector-maven.vie.sst.stp-2-0] INFO  o.e.m.c.i.e.AbstractTransferListenerAdapter - Downloading http://maven.vie.sst.stp/content/groups/approved/org/springframework/spring-beans/6.1.11/spring-beans-6.1.11.jar
2024-08-18 09:18:36,650 [AetherRepositoryConnector-maven.vie.sst.stp-2-3] INFO  o.e.m.c.i.e.AbstractTransferListenerAdapter - Downloading http://maven.vie.sst.stp/content/groups/approved/org/slf4j/slf4j-api/2.0.13/slf4j-api-2.0.13.jar
2024-08-18 09:18:36,827 [AetherRepositoryConnector-maven.vie.sst.stp-1-1] INFO  o.e.m.c.i.e.AbstractTransferListenerAdapter - Downloading http://maven.vie.sst.stp/content/groups/approved/org/slf4j/jul-to-slf4j/2.0.13/jul-to-slf4j-2.0.13.jar
2024-08-18 09:18:36,997 [AetherRepositoryConnector-maven.vie.sst.stp-2-3] INFO  o.e.m.c.i.e.AbstractTransferListenerAdapter - Downloaded http://maven.vie.sst.stp/content/groups/approved/org/slf4j/slf4j-api/2.0.13/slf4j-api-2.0.13.jar
2024-08-18 09:18:37,085 [AetherRepositoryConnector-maven.vie.sst.stp-1-1] INFO  o.e.m.c.i.e.AbstractTransferListenerAdapter - Downloaded http://maven.vie.sst.stp/content/groups/approved/org/slf4j/jul-to-slf4j/2.0.13/jul-to-slf4j-2.0.13.jar
2024-08-18 09:18:37,118 [AetherRepositoryConnector-maven.vie.sst.stp-1-2] INFO  o.e.m.c.i.e.AbstractTransferListenerAdapter - Downloaded http://maven.vie.sst.stp/content/groups/approved/org/apache/logging/log4j/log4j-api/2.21.1/log4j-api-2.21.1.jar
2024-08-18 09:18:37,165 [AetherRepositoryConnector-maven.vie.sst.stp-2-3] INFO  o.e.m.c.i.e.AbstractTransferListenerAdapter - Downloading http://maven.vie.sst.stp/content/groups/approved/org/springframework/spring-aspects/6.1.11/spring-aspects-6.1.11.jar
2024-08-18 09:18:37,258 [AetherRepositoryConnector-maven.vie.sst.stp-1-1] INFO  o.e.m.c.i.e.AbstractTransferListenerAdapter - Downloading http://maven.vie.sst.stp/content/groups/approved/org/yaml/snakeyaml/2.2/snakeyaml-2.2.jar
2024-08-18 09:18:37,330 [AetherRepositoryConnector-maven.vie.sst.stp-2-1] INFO  o.e.m.c.i.e.AbstractTransferListenerAdapter - Downloaded http://maven.vie.sst.stp/content/groups/approved/org/springframework/spring-tx/6.1.11/spring-tx-6.1.11.jar
2024-08-18 09:18:37,386 [AetherRepositoryConnector-maven.vie.sst.stp-1-3] INFO  o.e.m.c.i.e.AbstractTransferListenerAdapter - Downloaded http://maven.vie.sst.stp/content/groups/approved/ch/qos/logback/logback-core/1.4.14/logback-core-1.4.14.jar
2024-08-18 09:18:37,403 [AetherRepositoryConnector-maven.vie.sst.stp-1-2] INFO  o.e.m.c.i.e.AbstractTransferListenerAdapter - Downloading http://maven.vie.sst.stp/content/groups/approved/org/springframework/boot/spring-boot-starter-json/3.2.8/spring-boot-starter-json-3.2.8.jar
2024-08-18 09:18:37,497 [AetherRepositoryConnector-maven.vie.sst.stp-2-1] INFO  o.e.m.c.i.e.AbstractTransferListenerAdapter - Downloading http://maven.vie.sst.stp/content/groups/approved/org/springframework/boot/spring-boot-starter-web/3.2.8/spring-boot-starter-web-3.2.8.jar
2024-08-18 09:18:37,510 [AetherRepositoryConnector-maven.vie.sst.stp-2-3] INFO  o.e.m.c.i.e.AbstractTransferListenerAdapter - Downloaded http://maven.vie.sst.stp/content/groups/approved/org/springframework/spring-aspects/6.1.11/spring-aspects-6.1.11.jar
2024-08-18 09:18:37,646 [AetherRepositoryConnector-maven.vie.sst.stp-1-3] INFO  o.e.m.c.i.e.AbstractTransferListenerAdapter - Downloading http://maven.vie.sst.stp/content/groups/approved/com/fasterxml/jackson/core/jackson-databind/2.15.4/jackson-databind-2.15.4.jar
2024-08-18 09:18:37,661 [AetherRepositoryConnector-maven.vie.sst.stp-1-2] INFO  o.e.m.c.i.e.AbstractTransferListenerAdapter - Downloaded http://maven.vie.sst.stp/content/groups/approved/org/springframework/boot/spring-boot-starter-json/3.2.8/spring-boot-starter-json-3.2.8.jar
2024-08-18 09:18:37,676 [AetherRepositoryConnector-maven.vie.sst.stp-2-1] INFO  o.e.m.c.i.e.AbstractTransferListenerAdapter - Downloaded http://maven.vie.sst.stp/content/groups/approved/org/springframework/boot/spring-boot-starter-web/3.2.8/spring-boot-starter-web-3.2.8.jar
2024-08-18 09:18:37,682 [AetherRepositoryConnector-maven.vie.sst.stp-2-3] INFO  o.e.m.c.i.e.AbstractTransferListenerAdapter - Downloading http://maven.vie.sst.stp/content/groups/approved/org/springframework/boot/spring-boot-starter/3.2.8/spring-boot-starter-3.2.8.jar
2024-08-18 09:18:37,847 [AetherRepositoryConnector-maven.vie.sst.stp-2-1] INFO  o.e.m.c.i.e.AbstractTransferListenerAdapter - Downloading http://maven.vie.sst.stp/content/groups/approved/org/springframework/boot/spring-boot-starter-logging/3.2.8/spring-boot-starter-logging-3.2.8.jar
2024-08-18 09:18:37,860 [AetherRepositoryConnector-maven.vie.sst.stp-2-3] INFO  o.e.m.c.i.e.AbstractTransferListenerAdapter - Downloaded http://maven.vie.sst.stp/content/groups/approved/org/springframework/boot/spring-boot-starter/3.2.8/spring-boot-starter-3.2.8.jar
2024-08-18 09:18:37,922 [AetherRepositoryConnector-maven.vie.sst.stp-1-2] INFO  o.e.m.c.i.e.AbstractTransferListenerAdapter - Downloading http://maven.vie.sst.stp/content/groups/approved/com/fasterxml/jackson/core/jackson-annotations/2.15.4/jackson-annotations-2.15.4.jar
2024-08-18 09:18:38,027 [AetherRepositoryConnector-maven.vie.sst.stp-2-1] INFO  o.e.m.c.i.e.AbstractTransferListenerAdapter - Downloaded http://maven.vie.sst.stp/content/groups/approved/org/springframework/boot/spring-boot-starter-logging/3.2.8/spring-boot-starter-logging-3.2.8.jar
2024-08-18 09:18:38,031 [AetherRepositoryConnector-maven.vie.sst.stp-2-3] INFO  o.e.m.c.i.e.AbstractTransferListenerAdapter - Downloading http://maven.vie.sst.stp/content/groups/approved/ch/qos/logback/logback-classic/1.4.14/logback-classic-1.4.14.jar
2024-08-18 09:18:38,088 [AetherRepositoryConnector-maven.vie.sst.stp-1-1] INFO  o.e.m.c.i.e.AbstractTransferListenerAdapter - Downloaded http://maven.vie.sst.stp/content/groups/approved/org/yaml/snakeyaml/2.2/snakeyaml-2.2.jar
2024-08-18 09:18:38,189 [AetherRepositoryConnector-maven.vie.sst.stp-1-2] INFO  o.e.m.c.i.e.AbstractTransferListenerAdapter - Downloaded http://maven.vie.sst.stp/content/groups/approved/com/fasterxml/jackson/core/jackson-annotations/2.15.4/jackson-annotations-2.15.4.jar
2024-08-18 09:18:38,197 [AetherRepositoryConnector-maven.vie.sst.stp-2-1] INFO  o.e.m.c.i.e.AbstractTransferListenerAdapter - Downloading http://maven.vie.sst.stp/content/groups/approved/ch/qos/logback/logback-core/1.4.14/logback-core-1.4.14.jar
2024-08-18 09:18:38,309 [AetherRepositoryConnector-maven.vie.sst.stp-2-0] INFO  o.e.m.c.i.e.AbstractTransferListenerAdapter - Downloaded http://maven.vie.sst.stp/content/groups/approved/org/springframework/spring-beans/6.1.11/spring-beans-6.1.11.jar
2024-08-18 09:18:38,351 [AetherRepositoryConnector-maven.vie.sst.stp-1-1] INFO  o.e.m.c.i.e.AbstractTransferListenerAdapter - Downloading http://maven.vie.sst.stp/content/groups/approved/com/fasterxml/jackson/core/jackson-core/2.15.4/jackson-core-2.15.4.jar
2024-08-18 09:18:38,403 [AetherRepositoryConnector-maven.vie.sst.stp-1-0] INFO  o.e.m.c.i.e.AbstractTransferListenerAdapter - Downloaded http://maven.vie.sst.stp/content/groups/approved/net/bytebuddy/byte-buddy/1.14.18/byte-buddy-1.14.18.jar
2024-08-18 09:18:38,450 [AetherRepositoryConnector-maven.vie.sst.stp-1-2] INFO  o.e.m.c.i.e.AbstractTransferListenerAdapter - Downloading http://maven.vie.sst.stp/content/groups/approved/com/fasterxml/jackson/datatype/jackson-datatype-jdk8/2.15.4/jackson-datatype-jdk8-2.15.4.jar
2024-08-18 09:18:38,477 [AetherRepositoryConnector-maven.vie.sst.stp-2-0] INFO  o.e.m.c.i.e.AbstractTransferListenerAdapter - Downloading http://maven.vie.sst.stp/content/groups/approved/org/apache/logging/log4j/log4j-to-slf4j/2.21.1/log4j-to-slf4j-2.21.1.jar
2024-08-18 09:18:38,544 [AetherRepositoryConnector-maven.vie.sst.stp-2-2] INFO  o.e.m.c.i.e.AbstractTransferListenerAdapter - Downloaded http://maven.vie.sst.stp/content/groups/approved/org/springframework/spring-context/6.1.11/spring-context-6.1.11.jar
2024-08-18 09:18:38,655 [AetherRepositoryConnector-maven.vie.sst.stp-2-0] INFO  o.e.m.c.i.e.AbstractTransferListenerAdapter - Downloaded http://maven.vie.sst.stp/content/groups/approved/org/apache/logging/log4j/log4j-to-slf4j/2.21.1/log4j-to-slf4j-2.21.1.jar
2024-08-18 09:18:38,662 [AetherRepositoryConnector-maven.vie.sst.stp-1-0] INFO  o.e.m.c.i.e.AbstractTransferListenerAdapter - Downloading http://maven.vie.sst.stp/content/groups/approved/com/fasterxml/jackson/datatype/jackson-datatype-jsr310/2.15.4/jackson-datatype-jsr310-2.15.4.jar
2024-08-18 09:18:38,710 [AetherRepositoryConnector-maven.vie.sst.stp-1-2] INFO  o.e.m.c.i.e.AbstractTransferListenerAdapter - Downloaded http://maven.vie.sst.stp/content/groups/approved/com/fasterxml/jackson/datatype/jackson-datatype-jdk8/2.15.4/jackson-datatype-jdk8-2.15.4.jar
2024-08-18 09:18:38,716 [AetherRepositoryConnector-maven.vie.sst.stp-2-2] INFO  o.e.m.c.i.e.AbstractTransferListenerAdapter - Downloading http://maven.vie.sst.stp/content/groups/approved/org/apache/logging/log4j/log4j-api/2.21.1/log4j-api-2.21.1.jar
2024-08-18 09:18:38,824 [AetherRepositoryConnector-maven.vie.sst.stp-2-0] INFO  o.e.m.c.i.e.AbstractTransferListenerAdapter - Downloading http://maven.vie.sst.stp/content/groups/approved/org/slf4j/jul-to-slf4j/2.0.13/jul-to-slf4j-2.0.13.jar
2024-08-18 09:18:38,968 [AetherRepositoryConnector-maven.vie.sst.stp-1-2] INFO  o.e.m.c.i.e.AbstractTransferListenerAdapter - Downloading http://maven.vie.sst.stp/content/groups/approved/com/fasterxml/jackson/module/jackson-module-parameter-names/2.15.4/jackson-module-parameter-names-2.15.4.jar
2024-08-18 09:18:39,006 [AetherRepositoryConnector-maven.vie.sst.stp-2-0] INFO  o.e.m.c.i.e.AbstractTransferListenerAdapter - Downloaded http://maven.vie.sst.stp/content/groups/approved/org/slf4j/jul-to-slf4j/2.0.13/jul-to-slf4j-2.0.13.jar
2024-08-18 09:18:39,047 [AetherRepositoryConnector-maven.vie.sst.stp-2-3] INFO  o.e.m.c.i.e.AbstractTransferListenerAdapter - Downloaded http://maven.vie.sst.stp/content/groups/approved/ch/qos/logback/logback-classic/1.4.14/logback-classic-1.4.14.jar
2024-08-18 09:18:39,085 [AetherRepositoryConnector-maven.vie.sst.stp-1-0] INFO  o.e.m.c.i.e.AbstractTransferListenerAdapter - Downloaded http://maven.vie.sst.stp/content/groups/approved/com/fasterxml/jackson/datatype/jackson-datatype-jsr310/2.15.4/jackson-datatype-jsr310-2.15.4.jar
2024-08-18 09:18:39,174 [AetherRepositoryConnector-maven.vie.sst.stp-2-0] INFO  o.e.m.c.i.e.AbstractTransferListenerAdapter - Downloading http://maven.vie.sst.stp/content/groups/approved/org/yaml/snakeyaml/2.2/snakeyaml-2.2.jar
2024-08-18 09:18:39,217 [AetherRepositoryConnector-maven.vie.sst.stp-2-3] INFO  o.e.m.c.i.e.AbstractTransferListenerAdapter - Downloading http://maven.vie.sst.stp/content/groups/approved/org/springframework/boot/spring-boot-starter-json/3.2.8/spring-boot-starter-json-3.2.8.jar
2024-08-18 09:18:39,225 [AetherRepositoryConnector-maven.vie.sst.stp-1-2] INFO  o.e.m.c.i.e.AbstractTransferListenerAdapter - Downloaded http://maven.vie.sst.stp/content/groups/approved/com/fasterxml/jackson/module/jackson-module-parameter-names/2.15.4/jackson-module-parameter-names-2.15.4.jar
2024-08-18 09:18:39,370 [AetherRepositoryConnector-maven.vie.sst.stp-1-0] INFO  o.e.m.c.i.e.AbstractTransferListenerAdapter - Downloading http://maven.vie.sst.stp/content/groups/approved/org/springframework/boot/spring-boot-starter-tomcat/3.2.8/spring-boot-starter-tomcat-3.2.8.jar
2024-08-18 09:18:39,400 [AetherRepositoryConnector-maven.vie.sst.stp-2-3] INFO  o.e.m.c.i.e.AbstractTransferListenerAdapter - Downloaded http://maven.vie.sst.stp/content/groups/approved/org/springframework/boot/spring-boot-starter-json/3.2.8/spring-boot-starter-json-3.2.8.jar
2024-08-18 09:18:39,402 [AetherRepositoryConnector-maven.vie.sst.stp-1-2] INFO  o.e.m.c.i.e.AbstractTransferListenerAdapter - Downloading http://maven.vie.sst.stp/content/groups/approved/org/apache/tomcat/embed/tomcat-embed-core/10.1.26/tomcat-embed-core-10.1.26.jar
2024-08-18 09:18:39,403 [AetherRepositoryConnector-maven.vie.sst.stp-2-2] INFO  o.e.m.c.i.e.AbstractTransferListenerAdapter - Downloaded http://maven.vie.sst.stp/content/groups/approved/org/apache/logging/log4j/log4j-api/2.21.1/log4j-api-2.21.1.jar
2024-08-18 09:18:39,571 [AetherRepositoryConnector-maven.vie.sst.stp-2-3] INFO  o.e.m.c.i.e.AbstractTransferListenerAdapter - Downloading http://maven.vie.sst.stp/content/groups/approved/com/fasterxml/jackson/core/jackson-databind/2.15.4/jackson-databind-2.15.4.jar
2024-08-18 09:18:39,578 [AetherRepositoryConnector-maven.vie.sst.stp-2-2] INFO  o.e.m.c.i.e.AbstractTransferListenerAdapter - Downloading http://maven.vie.sst.stp/content/groups/approved/com/fasterxml/jackson/core/jackson-annotations/2.15.4/jackson-annotations-2.15.4.jar
2024-08-18 09:18:39,612 [AetherRepositoryConnector-maven.vie.sst.stp-1-1] INFO  o.e.m.c.i.e.AbstractTransferListenerAdapter - Downloaded http://maven.vie.sst.stp/content/groups/approved/com/fasterxml/jackson/core/jackson-core/2.15.4/jackson-core-2.15.4.jar
2024-08-18 09:18:39,627 [AetherRepositoryConnector-maven.vie.sst.stp-1-0] INFO  o.e.m.c.i.e.AbstractTransferListenerAdapter - Downloaded http://maven.vie.sst.stp/content/groups/approved/org/springframework/boot/spring-boot-starter-tomcat/3.2.8/spring-boot-starter-tomcat-3.2.8.jar
2024-08-18 09:18:39,793 [AetherRepositoryConnector-maven.vie.sst.stp-1-1] INFO  o.e.m.c.i.e.AbstractTransferListenerAdapter - Downloading http://maven.vie.sst.stp/content/groups/approved/org/apache/tomcat/embed/tomcat-embed-el/10.1.26/tomcat-embed-el-10.1.26.jar
2024-08-18 09:18:39,805 [AetherRepositoryConnector-maven.vie.sst.stp-1-0] INFO  o.e.m.c.i.e.AbstractTransferListenerAdapter - Downloading http://maven.vie.sst.stp/content/groups/approved/org/apache/tomcat/embed/tomcat-embed-websocket/10.1.26/tomcat-embed-websocket-10.1.26.jar
2024-08-18 09:18:40,017 [AetherRepositoryConnector-maven.vie.sst.stp-2-0] INFO  o.e.m.c.i.e.AbstractTransferListenerAdapter - Downloaded http://maven.vie.sst.stp/content/groups/approved/org/yaml/snakeyaml/2.2/snakeyaml-2.2.jar
2024-08-18 09:18:40,186 [AetherRepositoryConnector-maven.vie.sst.stp-2-0] INFO  o.e.m.c.i.e.AbstractTransferListenerAdapter - Downloading http://maven.vie.sst.stp/content/groups/approved/com/fasterxml/jackson/core/jackson-core/2.15.4/jackson-core-2.15.4.jar
2024-08-18 09:18:40,254 [AetherRepositoryConnector-maven.vie.sst.stp-2-2] INFO  o.e.m.c.i.e.AbstractTransferListenerAdapter - Downloaded http://maven.vie.sst.stp/content/groups/approved/com/fasterxml/jackson/core/jackson-annotations/2.15.4/jackson-annotations-2.15.4.jar
2024-08-18 09:18:40,367 [AetherRepositoryConnector-maven.vie.sst.stp-2-1] INFO  o.e.m.c.i.e.AbstractTransferListenerAdapter - Downloaded http://maven.vie.sst.stp/content/groups/approved/ch/qos/logback/logback-core/1.4.14/logback-core-1.4.14.jar
2024-08-18 09:18:40,423 [AetherRepositoryConnector-maven.vie.sst.stp-2-2] INFO  o.e.m.c.i.e.AbstractTransferListenerAdapter - Downloading http://maven.vie.sst.stp/content/groups/approved/com/fasterxml/jackson/datatype/jackson-datatype-jdk8/2.15.4/jackson-datatype-jdk8-2.15.4.jar
2024-08-18 09:18:40,506 [AetherRepositoryConnector-maven.vie.sst.stp-1-0] INFO  o.e.m.c.i.e.AbstractTransferListenerAdapter - Downloaded http://maven.vie.sst.stp/content/groups/approved/org/apache/tomcat/embed/tomcat-embed-websocket/10.1.26/tomcat-embed-websocket-10.1.26.jar
2024-08-18 09:18:40,535 [AetherRepositoryConnector-maven.vie.sst.stp-2-1] INFO  o.e.m.c.i.e.AbstractTransferListenerAdapter - Downloading http://maven.vie.sst.stp/content/groups/approved/com/fasterxml/jackson/datatype/jackson-datatype-jsr310/2.15.4/jackson-datatype-jsr310-2.15.4.jar
2024-08-18 09:18:40,603 [AetherRepositoryConnector-maven.vie.sst.stp-2-2] INFO  o.e.m.c.i.e.AbstractTransferListenerAdapter - Downloaded http://maven.vie.sst.stp/content/groups/approved/com/fasterxml/jackson/datatype/jackson-datatype-jdk8/2.15.4/jackson-datatype-jdk8-2.15.4.jar
2024-08-18 09:18:40,626 [AetherRepositoryConnector-maven.vie.sst.stp-1-1] INFO  o.e.m.c.i.e.AbstractTransferListenerAdapter - Downloaded http://maven.vie.sst.stp/content/groups/approved/org/apache/tomcat/embed/tomcat-embed-el/10.1.26/tomcat-embed-el-10.1.26.jar
2024-08-18 09:18:40,713 [AetherRepositoryConnector-maven.vie.sst.stp-1-3] INFO  o.e.m.c.i.e.AbstractTransferListenerAdapter - Downloaded http://maven.vie.sst.stp/content/groups/approved/com/fasterxml/jackson/core/jackson-databind/2.15.4/jackson-databind-2.15.4.jar
2024-08-18 09:18:40,762 [AetherRepositoryConnector-maven.vie.sst.stp-1-0] INFO  o.e.m.c.i.e.AbstractTransferListenerAdapter - Downloading http://maven.vie.sst.stp/content/groups/approved/org/springframework/spring-web/6.1.11/spring-web-6.1.11.jar
2024-08-18 09:18:40,772 [AetherRepositoryConnector-maven.vie.sst.stp-2-2] INFO  o.e.m.c.i.e.AbstractTransferListenerAdapter - Downloading http://maven.vie.sst.stp/content/groups/approved/com/fasterxml/jackson/module/jackson-module-parameter-names/2.15.4/jackson-module-parameter-names-2.15.4.jar
2024-08-18 09:18:40,802 [AetherRepositoryConnector-maven.vie.sst.stp-1-1] INFO  o.e.m.c.i.e.AbstractTransferListenerAdapter - Downloading http://maven.vie.sst.stp/content/groups/approved/io/micrometer/micrometer-observation/1.12.8/micrometer-observation-1.12.8.jar
2024-08-18 09:18:40,888 [AetherRepositoryConnector-maven.vie.sst.stp-1-3] INFO  o.e.m.c.i.e.AbstractTransferListenerAdapter - Downloading http://maven.vie.sst.stp/content/groups/approved/io/micrometer/micrometer-commons/1.12.8/micrometer-commons-1.12.8.jar
2024-08-18 09:18:40,953 [AetherRepositoryConnector-maven.vie.sst.stp-2-2] INFO  o.e.m.c.i.e.AbstractTransferListenerAdapter - Downloaded http://maven.vie.sst.stp/content/groups/approved/com/fasterxml/jackson/module/jackson-module-parameter-names/2.15.4/jackson-module-parameter-names-2.15.4.jar
2024-08-18 09:18:41,050 [AetherRepositoryConnector-maven.vie.sst.stp-2-1] INFO  o.e.m.c.i.e.AbstractTransferListenerAdapter - Downloaded http://maven.vie.sst.stp/content/groups/approved/com/fasterxml/jackson/datatype/jackson-datatype-jsr310/2.15.4/jackson-datatype-jsr310-2.15.4.jar
2024-08-18 09:18:41,064 [AetherRepositoryConnector-maven.vie.sst.stp-1-1] INFO  o.e.m.c.i.e.AbstractTransferListenerAdapter - Downloaded http://maven.vie.sst.stp/content/groups/approved/io/micrometer/micrometer-observation/1.12.8/micrometer-observation-1.12.8.jar
2024-08-18 09:18:41,121 [AetherRepositoryConnector-maven.vie.sst.stp-2-2] INFO  o.e.m.c.i.e.AbstractTransferListenerAdapter - Downloading http://maven.vie.sst.stp/content/groups/approved/org/springframework/boot/spring-boot-starter-tomcat/3.2.8/spring-boot-starter-tomcat-3.2.8.jar
2024-08-18 09:18:41,146 [AetherRepositoryConnector-maven.vie.sst.stp-1-3] INFO  o.e.m.c.i.e.AbstractTransferListenerAdapter - Downloaded http://maven.vie.sst.stp/content/groups/approved/io/micrometer/micrometer-commons/1.12.8/micrometer-commons-1.12.8.jar
2024-08-18 09:18:41,219 [AetherRepositoryConnector-maven.vie.sst.stp-2-1] INFO  o.e.m.c.i.e.AbstractTransferListenerAdapter - Downloading http://maven.vie.sst.stp/content/groups/approved/org/apache/tomcat/embed/tomcat-embed-core/10.1.26/tomcat-embed-core-10.1.26.jar
2024-08-18 09:18:41,300 [AetherRepositoryConnector-maven.vie.sst.stp-2-2] INFO  o.e.m.c.i.e.AbstractTransferListenerAdapter - Downloaded http://maven.vie.sst.stp/content/groups/approved/org/springframework/boot/spring-boot-starter-tomcat/3.2.8/spring-boot-starter-tomcat-3.2.8.jar
2024-08-18 09:18:41,320 [AetherRepositoryConnector-maven.vie.sst.stp-1-1] INFO  o.e.m.c.i.e.AbstractTransferListenerAdapter - Downloading http://maven.vie.sst.stp/content/groups/approved/org/springframework/spring-webmvc/6.1.11/spring-webmvc-6.1.11.jar
2024-08-18 09:18:41,330 [AetherRepositoryConnector-maven.vie.sst.stp-1-3] INFO  o.e.m.c.i.e.AbstractTransferListenerAdapter - Downloading http://maven.vie.sst.stp/content/groups/approved/org/springframework/spring-expression/6.1.11/spring-expression-6.1.11.jar
2024-08-18 09:18:41,394 [AetherRepositoryConnector-maven.vie.sst.stp-2-0] INFO  o.e.m.c.i.e.AbstractTransferListenerAdapter - Downloaded http://maven.vie.sst.stp/content/groups/approved/com/fasterxml/jackson/core/jackson-core/2.15.4/jackson-core-2.15.4.jar
2024-08-18 09:18:41,466 [AetherRepositoryConnector-maven.vie.sst.stp-2-2] INFO  o.e.m.c.i.e.AbstractTransferListenerAdapter - Downloading http://maven.vie.sst.stp/content/groups/approved/org/apache/tomcat/embed/tomcat-embed-el/10.1.26/tomcat-embed-el-10.1.26.jar
2024-08-18 09:18:41,563 [AetherRepositoryConnector-maven.vie.sst.stp-2-0] INFO  o.e.m.c.i.e.AbstractTransferListenerAdapter - Downloading http://maven.vie.sst.stp/content/groups/approved/org/apache/tomcat/embed/tomcat-embed-websocket/10.1.26/tomcat-embed-websocket-10.1.26.jar
2024-08-18 09:18:42,246 [AetherRepositoryConnector-maven.vie.sst.stp-2-0] INFO  o.e.m.c.i.e.AbstractTransferListenerAdapter - Downloaded http://maven.vie.sst.stp/content/groups/approved/org/apache/tomcat/embed/tomcat-embed-websocket/10.1.26/tomcat-embed-websocket-10.1.26.jar
2024-08-18 09:18:42,417 [AetherRepositoryConnector-maven.vie.sst.stp-2-0] INFO  o.e.m.c.i.e.AbstractTransferListenerAdapter - Downloading http://maven.vie.sst.stp/content/groups/approved/org/springframework/spring-web/6.1.11/spring-web-6.1.11.jar
2024-08-18 09:18:42,630 [AetherRepositoryConnector-maven.vie.sst.stp-2-2] INFO  o.e.m.c.i.e.AbstractTransferListenerAdapter - Downloaded http://maven.vie.sst.stp/content/groups/approved/org/apache/tomcat/embed/tomcat-embed-el/10.1.26/tomcat-embed-el-10.1.26.jar
2024-08-18 09:18:42,737 [AetherRepositoryConnector-maven.vie.sst.stp-1-3] INFO  o.e.m.c.i.e.AbstractTransferListenerAdapter - Downloaded http://maven.vie.sst.stp/content/groups/approved/org/springframework/spring-expression/6.1.11/spring-expression-6.1.11.jar
2024-08-18 09:18:42,798 [AetherRepositoryConnector-maven.vie.sst.stp-2-2] INFO  o.e.m.c.i.e.AbstractTransferListenerAdapter - Downloading http://maven.vie.sst.stp/content/groups/approved/io/micrometer/micrometer-observation/1.12.8/micrometer-observation-1.12.8.jar
2024-08-18 09:18:42,913 [AetherRepositoryConnector-maven.vie.sst.stp-2-3] INFO  o.e.m.c.i.e.AbstractTransferListenerAdapter - Downloaded http://maven.vie.sst.stp/content/groups/approved/com/fasterxml/jackson/core/jackson-databind/2.15.4/jackson-databind-2.15.4.jar
2024-08-18 09:18:43,084 [AetherRepositoryConnector-maven.vie.sst.stp-2-3] INFO  o.e.m.c.i.e.AbstractTransferListenerAdapter - Downloading http://maven.vie.sst.stp/content/groups/approved/io/micrometer/micrometer-commons/1.12.8/micrometer-commons-1.12.8.jar
2024-08-18 09:18:43,145 [AetherRepositoryConnector-maven.vie.sst.stp-2-2] INFO  o.e.m.c.i.e.AbstractTransferListenerAdapter - Downloaded http://maven.vie.sst.stp/content/groups/approved/io/micrometer/micrometer-observation/1.12.8/micrometer-observation-1.12.8.jar
2024-08-18 09:18:43,211 [AetherRepositoryConnector-maven.vie.sst.stp-1-3] INFO  o.e.m.c.i.e.AbstractTransferListenerAdapter - Downloading http://maven.vie.sst.stp/content/groups/approved/org/springframework/boot/spring-boot-devtools/3.2.8/spring-boot-devtools-3.2.8.jar
2024-08-18 09:18:43,266 [AetherRepositoryConnector-maven.vie.sst.stp-2-3] INFO  o.e.m.c.i.e.AbstractTransferListenerAdapter - Downloaded http://maven.vie.sst.stp/content/groups/approved/io/micrometer/micrometer-commons/1.12.8/micrometer-commons-1.12.8.jar
2024-08-18 09:18:43,314 [AetherRepositoryConnector-maven.vie.sst.stp-2-2] INFO  o.e.m.c.i.e.AbstractTransferListenerAdapter - Downloading http://maven.vie.sst.stp/content/groups/approved/org/springframework/spring-webmvc/6.1.11/spring-webmvc-6.1.11.jar
2024-08-18 09:18:43,435 [AetherRepositoryConnector-maven.vie.sst.stp-2-3] INFO  o.e.m.c.i.e.AbstractTransferListenerAdapter - Downloading http://maven.vie.sst.stp/content/groups/approved/org/springframework/spring-expression/6.1.11/spring-expression-6.1.11.jar
2024-08-18 09:18:43,546 [AetherRepositoryConnector-maven.vie.sst.stp-1-1] INFO  o.e.m.c.i.e.AbstractTransferListenerAdapter - Downloaded http://maven.vie.sst.stp/content/groups/approved/org/springframework/spring-webmvc/6.1.11/spring-webmvc-6.1.11.jar
2024-08-18 09:18:43,861 [AetherRepositoryConnector-maven.vie.sst.stp-1-1] INFO  o.e.m.c.i.e.AbstractTransferListenerAdapter - Downloading http://maven.vie.sst.stp/content/groups/approved/org/springframework/boot/spring-boot/3.2.8/spring-boot-3.2.8.jar
2024-08-18 09:18:44,110 [AetherRepositoryConnector-maven.vie.sst.stp-2-3] INFO  o.e.m.c.i.e.AbstractTransferListenerAdapter - Downloaded http://maven.vie.sst.stp/content/groups/approved/org/springframework/spring-expression/6.1.11/spring-expression-6.1.11.jar
2024-08-18 09:18:44,129 [AetherRepositoryConnector-maven.vie.sst.stp-1-3] INFO  o.e.m.c.i.e.AbstractTransferListenerAdapter - Downloaded http://maven.vie.sst.stp/content/groups/approved/org/springframework/boot/spring-boot-devtools/3.2.8/spring-boot-devtools-3.2.8.jar
2024-08-18 09:18:44,279 [AetherRepositoryConnector-maven.vie.sst.stp-2-3] INFO  o.e.m.c.i.e.AbstractTransferListenerAdapter - Downloading http://maven.vie.sst.stp/content/groups/approved/org/springframework/boot/spring-boot-devtools/3.2.8/spring-boot-devtools-3.2.8.jar
2024-08-18 09:18:44,450 [AetherRepositoryConnector-maven.vie.sst.stp-1-3] INFO  o.e.m.c.i.e.AbstractTransferListenerAdapter - Downloading http://maven.vie.sst.stp/content/groups/approved/org/springframework/boot/spring-boot-autoconfigure/3.2.8/spring-boot-autoconfigure-3.2.8.jar
2024-08-18 09:18:44,500 [AetherRepositoryConnector-maven.vie.sst.stp-1-0] INFO  o.e.m.c.i.e.AbstractTransferListenerAdapter - Downloaded http://maven.vie.sst.stp/content/groups/approved/org/springframework/spring-web/6.1.11/spring-web-6.1.11.jar
2024-08-18 09:18:44,762 [AetherRepositoryConnector-maven.vie.sst.stp-1-0] INFO  o.e.m.c.i.e.AbstractTransferListenerAdapter - Downloading http://maven.vie.sst.stp/content/groups/approved/org/postgresql/postgresql/42.6.2/postgresql-42.6.2.jar
2024-08-18 09:18:44,785 [AetherRepositoryConnector-maven.vie.sst.stp-2-3] INFO  o.e.m.c.i.e.AbstractTransferListenerAdapter - Downloaded http://maven.vie.sst.stp/content/groups/approved/org/springframework/boot/spring-boot-devtools/3.2.8/spring-boot-devtools-3.2.8.jar
2024-08-18 09:18:44,955 [AetherRepositoryConnector-maven.vie.sst.stp-2-3] INFO  o.e.m.c.i.e.AbstractTransferListenerAdapter - Downloading http://maven.vie.sst.stp/content/groups/approved/org/springframework/boot/spring-boot/3.2.8/spring-boot-3.2.8.jar
2024-08-18 09:18:45,539 [AetherRepositoryConnector-maven.vie.sst.stp-1-2] INFO  o.e.m.c.i.e.AbstractTransferListenerAdapter - Downloaded http://maven.vie.sst.stp/content/groups/approved/org/apache/tomcat/embed/tomcat-embed-core/10.1.26/tomcat-embed-core-10.1.26.jar
2024-08-18 09:18:45,797 [AetherRepositoryConnector-maven.vie.sst.stp-1-2] INFO  o.e.m.c.i.e.AbstractTransferListenerAdapter - Downloading http://maven.vie.sst.stp/content/groups/approved/org/checkerframework/checker-qual/3.31.0/checker-qual-3.31.0.jar
2024-08-18 09:18:46,382 [AetherRepositoryConnector-maven.vie.sst.stp-1-2] INFO  o.e.m.c.i.e.AbstractTransferListenerAdapter - Downloaded http://maven.vie.sst.stp/content/groups/approved/org/checkerframework/checker-qual/3.31.0/checker-qual-3.31.0.jar
2024-08-18 09:18:46,668 [AetherRepositoryConnector-maven.vie.sst.stp-1-2] INFO  o.e.m.c.i.e.AbstractTransferListenerAdapter - Downloading http://maven.vie.sst.stp/content/groups/approved/org/springframework/boot/spring-boot-starter-test/3.2.8/spring-boot-starter-test-3.2.8.jar
2024-08-18 09:18:46,765 [AetherRepositoryConnector-maven.vie.sst.stp-1-1] INFO  o.e.m.c.i.e.AbstractTransferListenerAdapter - Downloaded http://maven.vie.sst.stp/content/groups/approved/org/springframework/boot/spring-boot/3.2.8/spring-boot-3.2.8.jar
2024-08-18 09:18:46,925 [AetherRepositoryConnector-maven.vie.sst.stp-1-2] INFO  o.e.m.c.i.e.AbstractTransferListenerAdapter - Downloaded http://maven.vie.sst.stp/content/groups/approved/org/springframework/boot/spring-boot-starter-test/3.2.8/spring-boot-starter-test-3.2.8.jar
2024-08-18 09:18:46,944 [AetherRepositoryConnector-maven.vie.sst.stp-2-2] INFO  o.e.m.c.i.e.AbstractTransferListenerAdapter - Downloaded http://maven.vie.sst.stp/content/groups/approved/org/springframework/spring-webmvc/6.1.11/spring-webmvc-6.1.11.jar
2024-08-18 09:18:47,001 [AetherRepositoryConnector-maven.vie.sst.stp-1-0] INFO  o.e.m.c.i.e.AbstractTransferListenerAdapter - Downloaded http://maven.vie.sst.stp/content/groups/approved/org/postgresql/postgresql/42.6.2/postgresql-42.6.2.jar
2024-08-18 09:18:47,054 [AetherRepositoryConnector-maven.vie.sst.stp-1-1] INFO  o.e.m.c.i.e.AbstractTransferListenerAdapter - Downloading http://maven.vie.sst.stp/content/groups/approved/org/springframework/boot/spring-boot-test/3.2.8/spring-boot-test-3.2.8.jar
2024-08-18 09:18:47,067 [AetherRepositoryConnector-maven.vie.sst.stp-2-0] INFO  o.e.m.c.i.e.AbstractTransferListenerAdapter - Downloaded http://maven.vie.sst.stp/content/groups/approved/org/springframework/spring-web/6.1.11/spring-web-6.1.11.jar
2024-08-18 09:18:47,113 [AetherRepositoryConnector-maven.vie.sst.stp-2-2] INFO  o.e.m.c.i.e.AbstractTransferListenerAdapter - Downloading http://maven.vie.sst.stp/content/groups/approved/org/springframework/boot/spring-boot-autoconfigure/3.2.8/spring-boot-autoconfigure-3.2.8.jar
2024-08-18 09:18:47,213 [AetherRepositoryConnector-maven.vie.sst.stp-1-2] INFO  o.e.m.c.i.e.AbstractTransferListenerAdapter - Downloading http://maven.vie.sst.stp/content/groups/approved/org/springframework/boot/spring-boot-test-autoconfigure/3.2.8/spring-boot-test-autoconfigure-3.2.8.jar
2024-08-18 09:18:47,236 [AetherRepositoryConnector-maven.vie.sst.stp-2-0] INFO  o.e.m.c.i.e.AbstractTransferListenerAdapter - Downloading http://maven.vie.sst.stp/content/groups/approved/org/postgresql/postgresql/42.6.2/postgresql-42.6.2.jar
2024-08-18 09:18:47,255 [AetherRepositoryConnector-maven.vie.sst.stp-1-0] INFO  o.e.m.c.i.e.AbstractTransferListenerAdapter - Downloading http://maven.vie.sst.stp/content/groups/approved/com/jayway/jsonpath/json-path/2.9.0/json-path-2.9.0.jar
2024-08-18 09:18:47,647 [AetherRepositoryConnector-maven.vie.sst.stp-1-1] INFO  o.e.m.c.i.e.AbstractTransferListenerAdapter - Downloaded http://maven.vie.sst.stp/content/groups/approved/org/springframework/boot/spring-boot-test/3.2.8/spring-boot-test-3.2.8.jar
2024-08-18 09:18:47,805 [AetherRepositoryConnector-maven.vie.sst.stp-1-2] INFO  o.e.m.c.i.e.AbstractTransferListenerAdapter - Downloaded http://maven.vie.sst.stp/content/groups/approved/org/springframework/boot/spring-boot-test-autoconfigure/3.2.8/spring-boot-test-autoconfigure-3.2.8.jar
2024-08-18 09:18:47,903 [AetherRepositoryConnector-maven.vie.sst.stp-1-1] INFO  o.e.m.c.i.e.AbstractTransferListenerAdapter - Downloading http://maven.vie.sst.stp/content/groups/approved/jakarta/xml/bind/jakarta.xml.bind-api/4.0.2/jakarta.xml.bind-api-4.0.2.jar
2024-08-18 09:18:47,947 [AetherRepositoryConnector-maven.vie.sst.stp-2-3] INFO  o.e.m.c.i.e.AbstractTransferListenerAdapter - Downloaded http://maven.vie.sst.stp/content/groups/approved/org/springframework/boot/spring-boot/3.2.8/spring-boot-3.2.8.jar
2024-08-18 09:18:48,010 [AetherRepositoryConnector-maven.vie.sst.stp-1-0] INFO  o.e.m.c.i.e.AbstractTransferListenerAdapter - Downloaded http://maven.vie.sst.stp/content/groups/approved/com/jayway/jsonpath/json-path/2.9.0/json-path-2.9.0.jar
2024-08-18 09:18:48,066 [AetherRepositoryConnector-maven.vie.sst.stp-1-2] INFO  o.e.m.c.i.e.AbstractTransferListenerAdapter - Downloading http://maven.vie.sst.stp/content/groups/approved/jakarta/activation/jakarta.activation-api/2.1.3/jakarta.activation-api-2.1.3.jar
2024-08-18 09:18:48,116 [AetherRepositoryConnector-maven.vie.sst.stp-2-3] INFO  o.e.m.c.i.e.AbstractTransferListenerAdapter - Downloading http://maven.vie.sst.stp/content/groups/approved/org/checkerframework/checker-qual/3.31.0/checker-qual-3.31.0.jar
2024-08-18 09:18:48,264 [AetherRepositoryConnector-maven.vie.sst.stp-1-0] INFO  o.e.m.c.i.e.AbstractTransferListenerAdapter - Downloading http://maven.vie.sst.stp/content/groups/approved/net/minidev/json-smart/2.5.1/json-smart-2.5.1.jar
2024-08-18 09:18:48,329 [AetherRepositoryConnector-maven.vie.sst.stp-1-2] INFO  o.e.m.c.i.e.AbstractTransferListenerAdapter - Downloaded http://maven.vie.sst.stp/content/groups/approved/jakarta/activation/jakarta.activation-api/2.1.3/jakarta.activation-api-2.1.3.jar
2024-08-18 09:18:48,428 [AetherRepositoryConnector-maven.vie.sst.stp-1-1] INFO  o.e.m.c.i.e.AbstractTransferListenerAdapter - Downloaded http://maven.vie.sst.stp/content/groups/approved/jakarta/xml/bind/jakarta.xml.bind-api/4.0.2/jakarta.xml.bind-api-4.0.2.jar
2024-08-18 09:18:48,582 [AetherRepositoryConnector-maven.vie.sst.stp-1-2] INFO  o.e.m.c.i.e.AbstractTransferListenerAdapter - Downloading http://maven.vie.sst.stp/content/groups/approved/net/minidev/accessors-smart/2.5.1/accessors-smart-2.5.1.jar
2024-08-18 09:18:48,601 [AetherRepositoryConnector-maven.vie.sst.stp-1-1] INFO  o.e.m.c.i.e.AbstractTransferListenerAdapter - Downloading http://maven.vie.sst.stp/content/groups/approved/org/ow2/asm/asm/9.6/asm-9.6.jar
2024-08-18 09:18:48,629 [AetherRepositoryConnector-maven.vie.sst.stp-2-3] INFO  o.e.m.c.i.e.AbstractTransferListenerAdapter - Downloaded http://maven.vie.sst.stp/content/groups/approved/org/checkerframework/checker-qual/3.31.0/checker-qual-3.31.0.jar
2024-08-18 09:18:48,691 [AetherRepositoryConnector-maven.vie.sst.stp-1-0] INFO  o.e.m.c.i.e.AbstractTransferListenerAdapter - Downloaded http://maven.vie.sst.stp/content/groups/approved/net/minidev/json-smart/2.5.1/json-smart-2.5.1.jar
2024-08-18 09:18:48,759 [AetherRepositoryConnector-maven.vie.sst.stp-2-4] INFO  o.e.m.c.i.e.AbstractTransferListenerAdapter - Downloaded http://maven.vie.sst.stp/content/groups/approved/org/hibernate/orm/hibernate-core/6.4.9.Final/hibernate-core-6.4.9.Final.jar
2024-08-18 09:18:48,798 [AetherRepositoryConnector-maven.vie.sst.stp-2-3] INFO  o.e.m.c.i.e.AbstractTransferListenerAdapter - Downloading http://maven.vie.sst.stp/content/groups/approved/org/springframework/boot/spring-boot-starter-test/3.2.8/spring-boot-starter-test-3.2.8.jar
2024-08-18 09:18:48,840 [AetherRepositoryConnector-maven.vie.sst.stp-1-2] INFO  o.e.m.c.i.e.AbstractTransferListenerAdapter - Downloaded http://maven.vie.sst.stp/content/groups/approved/net/minidev/accessors-smart/2.5.1/accessors-smart-2.5.1.jar
2024-08-18 09:18:48,927 [AetherRepositoryConnector-maven.vie.sst.stp-2-4] INFO  o.e.m.c.i.e.AbstractTransferListenerAdapter - Downloading http://maven.vie.sst.stp/content/groups/approved/org/springframework/boot/spring-boot-test/3.2.8/spring-boot-test-3.2.8.jar
2024-08-18 09:18:48,955 [AetherRepositoryConnector-maven.vie.sst.stp-1-0] INFO  o.e.m.c.i.e.AbstractTransferListenerAdapter - Downloading http://maven.vie.sst.stp/content/groups/approved/org/assertj/assertj-core/3.24.2/assertj-core-3.24.2.jar
2024-08-18 09:18:48,973 [AetherRepositoryConnector-maven.vie.sst.stp-2-3] INFO  o.e.m.c.i.e.AbstractTransferListenerAdapter - Downloaded http://maven.vie.sst.stp/content/groups/approved/org/springframework/boot/spring-boot-starter-test/3.2.8/spring-boot-starter-test-3.2.8.jar
2024-08-18 09:18:49,095 [AetherRepositoryConnector-maven.vie.sst.stp-1-2] INFO  o.e.m.c.i.e.AbstractTransferListenerAdapter - Downloading http://maven.vie.sst.stp/content/groups/approved/org/awaitility/awaitility/4.2.1/awaitility-4.2.1.jar
2024-08-18 09:18:49,107 [AetherRepositoryConnector-maven.vie.sst.stp-1-1] INFO  o.e.m.c.i.e.AbstractTransferListenerAdapter - Downloaded http://maven.vie.sst.stp/content/groups/approved/org/ow2/asm/asm/9.6/asm-9.6.jar
2024-08-18 09:18:49,145 [AetherRepositoryConnector-maven.vie.sst.stp-2-3] INFO  o.e.m.c.i.e.AbstractTransferListenerAdapter - Downloading http://maven.vie.sst.stp/content/groups/approved/org/springframework/boot/spring-boot-test-autoconfigure/3.2.8/spring-boot-test-autoconfigure-3.2.8.jar
2024-08-18 09:18:49,368 [AetherRepositoryConnector-maven.vie.sst.stp-1-1] INFO  o.e.m.c.i.e.AbstractTransferListenerAdapter - Downloading http://maven.vie.sst.stp/content/groups/approved/org/junit/jupiter/junit-jupiter/5.10.3/junit-jupiter-5.10.3.jar
2024-08-18 09:18:49,627 [AetherRepositoryConnector-maven.vie.sst.stp-1-1] INFO  o.e.m.c.i.e.AbstractTransferListenerAdapter - Downloaded http://maven.vie.sst.stp/content/groups/approved/org/junit/jupiter/junit-jupiter/5.10.3/junit-jupiter-5.10.3.jar
2024-08-18 09:18:49,655 [AetherRepositoryConnector-maven.vie.sst.stp-2-3] INFO  o.e.m.c.i.e.AbstractTransferListenerAdapter - Downloaded http://maven.vie.sst.stp/content/groups/approved/org/springframework/boot/spring-boot-test-autoconfigure/3.2.8/spring-boot-test-autoconfigure-3.2.8.jar
2024-08-18 09:18:49,745 [AetherRepositoryConnector-maven.vie.sst.stp-2-0] INFO  o.e.m.c.i.e.AbstractTransferListenerAdapter - Downloaded http://maven.vie.sst.stp/content/groups/approved/org/postgresql/postgresql/42.6.2/postgresql-42.6.2.jar
2024-08-18 09:18:49,762 [AetherRepositoryConnector-maven.vie.sst.stp-2-4] INFO  o.e.m.c.i.e.AbstractTransferListenerAdapter - Downloaded http://maven.vie.sst.stp/content/groups/approved/org/springframework/boot/spring-boot-test/3.2.8/spring-boot-test-3.2.8.jar
2024-08-18 09:18:49,816 [AetherRepositoryConnector-maven.vie.sst.stp-1-3] INFO  o.e.m.c.i.e.AbstractTransferListenerAdapter - Downloaded http://maven.vie.sst.stp/content/groups/approved/org/springframework/boot/spring-boot-autoconfigure/3.2.8/spring-boot-autoconfigure-3.2.8.jar
2024-08-18 09:18:49,822 [AetherRepositoryConnector-maven.vie.sst.stp-2-3] INFO  o.e.m.c.i.e.AbstractTransferListenerAdapter - Downloading http://maven.vie.sst.stp/content/groups/approved/com/jayway/jsonpath/json-path/2.9.0/json-path-2.9.0.jar
2024-08-18 09:18:49,842 [AetherRepositoryConnector-maven.vie.sst.stp-1-2] INFO  o.e.m.c.i.e.AbstractTransferListenerAdapter - Downloaded http://maven.vie.sst.stp/content/groups/approved/org/awaitility/awaitility/4.2.1/awaitility-4.2.1.jar
2024-08-18 09:18:49,885 [AetherRepositoryConnector-maven.vie.sst.stp-1-1] INFO  o.e.m.c.i.e.AbstractTransferListenerAdapter - Downloading http://maven.vie.sst.stp/content/groups/approved/org/junit/jupiter/junit-jupiter-api/5.10.3/junit-jupiter-api-5.10.3.jar
2024-08-18 09:18:49,913 [AetherRepositoryConnector-maven.vie.sst.stp-2-0] INFO  o.e.m.c.i.e.AbstractTransferListenerAdapter - Downloading http://maven.vie.sst.stp/content/groups/approved/jakarta/xml/bind/jakarta.xml.bind-api/4.0.2/jakarta.xml.bind-api-4.0.2.jar
2024-08-18 09:18:49,933 [AetherRepositoryConnector-maven.vie.sst.stp-2-4] INFO  o.e.m.c.i.e.AbstractTransferListenerAdapter - Downloading http://maven.vie.sst.stp/content/groups/approved/jakarta/activation/jakarta.activation-api/2.1.3/jakarta.activation-api-2.1.3.jar
2024-08-18 09:18:50,066 [AetherRepositoryConnector-maven.vie.sst.stp-1-3] INFO  o.e.m.c.i.e.AbstractTransferListenerAdapter - Downloading http://maven.vie.sst.stp/content/groups/approved/org/opentest4j/opentest4j/1.3.0/opentest4j-1.3.0.jar
2024-08-18 09:18:50,104 [AetherRepositoryConnector-maven.vie.sst.stp-1-2] INFO  o.e.m.c.i.e.AbstractTransferListenerAdapter - Downloading http://maven.vie.sst.stp/content/groups/approved/org/junit/platform/junit-platform-commons/1.10.3/junit-platform-commons-1.10.3.jar
2024-08-18 09:18:50,123 [AetherRepositoryConnector-maven.vie.sst.stp-2-4] INFO  o.e.m.c.i.e.AbstractTransferListenerAdapter - Downloaded http://maven.vie.sst.stp/content/groups/approved/jakarta/activation/jakarta.activation-api/2.1.3/jakarta.activation-api-2.1.3.jar
2024-08-18 09:18:50,263 [AetherRepositoryConnector-maven.vie.sst.stp-2-0] INFO  o.e.m.c.i.e.AbstractTransferListenerAdapter - Downloaded http://maven.vie.sst.stp/content/groups/approved/jakarta/xml/bind/jakarta.xml.bind-api/4.0.2/jakarta.xml.bind-api-4.0.2.jar
2024-08-18 09:18:50,290 [AetherRepositoryConnector-maven.vie.sst.stp-2-4] INFO  o.e.m.c.i.e.AbstractTransferListenerAdapter - Downloading http://maven.vie.sst.stp/content/groups/approved/net/minidev/json-smart/2.5.1/json-smart-2.5.1.jar
2024-08-18 09:18:50,327 [AetherRepositoryConnector-maven.vie.sst.stp-1-3] INFO  o.e.m.c.i.e.AbstractTransferListenerAdapter - Downloaded http://maven.vie.sst.stp/content/groups/approved/org/opentest4j/opentest4j/1.3.0/opentest4j-1.3.0.jar
2024-08-18 09:18:50,432 [AetherRepositoryConnector-maven.vie.sst.stp-2-0] INFO  o.e.m.c.i.e.AbstractTransferListenerAdapter - Downloading http://maven.vie.sst.stp/content/groups/approved/net/minidev/accessors-smart/2.5.1/accessors-smart-2.5.1.jar
2024-08-18 09:18:50,476 [AetherRepositoryConnector-maven.vie.sst.stp-1-1] INFO  o.e.m.c.i.e.AbstractTransferListenerAdapter - Downloaded http://maven.vie.sst.stp/content/groups/approved/org/junit/jupiter/junit-jupiter-api/5.10.3/junit-jupiter-api-5.10.3.jar
2024-08-18 09:18:50,491 [AetherRepositoryConnector-maven.vie.sst.stp-2-3] INFO  o.e.m.c.i.e.AbstractTransferListenerAdapter - Downloaded http://maven.vie.sst.stp/content/groups/approved/com/jayway/jsonpath/json-path/2.9.0/json-path-2.9.0.jar
2024-08-18 09:18:50,508 [AetherRepositoryConnector-maven.vie.sst.stp-2-1] INFO  o.e.m.c.i.e.AbstractTransferListenerAdapter - Downloaded http://maven.vie.sst.stp/content/groups/approved/org/apache/tomcat/embed/tomcat-embed-core/10.1.26/tomcat-embed-core-10.1.26.jar
2024-08-18 09:18:50,585 [AetherRepositoryConnector-maven.vie.sst.stp-1-3] INFO  o.e.m.c.i.e.AbstractTransferListenerAdapter - Downloading http://maven.vie.sst.stp/content/groups/approved/org/junit/jupiter/junit-jupiter-params/5.10.3/junit-jupiter-params-5.10.3.jar
2024-08-18 09:18:50,613 [AetherRepositoryConnector-maven.vie.sst.stp-2-0] INFO  o.e.m.c.i.e.AbstractTransferListenerAdapter - Downloaded http://maven.vie.sst.stp/content/groups/approved/net/minidev/accessors-smart/2.5.1/accessors-smart-2.5.1.jar
2024-08-18 09:18:50,635 [AetherRepositoryConnector-maven.vie.sst.stp-2-4] INFO  o.e.m.c.i.e.AbstractTransferListenerAdapter - Downloaded http://maven.vie.sst.stp/content/groups/approved/net/minidev/json-smart/2.5.1/json-smart-2.5.1.jar
2024-08-18 09:18:50,659 [AetherRepositoryConnector-maven.vie.sst.stp-2-3] INFO  o.e.m.c.i.e.AbstractTransferListenerAdapter - Downloading http://maven.vie.sst.stp/content/groups/approved/org/ow2/asm/asm/9.6/asm-9.6.jar
2024-08-18 09:18:50,675 [AetherRepositoryConnector-maven.vie.sst.stp-2-1] INFO  o.e.m.c.i.e.AbstractTransferListenerAdapter - Downloading http://maven.vie.sst.stp/content/groups/approved/org/assertj/assertj-core/3.24.2/assertj-core-3.24.2.jar
2024-08-18 09:18:50,695 [AetherRepositoryConnector-maven.vie.sst.stp-1-2] INFO  o.e.m.c.i.e.AbstractTransferListenerAdapter - Downloaded http://maven.vie.sst.stp/content/groups/approved/org/junit/platform/junit-platform-commons/1.10.3/junit-platform-commons-1.10.3.jar
2024-08-18 09:18:50,732 [AetherRepositoryConnector-maven.vie.sst.stp-1-1] INFO  o.e.m.c.i.e.AbstractTransferListenerAdapter - Downloading http://maven.vie.sst.stp/content/groups/approved/org/junit/jupiter/junit-jupiter-engine/5.10.3/junit-jupiter-engine-5.10.3.jar
2024-08-18 09:18:50,803 [AetherRepositoryConnector-maven.vie.sst.stp-2-4] INFO  o.e.m.c.i.e.AbstractTransferListenerAdapter - Downloading http://maven.vie.sst.stp/content/groups/approved/org/junit/jupiter/junit-jupiter/5.10.3/junit-jupiter-5.10.3.jar
2024-08-18 09:18:50,945 [AetherRepositoryConnector-maven.vie.sst.stp-2-0] INFO  o.e.m.c.i.e.AbstractTransferListenerAdapter - Downloading http://maven.vie.sst.stp/content/groups/approved/org/awaitility/awaitility/4.2.1/awaitility-4.2.1.jar
2024-08-18 09:18:50,952 [AetherRepositoryConnector-maven.vie.sst.stp-1-2] INFO  o.e.m.c.i.e.AbstractTransferListenerAdapter - Downloading http://maven.vie.sst.stp/content/groups/approved/org/junit/platform/junit-platform-engine/1.10.3/junit-platform-engine-1.10.3.jar
2024-08-18 09:18:50,994 [AetherRepositoryConnector-maven.vie.sst.stp-2-4] INFO  o.e.m.c.i.e.AbstractTransferListenerAdapter - Downloaded http://maven.vie.sst.stp/content/groups/approved/org/junit/jupiter/junit-jupiter/5.10.3/junit-jupiter-5.10.3.jar
2024-08-18 09:18:51,005 [AetherRepositoryConnector-maven.vie.sst.stp-2-3] INFO  o.e.m.c.i.e.AbstractTransferListenerAdapter - Downloaded http://maven.vie.sst.stp/content/groups/approved/org/ow2/asm/asm/9.6/asm-9.6.jar
2024-08-18 09:18:51,161 [AetherRepositoryConnector-maven.vie.sst.stp-2-4] INFO  o.e.m.c.i.e.AbstractTransferListenerAdapter - Downloading http://maven.vie.sst.stp/content/groups/approved/org/junit/jupiter/junit-jupiter-api/5.10.3/junit-jupiter-api-5.10.3.jar
2024-08-18 09:18:51,176 [AetherRepositoryConnector-maven.vie.sst.stp-2-3] INFO  o.e.m.c.i.e.AbstractTransferListenerAdapter - Downloading http://maven.vie.sst.stp/content/groups/approved/org/opentest4j/opentest4j/1.3.0/opentest4j-1.3.0.jar
2024-08-18 09:18:51,354 [AetherRepositoryConnector-maven.vie.sst.stp-2-3] INFO  o.e.m.c.i.e.AbstractTransferListenerAdapter - Downloaded http://maven.vie.sst.stp/content/groups/approved/org/opentest4j/opentest4j/1.3.0/opentest4j-1.3.0.jar
2024-08-18 09:18:51,478 [AetherRepositoryConnector-maven.vie.sst.stp-1-1] INFO  o.e.m.c.i.e.AbstractTransferListenerAdapter - Downloaded http://maven.vie.sst.stp/content/groups/approved/org/junit/jupiter/junit-jupiter-engine/5.10.3/junit-jupiter-engine-5.10.3.jar
2024-08-18 09:18:51,522 [AetherRepositoryConnector-maven.vie.sst.stp-2-3] INFO  o.e.m.c.i.e.AbstractTransferListenerAdapter - Downloading http://maven.vie.sst.stp/content/groups/approved/org/junit/platform/junit-platform-commons/1.10.3/junit-platform-commons-1.10.3.jar
2024-08-18 09:18:51,612 [AetherRepositoryConnector-maven.vie.sst.stp-2-0] INFO  o.e.m.c.i.e.AbstractTransferListenerAdapter - Downloaded http://maven.vie.sst.stp/content/groups/approved/org/awaitility/awaitility/4.2.1/awaitility-4.2.1.jar
2024-08-18 09:18:51,675 [AetherRepositoryConnector-maven.vie.sst.stp-2-4] INFO  o.e.m.c.i.e.AbstractTransferListenerAdapter - Downloaded http://maven.vie.sst.stp/content/groups/approved/org/junit/jupiter/junit-jupiter-api/5.10.3/junit-jupiter-api-5.10.3.jar
2024-08-18 09:18:51,733 [AetherRepositoryConnector-maven.vie.sst.stp-1-1] INFO  o.e.m.c.i.e.AbstractTransferListenerAdapter - Downloading http://maven.vie.sst.stp/content/groups/approved/org/mockito/mockito-core/5.7.0/mockito-core-5.7.0.jar
2024-08-18 09:18:51,782 [AetherRepositoryConnector-maven.vie.sst.stp-2-0] INFO  o.e.m.c.i.e.AbstractTransferListenerAdapter - Downloading http://maven.vie.sst.stp/content/groups/approved/org/junit/jupiter/junit-jupiter-params/5.10.3/junit-jupiter-params-5.10.3.jar
2024-08-18 09:18:51,844 [AetherRepositoryConnector-maven.vie.sst.stp-2-4] INFO  o.e.m.c.i.e.AbstractTransferListenerAdapter - Downloading http://maven.vie.sst.stp/content/groups/approved/org/junit/jupiter/junit-jupiter-engine/5.10.3/junit-jupiter-engine-5.10.3.jar
2024-08-18 09:18:51,865 [AetherRepositoryConnector-maven.vie.sst.stp-1-2] INFO  o.e.m.c.i.e.AbstractTransferListenerAdapter - Downloaded http://maven.vie.sst.stp/content/groups/approved/org/junit/platform/junit-platform-engine/1.10.3/junit-platform-engine-1.10.3.jar
2024-08-18 09:18:51,866 [AetherRepositoryConnector-maven.vie.sst.stp-2-3] INFO  o.e.m.c.i.e.AbstractTransferListenerAdapter - Downloaded http://maven.vie.sst.stp/content/groups/approved/org/junit/platform/junit-platform-commons/1.10.3/junit-platform-commons-1.10.3.jar
2024-08-18 09:18:52,010 [AetherRepositoryConnector-maven.vie.sst.stp-1-0] INFO  o.e.m.c.i.e.AbstractTransferListenerAdapter - Downloaded http://maven.vie.sst.stp/content/groups/approved/org/assertj/assertj-core/3.24.2/assertj-core-3.24.2.jar
2024-08-18 09:18:52,022 [AetherRepositoryConnector-maven.vie.sst.stp-1-3] INFO  o.e.m.c.i.e.AbstractTransferListenerAdapter - Downloaded http://maven.vie.sst.stp/content/groups/approved/org/junit/jupiter/junit-jupiter-params/5.10.3/junit-jupiter-params-5.10.3.jar
2024-08-18 09:18:52,034 [AetherRepositoryConnector-maven.vie.sst.stp-2-3] INFO  o.e.m.c.i.e.AbstractTransferListenerAdapter - Downloading http://maven.vie.sst.stp/content/groups/approved/org/junit/platform/junit-platform-engine/1.10.3/junit-platform-engine-1.10.3.jar
2024-08-18 09:18:52,076 [AetherRepositoryConnector-maven.vie.sst.stp-2-2] INFO  o.e.m.c.i.e.AbstractTransferListenerAdapter - Downloaded http://maven.vie.sst.stp/content/groups/approved/org/springframework/boot/spring-boot-autoconfigure/3.2.8/spring-boot-autoconfigure-3.2.8.jar
2024-08-18 09:18:52,125 [AetherRepositoryConnector-maven.vie.sst.stp-1-2] INFO  o.e.m.c.i.e.AbstractTransferListenerAdapter - Downloading http://maven.vie.sst.stp/content/groups/approved/net/bytebuddy/byte-buddy-agent/1.14.18/byte-buddy-agent-1.14.18.jar
2024-08-18 09:18:52,244 [AetherRepositoryConnector-maven.vie.sst.stp-2-2] INFO  o.e.m.c.i.e.AbstractTransferListenerAdapter - Downloading http://maven.vie.sst.stp/content/groups/approved/org/mockito/mockito-core/5.7.0/mockito-core-5.7.0.jar
2024-08-18 09:18:52,269 [AetherRepositoryConnector-maven.vie.sst.stp-1-0] INFO  o.e.m.c.i.e.AbstractTransferListenerAdapter - Downloading http://maven.vie.sst.stp/content/groups/approved/org/objenesis/objenesis/3.3/objenesis-3.3.jar
2024-08-18 09:18:52,276 [AetherRepositoryConnector-maven.vie.sst.stp-1-3] INFO  o.e.m.c.i.e.AbstractTransferListenerAdapter - Downloading http://maven.vie.sst.stp/content/groups/approved/org/mockito/mockito-junit-jupiter/5.7.0/mockito-junit-jupiter-5.7.0.jar
2024-08-18 09:18:52,515 [AetherRepositoryConnector-maven.vie.sst.stp-2-4] INFO  o.e.m.c.i.e.AbstractTransferListenerAdapter - Downloaded http://maven.vie.sst.stp/content/groups/approved/org/junit/jupiter/junit-jupiter-engine/5.10.3/junit-jupiter-engine-5.10.3.jar
2024-08-18 09:18:52,532 [AetherRepositoryConnector-maven.vie.sst.stp-1-0] INFO  o.e.m.c.i.e.AbstractTransferListenerAdapter - Downloaded http://maven.vie.sst.stp/content/groups/approved/org/objenesis/objenesis/3.3/objenesis-3.3.jar
2024-08-18 09:18:52,537 [AetherRepositoryConnector-maven.vie.sst.stp-1-3] INFO  o.e.m.c.i.e.AbstractTransferListenerAdapter - Downloaded http://maven.vie.sst.stp/content/groups/approved/org/mockito/mockito-junit-jupiter/5.7.0/mockito-junit-jupiter-5.7.0.jar
2024-08-18 09:18:52,562 [AetherRepositoryConnector-maven.vie.sst.stp-2-3] INFO  o.e.m.c.i.e.AbstractTransferListenerAdapter - Downloaded http://maven.vie.sst.stp/content/groups/approved/org/junit/platform/junit-platform-engine/1.10.3/junit-platform-engine-1.10.3.jar
2024-08-18 09:18:52,685 [AetherRepositoryConnector-maven.vie.sst.stp-2-4] INFO  o.e.m.c.i.e.AbstractTransferListenerAdapter - Downloading http://maven.vie.sst.stp/content/groups/approved/net/bytebuddy/byte-buddy-agent/1.14.18/byte-buddy-agent-1.14.18.jar
2024-08-18 09:18:52,714 [AetherRepositoryConnector-maven.vie.sst.stp-1-3] INFO  o.e.m.c.i.e.AbstractTransferListenerAdapter - Downloading http://maven.vie.sst.stp/content/groups/approved/org/springframework/spring-core/6.1.11/spring-core-6.1.11.jar
2024-08-18 09:18:52,730 [AetherRepositoryConnector-maven.vie.sst.stp-2-3] INFO  o.e.m.c.i.e.AbstractTransferListenerAdapter - Downloading http://maven.vie.sst.stp/content/groups/approved/org/objenesis/objenesis/3.3/objenesis-3.3.jar
2024-08-18 09:18:52,789 [AetherRepositoryConnector-maven.vie.sst.stp-1-0] INFO  o.e.m.c.i.e.AbstractTransferListenerAdapter - Downloading http://maven.vie.sst.stp/content/groups/approved/org/skyscreamer/jsonassert/1.5.3/jsonassert-1.5.3.jar
2024-08-18 09:18:52,882 [AetherRepositoryConnector-maven.vie.sst.stp-1-2] INFO  o.e.m.c.i.e.AbstractTransferListenerAdapter - Downloaded http://maven.vie.sst.stp/content/groups/approved/net/bytebuddy/byte-buddy-agent/1.14.18/byte-buddy-agent-1.14.18.jar
2024-08-18 09:18:52,914 [AetherRepositoryConnector-maven.vie.sst.stp-2-3] INFO  o.e.m.c.i.e.AbstractTransferListenerAdapter - Downloaded http://maven.vie.sst.stp/content/groups/approved/org/objenesis/objenesis/3.3/objenesis-3.3.jar
2024-08-18 09:18:53,026 [AetherRepositoryConnector-maven.vie.sst.stp-2-1] INFO  o.e.m.c.i.e.AbstractTransferListenerAdapter - Downloaded http://maven.vie.sst.stp/content/groups/approved/org/assertj/assertj-core/3.24.2/assertj-core-3.24.2.jar
2024-08-18 09:18:53,048 [AetherRepositoryConnector-maven.vie.sst.stp-1-0] INFO  o.e.m.c.i.e.AbstractTransferListenerAdapter - Downloaded http://maven.vie.sst.stp/content/groups/approved/org/skyscreamer/jsonassert/1.5.3/jsonassert-1.5.3.jar
2024-08-18 09:18:53,059 [AetherRepositoryConnector-maven.vie.sst.stp-1-2] INFO  o.e.m.c.i.e.AbstractTransferListenerAdapter - Downloading http://maven.vie.sst.stp/content/groups/approved/org/springframework/spring-jcl/6.1.11/spring-jcl-6.1.11.jar
2024-08-18 09:18:53,083 [AetherRepositoryConnector-maven.vie.sst.stp-2-3] INFO  o.e.m.c.i.e.AbstractTransferListenerAdapter - Downloading http://maven.vie.sst.stp/content/groups/approved/org/mockito/mockito-junit-jupiter/5.7.0/mockito-junit-jupiter-5.7.0.jar
2024-08-18 09:18:53,194 [AetherRepositoryConnector-maven.vie.sst.stp-2-1] INFO  o.e.m.c.i.e.AbstractTransferListenerAdapter - Downloading http://maven.vie.sst.stp/content/groups/approved/org/skyscreamer/jsonassert/1.5.3/jsonassert-1.5.3.jar
2024-08-18 09:18:53,264 [AetherRepositoryConnector-maven.vie.sst.stp-2-3] INFO  o.e.m.c.i.e.AbstractTransferListenerAdapter - Downloaded http://maven.vie.sst.stp/content/groups/approved/org/mockito/mockito-junit-jupiter/5.7.0/mockito-junit-jupiter-5.7.0.jar
2024-08-18 09:18:53,305 [AetherRepositoryConnector-maven.vie.sst.stp-1-1] INFO  o.e.m.c.i.e.AbstractTransferListenerAdapter - Downloaded http://maven.vie.sst.stp/content/groups/approved/org/mockito/mockito-core/5.7.0/mockito-core-5.7.0.jar
2024-08-18 09:18:53,307 [AetherRepositoryConnector-maven.vie.sst.stp-1-0] INFO  o.e.m.c.i.e.AbstractTransferListenerAdapter - Downloading http://maven.vie.sst.stp/content/groups/approved/org/springframework/spring-test/6.1.11/spring-test-6.1.11.jar
2024-08-18 09:18:53,319 [AetherRepositoryConnector-maven.vie.sst.stp-1-2] INFO  o.e.m.c.i.e.AbstractTransferListenerAdapter - Downloaded http://maven.vie.sst.stp/content/groups/approved/org/springframework/spring-jcl/6.1.11/spring-jcl-6.1.11.jar
2024-08-18 09:18:53,358 [AetherRepositoryConnector-maven.vie.sst.stp-2-4] INFO  o.e.m.c.i.e.AbstractTransferListenerAdapter - Downloaded http://maven.vie.sst.stp/content/groups/approved/net/bytebuddy/byte-buddy-agent/1.14.18/byte-buddy-agent-1.14.18.jar
2024-08-18 09:18:53,384 [AetherRepositoryConnector-maven.vie.sst.stp-2-1] INFO  o.e.m.c.i.e.AbstractTransferListenerAdapter - Downloaded http://maven.vie.sst.stp/content/groups/approved/org/skyscreamer/jsonassert/1.5.3/jsonassert-1.5.3.jar
2024-08-18 09:18:53,433 [AetherRepositoryConnector-maven.vie.sst.stp-2-3] INFO  o.e.m.c.i.e.AbstractTransferListenerAdapter - Downloading http://maven.vie.sst.stp/content/groups/approved/org/springframework/spring-core/6.1.11/spring-core-6.1.11.jar
2024-08-18 09:18:53,467 [AetherRepositoryConnector-maven.vie.sst.stp-2-0] INFO  o.e.m.c.i.e.AbstractTransferListenerAdapter - Downloaded http://maven.vie.sst.stp/content/groups/approved/org/junit/jupiter/junit-jupiter-params/5.10.3/junit-jupiter-params-5.10.3.jar
2024-08-18 09:18:53,541 [AetherRepositoryConnector-maven.vie.sst.stp-2-4] INFO  o.e.m.c.i.e.AbstractTransferListenerAdapter - Downloading http://maven.vie.sst.stp/content/groups/approved/org/springframework/spring-jcl/6.1.11/spring-jcl-6.1.11.jar
2024-08-18 09:18:53,552 [AetherRepositoryConnector-maven.vie.sst.stp-2-1] INFO  o.e.m.c.i.e.AbstractTransferListenerAdapter - Downloading http://maven.vie.sst.stp/content/groups/approved/org/springframework/spring-test/6.1.11/spring-test-6.1.11.jar
2024-08-18 09:18:53,726 [AetherRepositoryConnector-maven.vie.sst.stp-2-4] INFO  o.e.m.c.i.e.AbstractTransferListenerAdapter - Downloaded http://maven.vie.sst.stp/content/groups/approved/org/springframework/spring-jcl/6.1.11/spring-jcl-6.1.11.jar
2024-08-18 09:18:53,934 [AetherRepositoryConnector-maven.vie.sst.stp-2-2] INFO  o.e.m.c.i.e.AbstractTransferListenerAdapter - Downloaded http://maven.vie.sst.stp/content/groups/approved/org/mockito/mockito-core/5.7.0/mockito-core-5.7.0.jar
2024-08-18 09:18:56,225 [AetherRepositoryConnector-maven.vie.sst.stp-2-1] INFO  o.e.m.c.i.e.AbstractTransferListenerAdapter - Downloaded http://maven.vie.sst.stp/content/groups/approved/org/springframework/spring-test/6.1.11/spring-test-6.1.11.jar
2024-08-18 09:18:56,630 [AetherRepositoryConnector-maven.vie.sst.stp-1-0] INFO  o.e.m.c.i.e.AbstractTransferListenerAdapter - Downloaded http://maven.vie.sst.stp/content/groups/approved/org/springframework/spring-test/6.1.11/spring-test-6.1.11.jar
2024-08-18 09:18:57,066 [AetherRepositoryConnector-maven.vie.sst.stp-1-3] INFO  o.e.m.c.i.e.AbstractTransferListenerAdapter - Downloaded http://maven.vie.sst.stp/content/groups/approved/org/springframework/spring-core/6.1.11/spring-core-6.1.11.jar
2024-08-18 09:18:58,137 [AetherRepositoryConnector-maven.vie.sst.stp-2-3] INFO  o.e.m.c.i.e.AbstractTransferListenerAdapter - Downloaded http://maven.vie.sst.stp/content/groups/approved/org/springframework/spring-core/6.1.11/spring-core-6.1.11.jar
2024-08-18 09:18:58,417 [AetherRepositoryConnector-maven.vie.sst.stp-1-4] INFO  o.e.m.c.i.e.AbstractTransferListenerAdapter - Downloaded http://maven.vie.sst.stp/content/groups/approved/org/hibernate/orm/hibernate-core/6.4.9.Final/hibernate-core-6.4.9.Final.jar
2024-08-18 09:18:59,627 [Worker-14: Updating Maven Project] INFO  o.e.m.c.i.l.LifecycleMappingFactory - Using org.eclipse.m2e.jdt.JarLifecycleMapping lifecycle mapping for MavenProject: com.smartstream.admin.management:sst-admin-management:0.0.1-SNAPSHOT @ C:\Users\awaikar\Documents\Self_Study\SpringSuiteWorkSpace\sst-admin-management\pom.xml.
2024-08-18 09:19:00,141 [Worker-14: Updating Maven Project] INFO  o.e.m.c.i.e.AbstractTransferListenerAdapter - Downloading http://maven.vie.sst.stp/content/groups/approved/org/apache/maven/plugins/maven-surefire-plugin/3.1.2/maven-surefire-plugin-3.1.2.pom
2024-08-18 09:19:00,329 [Worker-14: Updating Maven Project] INFO  o.e.m.c.i.e.AbstractTransferListenerAdapter - Downloaded http://maven.vie.sst.stp/content/groups/approved/org/apache/maven/plugins/maven-surefire-plugin/3.1.2/maven-surefire-plugin-3.1.2.pom
2024-08-18 09:19:00,529 [Worker-14: Updating Maven Project] INFO  o.e.m.c.i.e.AbstractTransferListenerAdapter - Downloading http://maven.vie.sst.stp/content/groups/approved/org/apache/maven/surefire/surefire/3.1.2/surefire-3.1.2.pom
2024-08-18 09:19:00,873 [Worker-14: Updating Maven Project] INFO  o.e.m.c.i.e.AbstractTransferListenerAdapter - Downloaded http://maven.vie.sst.stp/content/groups/approved/org/apache/maven/surefire/surefire/3.1.2/surefire-3.1.2.pom
2024-08-18 09:19:01,065 [Worker-14: Updating Maven Project] INFO  o.e.m.c.i.e.AbstractTransferListenerAdapter - Downloading http://maven.vie.sst.stp/content/groups/approved/org/apache/maven/plugins/maven-jar-plugin/3.3.0/maven-jar-plugin-3.3.0.pom
2024-08-18 09:19:01,246 [Worker-14: Updating Maven Project] INFO  o.e.m.c.i.e.AbstractTransferListenerAdapter - Downloaded http://maven.vie.sst.stp/content/groups/approved/org/apache/maven/plugins/maven-jar-plugin/3.3.0/maven-jar-plugin-3.3.0.pom
2024-08-18 09:19:01,436 [Worker-14: Updating Maven Project] INFO  o.e.m.c.i.e.AbstractTransferListenerAdapter - Downloading http://maven.vie.sst.stp/content/groups/approved/org/apache/maven/plugins/maven-plugins/37/maven-plugins-37.pom
2024-08-18 09:19:01,606 [Worker-14: Updating Maven Project] INFO  o.e.m.c.i.e.AbstractTransferListenerAdapter - Downloaded http://maven.vie.sst.stp/content/groups/approved/org/apache/maven/plugins/maven-plugins/37/maven-plugins-37.pom
2024-08-18 09:19:01,805 [Worker-14: Updating Maven Project] INFO  o.e.m.c.i.e.AbstractTransferListenerAdapter - Downloading http://maven.vie.sst.stp/content/groups/approved/org/apache/maven/maven-parent/37/maven-parent-37.pom
2024-08-18 09:19:02,142 [Worker-14: Updating Maven Project] INFO  o.e.m.c.i.e.AbstractTransferListenerAdapter - Downloaded http://maven.vie.sst.stp/content/groups/approved/org/apache/maven/maven-parent/37/maven-parent-37.pom
2024-08-18 09:19:02,516 [Worker-14: Updating Maven Project] INFO  o.e.m.c.i.e.AbstractTransferListenerAdapter - Downloading http://maven.vie.sst.stp/content/groups/approved/org/apache/maven/shared/file-management/3.1.0/file-management-3.1.0.pom
2024-08-18 09:19:02,709 [Worker-14: Updating Maven Project] INFO  o.e.m.c.i.e.AbstractTransferListenerAdapter - Downloaded http://maven.vie.sst.stp/content/groups/approved/org/apache/maven/shared/file-management/3.1.0/file-management-3.1.0.pom
2024-08-18 09:19:02,895 [Worker-14: Updating Maven Project] INFO  o.e.m.c.i.e.AbstractTransferListenerAdapter - Downloading http://maven.vie.sst.stp/content/groups/approved/org/apache/maven/shared/maven-shared-components/36/maven-shared-components-36.pom
2024-08-18 09:19:03,079 [Worker-14: Updating Maven Project] INFO  o.e.m.c.i.e.AbstractTransferListenerAdapter - Downloaded http://maven.vie.sst.stp/content/groups/approved/org/apache/maven/shared/maven-shared-components/36/maven-shared-components-36.pom
2024-08-18 09:19:03,274 [Worker-14: Updating Maven Project] INFO  o.e.m.c.i.e.AbstractTransferListenerAdapter - Downloading http://maven.vie.sst.stp/content/groups/approved/org/apache/maven/maven-parent/36/maven-parent-36.pom
2024-08-18 09:19:03,789 [Worker-14: Updating Maven Project] INFO  o.e.m.c.i.e.AbstractTransferListenerAdapter - Downloaded http://maven.vie.sst.stp/content/groups/approved/org/apache/maven/maven-parent/36/maven-parent-36.pom
2024-08-18 09:19:03,977 [Worker-14: Updating Maven Project] INFO  o.e.m.c.i.e.AbstractTransferListenerAdapter - Downloading http://maven.vie.sst.stp/content/groups/approved/org/apache/apache/26/apache-26.pom
2024-08-18 09:19:04,149 [Worker-14: Updating Maven Project] INFO  o.e.m.c.i.e.AbstractTransferListenerAdapter - Downloaded http://maven.vie.sst.stp/content/groups/approved/org/apache/apache/26/apache-26.pom
2024-08-18 09:19:04,420 [Worker-14: Updating Maven Project] INFO  o.e.m.c.i.e.AbstractTransferListenerAdapter - Downloading http://maven.vie.sst.stp/content/groups/approved/org/apache/maven/maven-archiver/3.6.0/maven-archiver-3.6.0.pom
2024-08-18 09:19:04,614 [Worker-14: Updating Maven Project] INFO  o.e.m.c.i.e.AbstractTransferListenerAdapter - Downloaded http://maven.vie.sst.stp/content/groups/approved/org/apache/maven/maven-archiver/3.6.0/maven-archiver-3.6.0.pom
2024-08-18 09:19:04,788 [Worker-14: Updating Maven Project] INFO  o.e.m.c.i.e.AbstractTransferListenerAdapter - Downloading http://maven.vie.sst.stp/content/groups/approved/org/codehaus/plexus/plexus-io/3.4.0/plexus-io-3.4.0.pom
2024-08-18 09:19:04,976 [Worker-14: Updating Maven Project] INFO  o.e.m.c.i.e.AbstractTransferListenerAdapter - Downloaded http://maven.vie.sst.stp/content/groups/approved/org/codehaus/plexus/plexus-io/3.4.0/plexus-io-3.4.0.pom
2024-08-18 09:19:05,196 [Worker-14: Updating Maven Project] INFO  o.e.m.c.i.e.AbstractTransferListenerAdapter - Downloading http://maven.vie.sst.stp/content/groups/approved/org/codehaus/plexus/plexus-archiver/4.4.0/plexus-archiver-4.4.0.pom
2024-08-18 09:19:05,386 [Worker-14: Updating Maven Project] INFO  o.e.m.c.i.e.AbstractTransferListenerAdapter - Downloaded http://maven.vie.sst.stp/content/groups/approved/org/codehaus/plexus/plexus-archiver/4.4.0/plexus-archiver-4.4.0.pom
2024-08-18 09:19:05,577 [Worker-14: Updating Maven Project] INFO  o.e.m.c.i.e.AbstractTransferListenerAdapter - Downloading http://maven.vie.sst.stp/content/groups/approved/org/tukaani/xz/1.9/xz-1.9.pom
2024-08-18 09:19:05,768 [Worker-14: Updating Maven Project] INFO  o.e.m.c.i.e.AbstractTransferListenerAdapter - Downloaded http://maven.vie.sst.stp/content/groups/approved/org/tukaani/xz/1.9/xz-1.9.pom
2024-08-18 09:19:06,081 [Worker-14: Updating Maven Project] INFO  o.e.m.c.i.e.AbstractTransferListenerAdapter - Downloading http://maven.vie.sst.stp/content/groups/approved/org/codehaus/plexus/plexus-utils/3.4.2/plexus-utils-3.4.2.pom
2024-08-18 09:19:06,374 [Worker-14: Updating Maven Project] INFO  o.e.m.c.i.e.AbstractTransferListenerAdapter - Downloaded http://maven.vie.sst.stp/content/groups/approved/org/codehaus/plexus/plexus-utils/3.4.2/plexus-utils-3.4.2.pom
2024-08-18 09:19:06,741 [AetherRepositoryConnector-maven.vie.sst.stp-3-0] INFO  o.e.m.c.i.e.AbstractTransferListenerAdapter - Downloading http://maven.vie.sst.stp/content/groups/approved/org/apache/maven/shared/file-management/3.1.0/file-management-3.1.0.jar
2024-08-18 09:19:06,921 [AetherRepositoryConnector-maven.vie.sst.stp-3-0] INFO  o.e.m.c.i.e.AbstractTransferListenerAdapter - Downloaded http://maven.vie.sst.stp/content/groups/approved/org/apache/maven/shared/file-management/3.1.0/file-management-3.1.0.jar
2024-08-18 09:19:06,942 [AetherRepositoryConnector-maven.vie.sst.stp-3-1] INFO  o.e.m.c.i.e.AbstractTransferListenerAdapter - Downloading http://maven.vie.sst.stp/content/groups/approved/org/apache/maven/maven-archiver/3.6.0/maven-archiver-3.6.0.jar
2024-08-18 09:19:06,952 [AetherRepositoryConnector-maven.vie.sst.stp-3-4] INFO  o.e.m.c.i.e.AbstractTransferListenerAdapter - Downloading http://maven.vie.sst.stp/content/groups/approved/org/tukaani/xz/1.9/xz-1.9.jar
2024-08-18 09:19:07,077 [AetherRepositoryConnector-maven.vie.sst.stp-3-3] INFO  o.e.m.c.i.e.AbstractTransferListenerAdapter - Downloading http://maven.vie.sst.stp/content/groups/approved/org/codehaus/plexus/plexus-archiver/4.4.0/plexus-archiver-4.4.0.jar
2024-08-18 09:19:07,079 [AetherRepositoryConnector-maven.vie.sst.stp-3-2] INFO  o.e.m.c.i.e.AbstractTransferListenerAdapter - Downloading http://maven.vie.sst.stp/content/groups/approved/org/codehaus/plexus/plexus-io/3.4.0/plexus-io-3.4.0.jar
2024-08-18 09:19:07,091 [AetherRepositoryConnector-maven.vie.sst.stp-3-0] INFO  o.e.m.c.i.e.AbstractTransferListenerAdapter - Downloading http://maven.vie.sst.stp/content/groups/approved/org/codehaus/plexus/plexus-utils/3.4.2/plexus-utils-3.4.2.jar
2024-08-18 09:19:07,286 [AetherRepositoryConnector-maven.vie.sst.stp-3-1] INFO  o.e.m.c.i.e.AbstractTransferListenerAdapter - Downloaded http://maven.vie.sst.stp/content/groups/approved/org/apache/maven/maven-archiver/3.6.0/maven-archiver-3.6.0.jar
2024-08-18 09:19:07,622 [AetherRepositoryConnector-maven.vie.sst.stp-3-4] INFO  o.e.m.c.i.e.AbstractTransferListenerAdapter - Downloaded http://maven.vie.sst.stp/content/groups/approved/org/tukaani/xz/1.9/xz-1.9.jar
2024-08-18 09:19:07,781 [AetherRepositoryConnector-maven.vie.sst.stp-3-0] INFO  o.e.m.c.i.e.AbstractTransferListenerAdapter - Downloaded http://maven.vie.sst.stp/content/groups/approved/org/codehaus/plexus/plexus-utils/3.4.2/plexus-utils-3.4.2.jar
2024-08-18 09:19:07,788 [AetherRepositoryConnector-maven.vie.sst.stp-3-2] INFO  o.e.m.c.i.e.AbstractTransferListenerAdapter - Downloaded http://maven.vie.sst.stp/content/groups/approved/org/codehaus/plexus/plexus-io/3.4.0/plexus-io-3.4.0.jar
2024-08-18 09:19:07,936 [AetherRepositoryConnector-maven.vie.sst.stp-3-3] INFO  o.e.m.c.i.e.AbstractTransferListenerAdapter - Downloaded http://maven.vie.sst.stp/content/groups/approved/org/codehaus/plexus/plexus-archiver/4.4.0/plexus-archiver-4.4.0.jar
2024-08-18 09:19:11,939 [Worker-20: Download sources and javadoc] INFO  o.e.m.c.i.e.AbstractTransferListenerAdapter - Downloading http://maven.vie.sst.stp/content/groups/approved/org/springframework/boot/spring-boot-starter-data-jpa/3.2.8/spring-boot-starter-data-jpa-3.2.8-sources.jar
2024-08-18 09:19:12,206 [Worker-20: Download sources and javadoc] INFO  o.e.m.c.i.e.AbstractTransferListenerAdapter - Downloaded http://maven.vie.sst.stp/content/groups/approved/org/springframework/boot/spring-boot-starter-data-jpa/3.2.8/spring-boot-starter-data-jpa-3.2.8-sources.jar
2024-08-18 09:19:12,224 [Worker-20: Download sources and javadoc] INFO  o.e.m.j.internal.DownloadSourcesJob - Downloaded sources for org.springframework.boot:spring-boot-starter-data-jpa:3.2.8
2024-08-18 09:19:12,756 [Worker-20: Download sources and javadoc] INFO  o.e.m.c.i.e.AbstractTransferListenerAdapter - Downloading http://maven.vie.sst.stp/content/groups/approved/org/springframework/boot/spring-boot-starter-aop/3.2.8/spring-boot-starter-aop-3.2.8-sources.jar
2024-08-18 09:19:13,009 [Worker-20: Download sources and javadoc] INFO  o.e.m.c.i.e.AbstractTransferListenerAdapter - Downloaded http://maven.vie.sst.stp/content/groups/approved/org/springframework/boot/spring-boot-starter-aop/3.2.8/spring-boot-starter-aop-3.2.8-sources.jar
2024-08-18 09:19:13,025 [Worker-20: Download sources and javadoc] INFO  o.e.m.j.internal.DownloadSourcesJob - Downloaded sources for org.springframework.boot:spring-boot-starter-aop:3.2.8
2024-08-18 09:19:13,224 [Worker-14: Updating Maven Project] INFO  o.e.m.j.i.AbstractJavaProjectConfigurator - Adding source folder /sst-admin-management/src/main/java
2024-08-18 09:19:13,224 [Worker-14: Updating Maven Project] INFO  o.e.m.j.i.AbstractJavaProjectConfigurator - Adding resource folder /sst-admin-management/src/main/resources
2024-08-18 09:19:13,241 [Worker-14: Updating Maven Project] INFO  o.e.m.j.i.AbstractJavaProjectConfigurator - Adding resource folder /sst-admin-management/src/main/resources
2024-08-18 09:19:13,256 [Worker-14: Updating Maven Project] INFO  o.e.m.j.i.AbstractJavaProjectConfigurator - Adding source folder /sst-admin-management/src/test/java
2024-08-18 09:19:13,456 [Worker-20: Download sources and javadoc] INFO  o.e.m.c.i.e.AbstractTransferListenerAdapter - Downloading http://maven.vie.sst.stp/content/groups/approved/org/springframework/spring-aop/6.1.11/spring-aop-6.1.11-sources.jar
2024-08-18 09:19:14,757 [Worker-20: Download sources and javadoc] INFO  o.e.m.c.i.e.AbstractTransferListenerAdapter - Downloaded http://maven.vie.sst.stp/content/groups/approved/org/springframework/spring-aop/6.1.11/spring-aop-6.1.11-sources.jar
2024-08-18 09:19:14,757 [Worker-20: Download sources and javadoc] INFO  o.e.m.j.internal.DownloadSourcesJob - Downloaded sources for org.springframework:spring-aop:6.1.11
2024-08-18 09:19:15,268 [Worker-20: Download sources and javadoc] INFO  o.e.m.c.i.e.AbstractTransferListenerAdapter - Downloading http://maven.vie.sst.stp/content/groups/approved/org/aspectj/aspectjweaver/1.9.22.1/aspectjweaver-1.9.22.1-sources.jar
2024-08-18 09:19:15,825 [Worker-14: Updating Maven Project] INFO  o.e.m.c.i.p.ProjectConfigurationManager - Update completed: 122 sec
2024-08-18 09:19:17,066 [Worker-22: Building] INFO  o.a.m.s.f.DefaultMavenResourcesFiltering - Copying 1 resource from src\main\resources to target\classes
2024-08-18 09:19:17,082 [Worker-22: Building] INFO  o.a.m.s.f.DefaultMavenResourcesFiltering - Copying 0 resource from src\main\resources to target\classes
2024-08-18 09:19:17,082 [Worker-22: Building] INFO  o.a.m.s.f.DefaultMavenResourcesFiltering - skip non existing resourceDirectory C:\Users\awaikar\Documents\Self_Study\SpringSuiteWorkSpace\sst-admin-management\src\test\resources
2024-08-18 09:19:18,667 [Worker-20: Download sources and javadoc] INFO  o.e.m.c.i.e.AbstractTransferListenerAdapter - Downloaded http://maven.vie.sst.stp/content/groups/approved/org/aspectj/aspectjweaver/1.9.22.1/aspectjweaver-1.9.22.1-sources.jar
2024-08-18 09:19:18,683 [Worker-20: Download sources and javadoc] INFO  o.e.m.j.internal.DownloadSourcesJob - Downloaded sources for org.aspectj:aspectjweaver:1.9.22.1
2024-08-18 09:19:19,217 [Worker-20: Download sources and javadoc] INFO  o.e.m.c.i.e.AbstractTransferListenerAdapter - Downloading http://maven.vie.sst.stp/content/groups/approved/org/springframework/boot/spring-boot-starter-jdbc/3.2.8/spring-boot-starter-jdbc-3.2.8-sources.jar
2024-08-18 09:19:19,468 [Worker-20: Download sources and javadoc] INFO  o.e.m.c.i.e.AbstractTransferListenerAdapter - Downloaded http://maven.vie.sst.stp/content/groups/approved/org/springframework/boot/spring-boot-starter-jdbc/3.2.8/spring-boot-starter-jdbc-3.2.8-sources.jar
2024-08-18 09:19:19,468 [Worker-20: Download sources and javadoc] INFO  o.e.m.j.internal.DownloadSourcesJob - Downloaded sources for org.springframework.boot:spring-boot-starter-jdbc:3.2.8
2024-08-18 09:19:19,912 [Worker-20: Download sources and javadoc] INFO  o.e.m.c.i.e.AbstractTransferListenerAdapter - Downloading http://maven.vie.sst.stp/content/groups/approved/com/zaxxer/HikariCP/5.0.1/HikariCP-5.0.1-sources.jar
2024-08-18 09:19:20,823 [Worker-20: Download sources and javadoc] INFO  o.e.m.c.i.e.AbstractTransferListenerAdapter - Downloaded http://maven.vie.sst.stp/content/groups/approved/com/zaxxer/HikariCP/5.0.1/HikariCP-5.0.1-sources.jar
2024-08-18 09:19:20,838 [Worker-20: Download sources and javadoc] INFO  o.e.m.j.internal.DownloadSourcesJob - Downloaded sources for com.zaxxer:HikariCP:5.0.1
2024-08-18 09:19:21,278 [Worker-20: Download sources and javadoc] INFO  o.e.m.c.i.e.AbstractTransferListenerAdapter - Downloading http://maven.vie.sst.stp/content/groups/approved/org/springframework/spring-jdbc/6.1.11/spring-jdbc-6.1.11-sources.jar
2024-08-18 09:19:22,689 [Worker-20: Download sources and javadoc] INFO  o.e.m.c.i.e.AbstractTransferListenerAdapter - Downloaded http://maven.vie.sst.stp/content/groups/approved/org/springframework/spring-jdbc/6.1.11/spring-jdbc-6.1.11-sources.jar
2024-08-18 09:19:22,704 [Worker-20: Download sources and javadoc] INFO  o.e.m.j.internal.DownloadSourcesJob - Downloaded sources for org.springframework:spring-jdbc:6.1.11
2024-08-18 09:19:23,604 [Worker-20: Download sources and javadoc] INFO  o.e.m.c.i.e.AbstractTransferListenerAdapter - Downloading http://maven.vie.sst.stp/content/groups/approved/org/hibernate/orm/hibernate-core/6.4.9.Final/hibernate-core-6.4.9.Final-sources.jar
2024-08-18 09:19:31,597 [Worker-20: Download sources and javadoc] INFO  o.e.m.c.i.e.AbstractTransferListenerAdapter - Downloaded http://maven.vie.sst.stp/content/groups/approved/org/hibernate/orm/hibernate-core/6.4.9.Final/hibernate-core-6.4.9.Final-sources.jar
2024-08-18 09:19:31,597 [Worker-20: Download sources and javadoc] INFO  o.e.m.j.internal.DownloadSourcesJob - Downloaded sources for org.hibernate.orm:hibernate-core:6.4.9.Final
2024-08-18 09:19:32,052 [Worker-20: Download sources and javadoc] INFO  o.e.m.c.i.e.AbstractTransferListenerAdapter - Downloading http://maven.vie.sst.stp/content/groups/approved/jakarta/persistence/jakarta.persistence-api/3.1.0/jakarta.persistence-api-3.1.0-sources.jar
2024-08-18 09:19:33,129 [Worker-20: Download sources and javadoc] INFO  o.e.m.c.i.e.AbstractTransferListenerAdapter - Downloaded http://maven.vie.sst.stp/content/groups/approved/jakarta/persistence/jakarta.persistence-api/3.1.0/jakarta.persistence-api-3.1.0-sources.jar
2024-08-18 09:19:33,146 [Worker-20: Download sources and javadoc] INFO  o.e.m.j.internal.DownloadSourcesJob - Downloaded sources for jakarta.persistence:jakarta.persistence-api:3.1.0
2024-08-18 09:19:33,571 [Worker-20: Download sources and javadoc] INFO  o.e.m.c.i.e.AbstractTransferListenerAdapter - Downloading http://maven.vie.sst.stp/content/groups/approved/jakarta/transaction/jakarta.transaction-api/2.0.1/jakarta.transaction-api-2.0.1-sources.jar
2024-08-18 09:19:33,995 [Worker-20: Download sources and javadoc] INFO  o.e.m.c.i.e.AbstractTransferListenerAdapter - Downloaded http://maven.vie.sst.stp/content/groups/approved/jakarta/transaction/jakarta.transaction-api/2.0.1/jakarta.transaction-api-2.0.1-sources.jar
2024-08-18 09:19:33,995 [Worker-20: Download sources and javadoc] INFO  o.e.m.j.internal.DownloadSourcesJob - Downloaded sources for jakarta.transaction:jakarta.transaction-api:2.0.1
2024-08-18 09:19:34,434 [Worker-20: Download sources and javadoc] INFO  o.e.m.c.i.e.AbstractTransferListenerAdapter - Downloading http://maven.vie.sst.stp/content/groups/approved/org/jboss/logging/jboss-logging/3.5.3.Final/jboss-logging-3.5.3.Final-sources.jar
2024-08-18 09:19:35,030 [Worker-20: Download sources and javadoc] INFO  o.e.m.c.i.e.AbstractTransferListenerAdapter - Downloaded http://maven.vie.sst.stp/content/groups/approved/org/jboss/logging/jboss-logging/3.5.3.Final/jboss-logging-3.5.3.Final-sources.jar
2024-08-18 09:19:35,030 [Worker-20: Download sources and javadoc] INFO  o.e.m.j.internal.DownloadSourcesJob - Downloaded sources for org.jboss.logging:jboss-logging:3.5.3.Final
2024-08-18 09:19:35,465 [Worker-20: Download sources and javadoc] INFO  o.e.m.c.i.e.AbstractTransferListenerAdapter - Downloading http://maven.vie.sst.stp/content/groups/approved/org/hibernate/common/hibernate-commons-annotations/6.0.6.Final/hibernate-commons-annotations-6.0.6.Final-sources.jar
2024-08-18 09:19:36,046 [Worker-20: Download sources and javadoc] INFO  o.e.m.c.i.e.AbstractTransferListenerAdapter - Downloaded http://maven.vie.sst.stp/content/groups/approved/org/hibernate/common/hibernate-commons-annotations/6.0.6.Final/hibernate-commons-annotations-6.0.6.Final-sources.jar
2024-08-18 09:19:36,046 [Worker-20: Download sources and javadoc] INFO  o.e.m.j.internal.DownloadSourcesJob - Downloaded sources for org.hibernate.common:hibernate-commons-annotations:6.0.6.Final
2024-08-18 09:19:36,486 [Worker-20: Download sources and javadoc] INFO  o.e.m.c.i.e.AbstractTransferListenerAdapter - Downloading http://maven.vie.sst.stp/content/groups/approved/io/smallrye/jandex/3.1.2/jandex-3.1.2-sources.jar
2024-08-18 09:19:37,396 [Worker-20: Download sources and javadoc] INFO  o.e.m.c.i.e.AbstractTransferListenerAdapter - Downloaded http://maven.vie.sst.stp/content/groups/approved/io/smallrye/jandex/3.1.2/jandex-3.1.2-sources.jar
2024-08-18 09:19:37,411 [Worker-20: Download sources and javadoc] INFO  o.e.m.j.internal.DownloadSourcesJob - Downloaded sources for io.smallrye:jandex:3.1.2
2024-08-18 09:19:37,877 [Worker-20: Download sources and javadoc] INFO  o.e.m.c.i.e.AbstractTransferListenerAdapter - Downloading http://maven.vie.sst.stp/content/groups/approved/com/fasterxml/classmate/1.6.0/classmate-1.6.0-sources.jar
2024-08-18 09:19:38,463 [Worker-20: Download sources and javadoc] INFO  o.e.m.c.i.e.AbstractTransferListenerAdapter - Downloaded http://maven.vie.sst.stp/content/groups/approved/com/fasterxml/classmate/1.6.0/classmate-1.6.0-sources.jar
2024-08-18 09:19:38,463 [Worker-20: Download sources and javadoc] INFO  o.e.m.j.internal.DownloadSourcesJob - Downloaded sources for com.fasterxml:classmate:1.6.0
2024-08-18 09:19:38,901 [Worker-20: Download sources and javadoc] INFO  o.e.m.c.i.e.AbstractTransferListenerAdapter - Downloading http://maven.vie.sst.stp/content/groups/approved/net/bytebuddy/byte-buddy/1.14.18/byte-buddy-1.14.18-sources.jar
2024-08-18 09:19:40,948 [Worker-20: Download sources and javadoc] INFO  o.e.m.c.i.e.AbstractTransferListenerAdapter - Downloaded http://maven.vie.sst.stp/content/groups/approved/net/bytebuddy/byte-buddy/1.14.18/byte-buddy-1.14.18-sources.jar
2024-08-18 09:19:40,948 [Worker-20: Download sources and javadoc] INFO  o.e.m.j.internal.DownloadSourcesJob - Downloaded sources for net.bytebuddy:byte-buddy:1.14.18
2024-08-18 09:19:41,390 [Worker-20: Download sources and javadoc] INFO  o.e.m.c.i.e.AbstractTransferListenerAdapter - Downloading http://maven.vie.sst.stp/content/groups/approved/org/glassfish/jaxb/jaxb-runtime/4.0.5/jaxb-runtime-4.0.5-sources.jar
2024-08-18 09:19:43,084 [Worker-20: Download sources and javadoc] INFO  o.e.m.c.i.e.AbstractTransferListenerAdapter - Downloaded http://maven.vie.sst.stp/content/groups/approved/org/glassfish/jaxb/jaxb-runtime/4.0.5/jaxb-runtime-4.0.5-sources.jar
2024-08-18 09:19:43,084 [Worker-20: Download sources and javadoc] INFO  o.e.m.j.internal.DownloadSourcesJob - Downloaded sources for org.glassfish.jaxb:jaxb-runtime:4.0.5
2024-08-18 09:19:43,665 [Worker-20: Download sources and javadoc] INFO  o.e.m.c.i.e.AbstractTransferListenerAdapter - Downloading http://maven.vie.sst.stp/content/groups/approved/org/glassfish/jaxb/jaxb-core/4.0.5/jaxb-core-4.0.5-sources.jar
2024-08-18 09:19:44,432 [Worker-20: Download sources and javadoc] INFO  o.e.m.c.i.e.AbstractTransferListenerAdapter - Downloaded http://maven.vie.sst.stp/content/groups/approved/org/glassfish/jaxb/jaxb-core/4.0.5/jaxb-core-4.0.5-sources.jar
2024-08-18 09:19:44,435 [Worker-20: Download sources and javadoc] INFO  o.e.m.j.internal.DownloadSourcesJob - Downloaded sources for org.glassfish.jaxb:jaxb-core:4.0.5
2024-08-18 09:19:44,874 [Worker-20: Download sources and javadoc] INFO  o.e.m.c.i.e.AbstractTransferListenerAdapter - Downloading http://maven.vie.sst.stp/content/groups/approved/org/eclipse/angus/angus-activation/2.0.2/angus-activation-2.0.2-sources.jar
2024-08-18 09:19:45,306 [Worker-20: Download sources and javadoc] INFO  o.e.m.c.i.e.AbstractTransferListenerAdapter - Downloaded http://maven.vie.sst.stp/content/groups/approved/org/eclipse/angus/angus-activation/2.0.2/angus-activation-2.0.2-sources.jar
2024-08-18 09:19:45,306 [Worker-20: Download sources and javadoc] INFO  o.e.m.j.internal.DownloadSourcesJob - Downloaded sources for org.eclipse.angus:angus-activation:2.0.2
2024-08-18 09:19:45,740 [Worker-20: Download sources and javadoc] INFO  o.e.m.c.i.e.AbstractTransferListenerAdapter - Downloading http://maven.vie.sst.stp/content/groups/approved/org/glassfish/jaxb/txw2/4.0.5/txw2-4.0.5-sources.jar
2024-08-18 09:19:47,102 [Worker-20: Download sources and javadoc] INFO  o.e.m.c.i.e.AbstractTransferListenerAdapter - Downloaded http://maven.vie.sst.stp/content/groups/approved/org/glassfish/jaxb/txw2/4.0.5/txw2-4.0.5-sources.jar
2024-08-18 09:19:47,102 [Worker-20: Download sources and javadoc] INFO  o.e.m.j.internal.DownloadSourcesJob - Downloaded sources for org.glassfish.jaxb:txw2:4.0.5
2024-08-18 09:19:47,541 [Worker-20: Download sources and javadoc] INFO  o.e.m.c.i.e.AbstractTransferListenerAdapter - Downloading http://maven.vie.sst.stp/content/groups/approved/com/sun/istack/istack-commons-runtime/4.1.2/istack-commons-runtime-4.1.2-sources.jar
2024-08-18 09:19:47,964 [Worker-20: Download sources and javadoc] INFO  o.e.m.c.i.e.AbstractTransferListenerAdapter - Downloaded http://maven.vie.sst.stp/content/groups/approved/com/sun/istack/istack-commons-runtime/4.1.2/istack-commons-runtime-4.1.2-sources.jar
2024-08-18 09:19:47,964 [Worker-20: Download sources and javadoc] INFO  o.e.m.j.internal.DownloadSourcesJob - Downloaded sources for com.sun.istack:istack-commons-runtime:4.1.2
2024-08-18 09:19:48,404 [Worker-20: Download sources and javadoc] INFO  o.e.m.c.i.e.AbstractTransferListenerAdapter - Downloading http://maven.vie.sst.stp/content/groups/approved/jakarta/inject/jakarta.inject-api/2.0.1/jakarta.inject-api-2.0.1-sources.jar
2024-08-18 09:19:48,828 [Worker-20: Download sources and javadoc] INFO  o.e.m.c.i.e.AbstractTransferListenerAdapter - Downloaded http://maven.vie.sst.stp/content/groups/approved/jakarta/inject/jakarta.inject-api/2.0.1/jakarta.inject-api-2.0.1-sources.jar
2024-08-18 09:19:48,843 [Worker-20: Download sources and javadoc] INFO  o.e.m.j.internal.DownloadSourcesJob - Downloaded sources for jakarta.inject:jakarta.inject-api:2.0.1
2024-08-18 09:19:49,266 [Worker-20: Download sources and javadoc] INFO  o.e.m.c.i.e.AbstractTransferListenerAdapter - Downloading http://maven.vie.sst.stp/content/groups/approved/org/antlr/antlr4-runtime/4.13.0/antlr4-runtime-4.13.0-sources.jar
2024-08-18 09:19:50,199 [Worker-20: Download sources and javadoc] INFO  o.e.m.c.i.e.AbstractTransferListenerAdapter - Downloaded http://maven.vie.sst.stp/content/groups/approved/org/antlr/antlr4-runtime/4.13.0/antlr4-runtime-4.13.0-sources.jar
2024-08-18 09:19:50,199 [Worker-20: Download sources and javadoc] INFO  o.e.m.j.internal.DownloadSourcesJob - Downloaded sources for org.antlr:antlr4-runtime:4.13.0
2024-08-18 09:19:50,763 [Worker-20: Download sources and javadoc] INFO  o.e.m.c.i.e.AbstractTransferListenerAdapter - Downloading http://maven.vie.sst.stp/content/groups/approved/org/springframework/data/spring-data-jpa/3.2.8/spring-data-jpa-3.2.8-sources.jar
2024-08-18 09:19:52,018 [Worker-20: Download sources and javadoc] INFO  o.e.m.c.i.e.AbstractTransferListenerAdapter - Downloaded http://maven.vie.sst.stp/content/groups/approved/org/springframework/data/spring-data-jpa/3.2.8/spring-data-jpa-3.2.8-sources.jar
2024-08-18 09:19:52,018 [Worker-20: Download sources and javadoc] INFO  o.e.m.j.internal.DownloadSourcesJob - Downloaded sources for org.springframework.data:spring-data-jpa:3.2.8
2024-08-18 09:19:52,504 [Worker-20: Download sources and javadoc] INFO  o.e.m.c.i.e.AbstractTransferListenerAdapter - Downloading http://maven.vie.sst.stp/content/groups/approved/org/springframework/data/spring-data-commons/3.2.8/spring-data-commons-3.2.8-sources.jar
2024-08-18 09:19:54,092 [Worker-20: Download sources and javadoc] INFO  o.e.m.c.i.e.AbstractTransferListenerAdapter - Downloaded http://maven.vie.sst.stp/content/groups/approved/org/springframework/data/spring-data-commons/3.2.8/spring-data-commons-3.2.8-sources.jar
2024-08-18 09:19:54,092 [Worker-20: Download sources and javadoc] INFO  o.e.m.j.internal.DownloadSourcesJob - Downloaded sources for org.springframework.data:spring-data-commons:3.2.8
2024-08-18 09:19:54,564 [Worker-20: Download sources and javadoc] INFO  o.e.m.c.i.e.AbstractTransferListenerAdapter - Downloading http://maven.vie.sst.stp/content/groups/approved/org/springframework/spring-orm/6.1.11/spring-orm-6.1.11-sources.jar
2024-08-18 09:19:55,315 [Worker-20: Download sources and javadoc] INFO  o.e.m.c.i.e.AbstractTransferListenerAdapter - Downloaded http://maven.vie.sst.stp/content/groups/approved/org/springframework/spring-orm/6.1.11/spring-orm-6.1.11-sources.jar
2024-08-18 09:19:55,315 [Worker-20: Download sources and javadoc] INFO  o.e.m.j.internal.DownloadSourcesJob - Downloaded sources for org.springframework:spring-orm:6.1.11
2024-08-18 09:19:55,746 [Worker-20: Download sources and javadoc] INFO  o.e.m.c.i.e.AbstractTransferListenerAdapter - Downloading http://maven.vie.sst.stp/content/groups/approved/org/springframework/spring-context/6.1.11/spring-context-6.1.11-sources.jar
2024-08-18 09:19:59,512 [Worker-20: Download sources and javadoc] INFO  o.e.m.c.i.e.AbstractTransferListenerAdapter - Downloaded http://maven.vie.sst.stp/content/groups/approved/org/springframework/spring-context/6.1.11/spring-context-6.1.11-sources.jar
2024-08-18 09:19:59,512 [Worker-20: Download sources and javadoc] INFO  o.e.m.j.internal.DownloadSourcesJob - Downloaded sources for org.springframework:spring-context:6.1.11
2024-08-18 09:19:59,961 [Worker-20: Download sources and javadoc] INFO  o.e.m.c.i.e.AbstractTransferListenerAdapter - Downloading http://maven.vie.sst.stp/content/groups/approved/org/springframework/spring-tx/6.1.11/spring-tx-6.1.11-sources.jar
2024-08-18 09:20:00,887 [Worker-20: Download sources and javadoc] INFO  o.e.m.c.i.e.AbstractTransferListenerAdapter - Downloaded http://maven.vie.sst.stp/content/groups/approved/org/springframework/spring-tx/6.1.11/spring-tx-6.1.11-sources.jar
2024-08-18 09:20:00,887 [Worker-20: Download sources and javadoc] INFO  o.e.m.j.internal.DownloadSourcesJob - Downloaded sources for org.springframework:spring-tx:6.1.11
2024-08-18 09:20:01,336 [Worker-20: Download sources and javadoc] INFO  o.e.m.c.i.e.AbstractTransferListenerAdapter - Downloading http://maven.vie.sst.stp/content/groups/approved/org/springframework/spring-beans/6.1.11/spring-beans-6.1.11-sources.jar
2024-08-18 09:20:02,736 [Worker-20: Download sources and javadoc] INFO  o.e.m.c.i.e.AbstractTransferListenerAdapter - Downloaded http://maven.vie.sst.stp/content/groups/approved/org/springframework/spring-beans/6.1.11/spring-beans-6.1.11-sources.jar
2024-08-18 09:20:02,736 [Worker-20: Download sources and javadoc] INFO  o.e.m.j.internal.DownloadSourcesJob - Downloaded sources for org.springframework:spring-beans:6.1.11
2024-08-18 09:20:03,173 [Worker-20: Download sources and javadoc] INFO  o.e.m.c.i.e.AbstractTransferListenerAdapter - Downloading http://maven.vie.sst.stp/content/groups/approved/jakarta/annotation/jakarta.annotation-api/2.1.1/jakarta.annotation-api-2.1.1-sources.jar
2024-08-18 09:20:03,612 [Worker-20: Download sources and javadoc] INFO  o.e.m.c.i.e.AbstractTransferListenerAdapter - Downloaded http://maven.vie.sst.stp/content/groups/approved/jakarta/annotation/jakarta.annotation-api/2.1.1/jakarta.annotation-api-2.1.1-sources.jar
2024-08-18 09:20:03,612 [Worker-20: Download sources and javadoc] INFO  o.e.m.j.internal.DownloadSourcesJob - Downloaded sources for jakarta.annotation:jakarta.annotation-api:2.1.1
2024-08-18 09:20:04,054 [Worker-20: Download sources and javadoc] INFO  o.e.m.c.i.e.AbstractTransferListenerAdapter - Downloading http://maven.vie.sst.stp/content/groups/approved/org/slf4j/slf4j-api/2.0.13/slf4j-api-2.0.13-sources.jar
2024-08-18 09:20:04,631 [Worker-20: Download sources and javadoc] INFO  o.e.m.c.i.e.AbstractTransferListenerAdapter - Downloaded http://maven.vie.sst.stp/content/groups/approved/org/slf4j/slf4j-api/2.0.13/slf4j-api-2.0.13-sources.jar
2024-08-18 09:20:04,646 [Worker-20: Download sources and javadoc] INFO  o.e.m.j.internal.DownloadSourcesJob - Downloaded sources for org.slf4j:slf4j-api:2.0.13
2024-08-18 09:20:05,104 [Worker-20: Download sources and javadoc] INFO  o.e.m.c.i.e.AbstractTransferListenerAdapter - Downloading http://maven.vie.sst.stp/content/groups/approved/org/springframework/spring-aspects/6.1.11/spring-aspects-6.1.11-sources.jar
2024-08-18 09:20:05,531 [Worker-20: Download sources and javadoc] INFO  o.e.m.c.i.e.AbstractTransferListenerAdapter - Downloaded http://maven.vie.sst.stp/content/groups/approved/org/springframework/spring-aspects/6.1.11/spring-aspects-6.1.11-sources.jar
2024-08-18 09:20:05,531 [Worker-20: Download sources and javadoc] INFO  o.e.m.j.internal.DownloadSourcesJob - Downloaded sources for org.springframework:spring-aspects:6.1.11
2024-08-18 09:20:06,001 [Worker-20: Download sources and javadoc] INFO  o.e.m.c.i.e.AbstractTransferListenerAdapter - Downloading http://maven.vie.sst.stp/content/groups/approved/org/springframework/boot/spring-boot-starter-web/3.2.8/spring-boot-starter-web-3.2.8-sources.jar
2024-08-18 09:20:06,252 [Worker-20: Download sources and javadoc] INFO  o.e.m.c.i.e.AbstractTransferListenerAdapter - Downloaded http://maven.vie.sst.stp/content/groups/approved/org/springframework/boot/spring-boot-starter-web/3.2.8/spring-boot-starter-web-3.2.8-sources.jar
2024-08-18 09:20:06,252 [Worker-20: Download sources and javadoc] INFO  o.e.m.j.internal.DownloadSourcesJob - Downloaded sources for org.springframework.boot:spring-boot-starter-web:3.2.8
2024-08-18 09:20:06,716 [Worker-20: Download sources and javadoc] INFO  o.e.m.c.i.e.AbstractTransferListenerAdapter - Downloading http://maven.vie.sst.stp/content/groups/approved/org/springframework/boot/spring-boot-starter/3.2.8/spring-boot-starter-3.2.8-sources.jar
2024-08-18 09:20:06,982 [Worker-20: Download sources and javadoc] INFO  o.e.m.c.i.e.AbstractTransferListenerAdapter - Downloaded http://maven.vie.sst.stp/content/groups/approved/org/springframework/boot/spring-boot-starter/3.2.8/spring-boot-starter-3.2.8-sources.jar
2024-08-18 09:20:06,983 [Worker-20: Download sources and javadoc] INFO  o.e.m.j.internal.DownloadSourcesJob - Downloaded sources for org.springframework.boot:spring-boot-starter:3.2.8
2024-08-18 09:20:07,438 [Worker-20: Download sources and javadoc] INFO  o.e.m.c.i.e.AbstractTransferListenerAdapter - Downloading http://maven.vie.sst.stp/content/groups/approved/org/springframework/boot/spring-boot-starter-logging/3.2.8/spring-boot-starter-logging-3.2.8-sources.jar
2024-08-18 09:20:07,704 [Worker-20: Download sources and javadoc] INFO  o.e.m.c.i.e.AbstractTransferListenerAdapter - Downloaded http://maven.vie.sst.stp/content/groups/approved/org/springframework/boot/spring-boot-starter-logging/3.2.8/spring-boot-starter-logging-3.2.8-sources.jar
2024-08-18 09:20:07,704 [Worker-20: Download sources and javadoc] INFO  o.e.m.j.internal.DownloadSourcesJob - Downloaded sources for org.springframework.boot:spring-boot-starter-logging:3.2.8
2024-08-18 09:20:08,149 [Worker-20: Download sources and javadoc] INFO  o.e.m.c.i.e.AbstractTransferListenerAdapter - Downloading http://maven.vie.sst.stp/content/groups/approved/ch/qos/logback/logback-classic/1.4.14/logback-classic-1.4.14-sources.jar
2024-08-18 09:20:09,060 [Worker-20: Download sources and javadoc] INFO  o.e.m.c.i.e.AbstractTransferListenerAdapter - Downloaded http://maven.vie.sst.stp/content/groups/approved/ch/qos/logback/logback-classic/1.4.14/logback-classic-1.4.14-sources.jar
2024-08-18 09:20:09,060 [Worker-20: Download sources and javadoc] INFO  o.e.m.j.internal.DownloadSourcesJob - Downloaded sources for ch.qos.logback:logback-classic:1.4.14
2024-08-18 09:20:09,500 [Worker-20: Download sources and javadoc] INFO  o.e.m.c.i.e.AbstractTransferListenerAdapter - Downloading http://maven.vie.sst.stp/content/groups/approved/ch/qos/logback/logback-core/1.4.14/logback-core-1.4.14-sources.jar
2024-08-18 09:20:10,579 [Worker-20: Download sources and javadoc] INFO  o.e.m.c.i.e.AbstractTransferListenerAdapter - Downloaded http://maven.vie.sst.stp/content/groups/approved/ch/qos/logback/logback-core/1.4.14/logback-core-1.4.14-sources.jar
2024-08-18 09:20:10,594 [Worker-20: Download sources and javadoc] INFO  o.e.m.j.internal.DownloadSourcesJob - Downloaded sources for ch.qos.logback:logback-core:1.4.14
2024-08-18 09:20:10,940 [Worker-20: Download sources and javadoc] INFO  o.e.m.c.i.e.AbstractTransferListenerAdapter - Downloading http://maven.vie.sst.stp/content/groups/approved/org/apache/logging/log4j/log4j-to-slf4j/2.21.1/log4j-to-slf4j-2.21.1-sources.jar
2024-08-18 09:20:11,284 [Worker-20: Download sources and javadoc] INFO  o.e.m.c.i.e.AbstractTransferListenerAdapter - Downloaded http://maven.vie.sst.stp/content/groups/approved/org/apache/logging/log4j/log4j-to-slf4j/2.21.1/log4j-to-slf4j-2.21.1-sources.jar
2024-08-18 09:20:11,284 [Worker-20: Download sources and javadoc] INFO  o.e.m.j.internal.DownloadSourcesJob - Downloaded sources for org.apache.logging.log4j:log4j-to-slf4j:2.21.1
2024-08-18 09:20:11,645 [Worker-20: Download sources and javadoc] INFO  o.e.m.c.i.e.AbstractTransferListenerAdapter - Downloading http://maven.vie.sst.stp/content/groups/approved/org/apache/logging/log4j/log4j-api/2.21.1/log4j-api-2.21.1-sources.jar
2024-08-18 09:20:12,477 [Worker-20: Download sources and javadoc] INFO  o.e.m.c.i.e.AbstractTransferListenerAdapter - Downloaded http://maven.vie.sst.stp/content/groups/approved/org/apache/logging/log4j/log4j-api/2.21.1/log4j-api-2.21.1-sources.jar
2024-08-18 09:20:12,492 [Worker-20: Download sources and javadoc] INFO  o.e.m.j.internal.DownloadSourcesJob - Downloaded sources for org.apache.logging.log4j:log4j-api:2.21.1
2024-08-18 09:20:12,916 [Worker-20: Download sources and javadoc] INFO  o.e.m.c.i.e.AbstractTransferListenerAdapter - Downloading http://maven.vie.sst.stp/content/groups/approved/org/slf4j/jul-to-slf4j/2.0.13/jul-to-slf4j-2.0.13-sources.jar
2024-08-18 09:20:13,183 [Worker-20: Download sources and javadoc] INFO  o.e.m.c.i.e.AbstractTransferListenerAdapter - Downloaded http://maven.vie.sst.stp/content/groups/approved/org/slf4j/jul-to-slf4j/2.0.13/jul-to-slf4j-2.0.13-sources.jar
2024-08-18 09:20:13,183 [Worker-20: Download sources and javadoc] INFO  o.e.m.j.internal.DownloadSourcesJob - Downloaded sources for org.slf4j:jul-to-slf4j:2.0.13
2024-08-18 09:20:13,616 [Worker-20: Download sources and javadoc] INFO  o.e.m.c.i.e.AbstractTransferListenerAdapter - Downloading http://maven.vie.sst.stp/content/groups/approved/org/yaml/snakeyaml/2.2/snakeyaml-2.2-sources.jar
2024-08-18 09:20:14,526 [Worker-20: Download sources and javadoc] INFO  o.e.m.c.i.e.AbstractTransferListenerAdapter - Downloaded http://maven.vie.sst.stp/content/groups/approved/org/yaml/snakeyaml/2.2/snakeyaml-2.2-sources.jar
2024-08-18 09:20:14,542 [Worker-20: Download sources and javadoc] INFO  o.e.m.j.internal.DownloadSourcesJob - Downloaded sources for org.yaml:snakeyaml:2.2
2024-08-18 09:20:14,997 [Worker-20: Download sources and javadoc] INFO  o.e.m.c.i.e.AbstractTransferListenerAdapter - Downloading http://maven.vie.sst.stp/content/groups/approved/org/springframework/boot/spring-boot-starter-json/3.2.8/spring-boot-starter-json-3.2.8-sources.jar
2024-08-18 09:20:15,249 [Worker-20: Download sources and javadoc] INFO  o.e.m.c.i.e.AbstractTransferListenerAdapter - Downloaded http://maven.vie.sst.stp/content/groups/approved/org/springframework/boot/spring-boot-starter-json/3.2.8/spring-boot-starter-json-3.2.8-sources.jar
2024-08-18 09:20:15,249 [Worker-20: Download sources and javadoc] INFO  o.e.m.j.internal.DownloadSourcesJob - Downloaded sources for org.springframework.boot:spring-boot-starter-json:3.2.8
2024-08-18 09:20:15,750 [Worker-20: Download sources and javadoc] INFO  o.e.m.c.i.e.AbstractTransferListenerAdapter - Downloading http://maven.vie.sst.stp/content/groups/approved/com/fasterxml/jackson/core/jackson-databind/2.15.4/jackson-databind-2.15.4-sources.jar
2024-08-18 09:20:17,840 [Worker-20: Download sources and javadoc] INFO  o.e.m.c.i.e.AbstractTransferListenerAdapter - Downloaded http://maven.vie.sst.stp/content/groups/approved/com/fasterxml/jackson/core/jackson-databind/2.15.4/jackson-databind-2.15.4-sources.jar
2024-08-18 09:20:17,840 [Worker-20: Download sources and javadoc] INFO  o.e.m.j.internal.DownloadSourcesJob - Downloaded sources for com.fasterxml.jackson.core:jackson-databind:2.15.4
2024-08-18 09:20:18,302 [Worker-20: Download sources and javadoc] INFO  o.e.m.c.i.e.AbstractTransferListenerAdapter - Downloading http://maven.vie.sst.stp/content/groups/approved/com/fasterxml/jackson/core/jackson-annotations/2.15.4/jackson-annotations-2.15.4-sources.jar
2024-08-18 09:20:18,899 [Worker-20: Download sources and javadoc] INFO  o.e.m.c.i.e.AbstractTransferListenerAdapter - Downloaded http://maven.vie.sst.stp/content/groups/approved/com/fasterxml/jackson/core/jackson-annotations/2.15.4/jackson-annotations-2.15.4-sources.jar
2024-08-18 09:20:18,899 [Worker-20: Download sources and javadoc] INFO  o.e.m.j.internal.DownloadSourcesJob - Downloaded sources for com.fasterxml.jackson.core:jackson-annotations:2.15.4
2024-08-18 09:20:19,383 [Worker-20: Download sources and javadoc] INFO  o.e.m.c.i.e.AbstractTransferListenerAdapter - Downloading http://maven.vie.sst.stp/content/groups/approved/com/fasterxml/jackson/core/jackson-core/2.15.4/jackson-core-2.15.4-sources.jar
2024-08-18 09:20:20,481 [Worker-20: Download sources and javadoc] INFO  o.e.m.c.i.e.AbstractTransferListenerAdapter - Downloaded http://maven.vie.sst.stp/content/groups/approved/com/fasterxml/jackson/core/jackson-core/2.15.4/jackson-core-2.15.4-sources.jar
2024-08-18 09:20:20,481 [Worker-20: Download sources and javadoc] INFO  o.e.m.j.internal.DownloadSourcesJob - Downloaded sources for com.fasterxml.jackson.core:jackson-core:2.15.4
2024-08-18 09:20:20,952 [Worker-20: Download sources and javadoc] INFO  o.e.m.c.i.e.AbstractTransferListenerAdapter - Downloading http://maven.vie.sst.stp/content/groups/approved/com/fasterxml/jackson/datatype/jackson-datatype-jdk8/2.15.4/jackson-datatype-jdk8-2.15.4-sources.jar
2024-08-18 09:20:21,392 [Worker-20: Download sources and javadoc] INFO  o.e.m.c.i.e.AbstractTransferListenerAdapter - Downloaded http://maven.vie.sst.stp/content/groups/approved/com/fasterxml/jackson/datatype/jackson-datatype-jdk8/2.15.4/jackson-datatype-jdk8-2.15.4-sources.jar
2024-08-18 09:20:21,392 [Worker-20: Download sources and javadoc] INFO  o.e.m.j.internal.DownloadSourcesJob - Downloaded sources for com.fasterxml.jackson.datatype:jackson-datatype-jdk8:2.15.4
2024-08-18 09:20:21,859 [Worker-20: Download sources and javadoc] INFO  o.e.m.c.i.e.AbstractTransferListenerAdapter - Downloading http://maven.vie.sst.stp/content/groups/approved/com/fasterxml/jackson/datatype/jackson-datatype-jsr310/2.15.4/jackson-datatype-jsr310-2.15.4-sources.jar
2024-08-18 09:20:22,445 [Worker-20: Download sources and javadoc] INFO  o.e.m.c.i.e.AbstractTransferListenerAdapter - Downloaded http://maven.vie.sst.stp/content/groups/approved/com/fasterxml/jackson/datatype/jackson-datatype-jsr310/2.15.4/jackson-datatype-jsr310-2.15.4-sources.jar
2024-08-18 09:20:22,445 [Worker-20: Download sources and javadoc] INFO  o.e.m.j.internal.DownloadSourcesJob - Downloaded sources for com.fasterxml.jackson.datatype:jackson-datatype-jsr310:2.15.4
2024-08-18 09:20:22,931 [Worker-20: Download sources and javadoc] INFO  o.e.m.c.i.e.AbstractTransferListenerAdapter - Downloading http://maven.vie.sst.stp/content/groups/approved/com/fasterxml/jackson/module/jackson-module-parameter-names/2.15.4/jackson-module-parameter-names-2.15.4-sources.jar
2024-08-18 09:20:23,196 [Worker-20: Download sources and javadoc] INFO  o.e.m.c.i.e.AbstractTransferListenerAdapter - Downloaded http://maven.vie.sst.stp/content/groups/approved/com/fasterxml/jackson/module/jackson-module-parameter-names/2.15.4/jackson-module-parameter-names-2.15.4-sources.jar
2024-08-18 09:20:23,196 [Worker-20: Download sources and javadoc] INFO  o.e.m.j.internal.DownloadSourcesJob - Downloaded sources for com.fasterxml.jackson.module:jackson-module-parameter-names:2.15.4
2024-08-18 09:20:23,651 [Worker-20: Download sources and javadoc] INFO  o.e.m.c.i.e.AbstractTransferListenerAdapter - Downloading http://maven.vie.sst.stp/content/groups/approved/org/springframework/boot/spring-boot-starter-tomcat/3.2.8/spring-boot-starter-tomcat-3.2.8-sources.jar
2024-08-18 09:20:23,907 [Worker-20: Download sources and javadoc] INFO  o.e.m.c.i.e.AbstractTransferListenerAdapter - Downloaded http://maven.vie.sst.stp/content/groups/approved/org/springframework/boot/spring-boot-starter-tomcat/3.2.8/spring-boot-starter-tomcat-3.2.8-sources.jar
2024-08-18 09:20:23,922 [Worker-20: Download sources and javadoc] INFO  o.e.m.j.internal.DownloadSourcesJob - Downloaded sources for org.springframework.boot:spring-boot-starter-tomcat:3.2.8
2024-08-18 09:20:24,284 [Worker-20: Download sources and javadoc] INFO  o.e.m.c.i.e.AbstractTransferListenerAdapter - Downloading http://maven.vie.sst.stp/content/groups/approved/org/apache/tomcat/embed/tomcat-embed-core/10.1.26/tomcat-embed-core-10.1.26-sources.jar
2024-08-18 09:20:27,610 [Worker-20: Download sources and javadoc] INFO  o.e.m.c.i.e.AbstractTransferListenerAdapter - Downloaded http://maven.vie.sst.stp/content/groups/approved/org/apache/tomcat/embed/tomcat-embed-core/10.1.26/tomcat-embed-core-10.1.26-sources.jar
2024-08-18 09:20:27,625 [Worker-20: Download sources and javadoc] INFO  o.e.m.j.internal.DownloadSourcesJob - Downloaded sources for org.apache.tomcat.embed:tomcat-embed-core:10.1.26
2024-08-18 09:20:27,979 [Worker-20: Download sources and javadoc] INFO  o.e.m.c.i.e.AbstractTransferListenerAdapter - Downloading http://maven.vie.sst.stp/content/groups/approved/org/apache/tomcat/embed/tomcat-embed-el/10.1.26/tomcat-embed-el-10.1.26-sources.jar
2024-08-18 09:20:28,840 [Worker-20: Download sources and javadoc] INFO  o.e.m.c.i.e.AbstractTransferListenerAdapter - Downloaded http://maven.vie.sst.stp/content/groups/approved/org/apache/tomcat/embed/tomcat-embed-el/10.1.26/tomcat-embed-el-10.1.26-sources.jar
2024-08-18 09:20:28,840 [Worker-20: Download sources and javadoc] INFO  o.e.m.j.internal.DownloadSourcesJob - Downloaded sources for org.apache.tomcat.embed:tomcat-embed-el:10.1.26
2024-08-18 09:20:29,186 [Worker-20: Download sources and javadoc] INFO  o.e.m.c.i.e.AbstractTransferListenerAdapter - Downloading http://maven.vie.sst.stp/content/groups/approved/org/apache/tomcat/embed/tomcat-embed-websocket/10.1.26/tomcat-embed-websocket-10.1.26-sources.jar
2024-08-18 09:20:30,025 [Worker-20: Download sources and javadoc] INFO  o.e.m.c.i.e.AbstractTransferListenerAdapter - Downloaded http://maven.vie.sst.stp/content/groups/approved/org/apache/tomcat/embed/tomcat-embed-websocket/10.1.26/tomcat-embed-websocket-10.1.26-sources.jar
2024-08-18 09:20:30,025 [Worker-20: Download sources and javadoc] INFO  o.e.m.j.internal.DownloadSourcesJob - Downloaded sources for org.apache.tomcat.embed:tomcat-embed-websocket:10.1.26
2024-08-18 09:20:30,473 [Worker-20: Download sources and javadoc] INFO  o.e.m.c.i.e.AbstractTransferListenerAdapter - Downloading http://maven.vie.sst.stp/content/groups/approved/org/springframework/spring-web/6.1.11/spring-web-6.1.11-sources.jar
2024-08-18 09:20:32,385 [Worker-20: Download sources and javadoc] INFO  o.e.m.c.i.e.AbstractTransferListenerAdapter - Downloaded http://maven.vie.sst.stp/content/groups/approved/org/springframework/spring-web/6.1.11/spring-web-6.1.11-sources.jar
2024-08-18 09:20:32,400 [Worker-20: Download sources and javadoc] INFO  o.e.m.j.internal.DownloadSourcesJob - Downloaded sources for org.springframework:spring-web:6.1.11
2024-08-18 09:20:32,949 [Worker-20: Download sources and javadoc] INFO  o.e.m.c.i.e.AbstractTransferListenerAdapter - Downloading http://maven.vie.sst.stp/content/groups/approved/io/micrometer/micrometer-observation/1.12.8/micrometer-observation-1.12.8-sources.jar
2024-08-18 09:20:33,529 [Worker-20: Download sources and javadoc] INFO  o.e.m.c.i.e.AbstractTransferListenerAdapter - Downloaded http://maven.vie.sst.stp/content/groups/approved/io/micrometer/micrometer-observation/1.12.8/micrometer-observation-1.12.8-sources.jar
2024-08-18 09:20:33,529 [Worker-20: Download sources and javadoc] INFO  o.e.m.j.internal.DownloadSourcesJob - Downloaded sources for io.micrometer:micrometer-observation:1.12.8
2024-08-18 09:20:33,990 [Worker-20: Download sources and javadoc] INFO  o.e.m.c.i.e.AbstractTransferListenerAdapter - Downloading http://maven.vie.sst.stp/content/groups/approved/io/micrometer/micrometer-commons/1.12.8/micrometer-commons-1.12.8-sources.jar
2024-08-18 09:20:34,587 [Worker-20: Download sources and javadoc] INFO  o.e.m.c.i.e.AbstractTransferListenerAdapter - Downloaded http://maven.vie.sst.stp/content/groups/approved/io/micrometer/micrometer-commons/1.12.8/micrometer-commons-1.12.8-sources.jar
2024-08-18 09:20:34,587 [Worker-20: Download sources and javadoc] INFO  o.e.m.j.internal.DownloadSourcesJob - Downloaded sources for io.micrometer:micrometer-commons:1.12.8
2024-08-18 09:20:35,026 [Worker-20: Download sources and javadoc] INFO  o.e.m.c.i.e.AbstractTransferListenerAdapter - Downloading http://maven.vie.sst.stp/content/groups/approved/org/springframework/spring-webmvc/6.1.11/spring-webmvc-6.1.11-sources.jar
2024-08-18 09:20:36,439 [Worker-20: Download sources and javadoc] INFO  o.e.m.c.i.e.AbstractTransferListenerAdapter - Downloaded http://maven.vie.sst.stp/content/groups/approved/org/springframework/spring-webmvc/6.1.11/spring-webmvc-6.1.11-sources.jar
2024-08-18 09:20:36,439 [Worker-20: Download sources and javadoc] INFO  o.e.m.j.internal.DownloadSourcesJob - Downloaded sources for org.springframework:spring-webmvc:6.1.11
2024-08-18 09:20:36,886 [Worker-20: Download sources and javadoc] INFO  o.e.m.c.i.e.AbstractTransferListenerAdapter - Downloading http://maven.vie.sst.stp/content/groups/approved/org/springframework/spring-expression/6.1.11/spring-expression-6.1.11-sources.jar
2024-08-18 09:20:37,800 [Worker-20: Download sources and javadoc] INFO  o.e.m.c.i.e.AbstractTransferListenerAdapter - Downloaded http://maven.vie.sst.stp/content/groups/approved/org/springframework/spring-expression/6.1.11/spring-expression-6.1.11-sources.jar
2024-08-18 09:20:37,800 [Worker-20: Download sources and javadoc] INFO  o.e.m.j.internal.DownloadSourcesJob - Downloaded sources for org.springframework:spring-expression:6.1.11
2024-08-18 09:20:38,272 [Worker-20: Download sources and javadoc] INFO  o.e.m.c.i.e.AbstractTransferListenerAdapter - Downloading http://maven.vie.sst.stp/content/groups/approved/org/springframework/boot/spring-boot-devtools/3.2.8/spring-boot-devtools-3.2.8-sources.jar
2024-08-18 09:20:39,022 [Worker-20: Download sources and javadoc] INFO  o.e.m.c.i.e.AbstractTransferListenerAdapter - Downloaded http://maven.vie.sst.stp/content/groups/approved/org/springframework/boot/spring-boot-devtools/3.2.8/spring-boot-devtools-3.2.8-sources.jar
2024-08-18 09:20:39,022 [Worker-20: Download sources and javadoc] INFO  o.e.m.j.internal.DownloadSourcesJob - Downloaded sources for org.springframework.boot:spring-boot-devtools:3.2.8
2024-08-18 09:20:39,515 [Worker-20: Download sources and javadoc] INFO  o.e.m.c.i.e.AbstractTransferListenerAdapter - Downloading http://maven.vie.sst.stp/content/groups/approved/org/springframework/boot/spring-boot/3.2.8/spring-boot-3.2.8-sources.jar
2024-08-18 09:20:41,107 [Worker-20: Download sources and javadoc] INFO  o.e.m.c.i.e.AbstractTransferListenerAdapter - Downloaded http://maven.vie.sst.stp/content/groups/approved/org/springframework/boot/spring-boot/3.2.8/spring-boot-3.2.8-sources.jar
2024-08-18 09:20:41,107 [Worker-20: Download sources and javadoc] INFO  o.e.m.j.internal.DownloadSourcesJob - Downloaded sources for org.springframework.boot:spring-boot:3.2.8
2024-08-18 09:20:41,596 [Worker-20: Download sources and javadoc] INFO  o.e.m.c.i.e.AbstractTransferListenerAdapter - Downloading http://maven.vie.sst.stp/content/groups/approved/org/springframework/boot/spring-boot-autoconfigure/3.2.8/spring-boot-autoconfigure-3.2.8-sources.jar
2024-08-18 09:20:43,374 [Worker-20: Download sources and javadoc] INFO  o.e.m.c.i.e.AbstractTransferListenerAdapter - Downloaded http://maven.vie.sst.stp/content/groups/approved/org/springframework/boot/spring-boot-autoconfigure/3.2.8/spring-boot-autoconfigure-3.2.8-sources.jar
2024-08-18 09:20:43,389 [Worker-20: Download sources and javadoc] INFO  o.e.m.j.internal.DownloadSourcesJob - Downloaded sources for org.springframework.boot:spring-boot-autoconfigure:3.2.8
2024-08-18 09:20:43,816 [Worker-20: Download sources and javadoc] INFO  o.e.m.c.i.e.AbstractTransferListenerAdapter - Downloading http://maven.vie.sst.stp/content/groups/approved/org/postgresql/postgresql/42.6.2/postgresql-42.6.2-sources.jar
2024-08-18 09:20:45,565 [Worker-20: Download sources and javadoc] INFO  o.e.m.c.i.e.AbstractTransferListenerAdapter - Downloaded http://maven.vie.sst.stp/content/groups/approved/org/postgresql/postgresql/42.6.2/postgresql-42.6.2-sources.jar
2024-08-18 09:20:45,581 [Worker-20: Download sources and javadoc] INFO  o.e.m.j.internal.DownloadSourcesJob - Downloaded sources for org.postgresql:postgresql:42.6.2
2024-08-18 09:20:46,023 [Worker-20: Download sources and javadoc] INFO  o.e.m.c.i.e.AbstractTransferListenerAdapter - Downloading http://maven.vie.sst.stp/content/groups/approved/org/checkerframework/checker-qual/3.31.0/checker-qual-3.31.0-sources.jar
2024-08-18 09:20:46,933 [Worker-20: Download sources and javadoc] INFO  o.e.m.c.i.e.AbstractTransferListenerAdapter - Downloaded http://maven.vie.sst.stp/content/groups/approved/org/checkerframework/checker-qual/3.31.0/checker-qual-3.31.0-sources.jar
2024-08-18 09:20:46,933 [Worker-20: Download sources and javadoc] INFO  o.e.m.j.internal.DownloadSourcesJob - Downloaded sources for org.checkerframework:checker-qual:3.31.0
2024-08-18 09:20:47,390 [Worker-20: Download sources and javadoc] INFO  o.e.m.c.i.e.AbstractTransferListenerAdapter - Downloading http://maven.vie.sst.stp/content/groups/approved/org/springframework/boot/spring-boot-starter-test/3.2.8/spring-boot-starter-test-3.2.8-sources.jar
2024-08-18 09:20:47,642 [Worker-20: Download sources and javadoc] INFO  o.e.m.c.i.e.AbstractTransferListenerAdapter - Downloaded http://maven.vie.sst.stp/content/groups/approved/org/springframework/boot/spring-boot-starter-test/3.2.8/spring-boot-starter-test-3.2.8-sources.jar
2024-08-18 09:20:47,657 [Worker-20: Download sources and javadoc] INFO  o.e.m.j.internal.DownloadSourcesJob - Downloaded sources for org.springframework.boot:spring-boot-starter-test:3.2.8
2024-08-18 09:20:48,112 [Worker-20: Download sources and javadoc] INFO  o.e.m.c.i.e.AbstractTransferListenerAdapter - Downloading http://maven.vie.sst.stp/content/groups/approved/org/springframework/boot/spring-boot-test/3.2.8/spring-boot-test-3.2.8-sources.jar
2024-08-18 09:20:48,897 [Worker-20: Download sources and javadoc] INFO  o.e.m.c.i.e.AbstractTransferListenerAdapter - Downloaded http://maven.vie.sst.stp/content/groups/approved/org/springframework/boot/spring-boot-test/3.2.8/spring-boot-test-3.2.8-sources.jar
2024-08-18 09:20:48,909 [Worker-20: Download sources and javadoc] INFO  o.e.m.j.internal.DownloadSourcesJob - Downloaded sources for org.springframework.boot:spring-boot-test:3.2.8
2024-08-18 09:20:49,379 [Worker-20: Download sources and javadoc] INFO  o.e.m.c.i.e.AbstractTransferListenerAdapter - Downloading http://maven.vie.sst.stp/content/groups/approved/org/springframework/boot/spring-boot-test-autoconfigure/3.2.8/spring-boot-test-autoconfigure-3.2.8-sources.jar
2024-08-18 09:20:50,296 [Worker-20: Download sources and javadoc] INFO  o.e.m.c.i.e.AbstractTransferListenerAdapter - Downloaded http://maven.vie.sst.stp/content/groups/approved/org/springframework/boot/spring-boot-test-autoconfigure/3.2.8/spring-boot-test-autoconfigure-3.2.8-sources.jar
2024-08-18 09:20:50,296 [Worker-20: Download sources and javadoc] INFO  o.e.m.j.internal.DownloadSourcesJob - Downloaded sources for org.springframework.boot:spring-boot-test-autoconfigure:3.2.8
2024-08-18 09:20:50,735 [Worker-20: Download sources and javadoc] INFO  o.e.m.c.i.e.AbstractTransferListenerAdapter - Downloading http://maven.vie.sst.stp/content/groups/approved/com/jayway/jsonpath/json-path/2.9.0/json-path-2.9.0-sources.jar
2024-08-18 09:20:51,488 [Worker-20: Download sources and javadoc] INFO  o.e.m.c.i.e.AbstractTransferListenerAdapter - Downloaded http://maven.vie.sst.stp/content/groups/approved/com/jayway/jsonpath/json-path/2.9.0/json-path-2.9.0-sources.jar
2024-08-18 09:20:51,488 [Worker-20: Download sources and javadoc] INFO  o.e.m.j.internal.DownloadSourcesJob - Downloaded sources for com.jayway.jsonpath:json-path:2.9.0
2024-08-18 09:20:51,938 [Worker-20: Download sources and javadoc] INFO  o.e.m.c.i.e.AbstractTransferListenerAdapter - Downloading http://maven.vie.sst.stp/content/groups/approved/jakarta/xml/bind/jakarta.xml.bind-api/4.0.2/jakarta.xml.bind-api-4.0.2-sources.jar
2024-08-18 09:20:52,706 [Worker-20: Download sources and javadoc] INFO  o.e.m.c.i.e.AbstractTransferListenerAdapter - Downloaded http://maven.vie.sst.stp/content/groups/approved/jakarta/xml/bind/jakarta.xml.bind-api/4.0.2/jakarta.xml.bind-api-4.0.2-sources.jar
2024-08-18 09:20:52,712 [Worker-20: Download sources and javadoc] INFO  o.e.m.j.internal.DownloadSourcesJob - Downloaded sources for jakarta.xml.bind:jakarta.xml.bind-api:4.0.2
2024-08-18 09:20:53,140 [Worker-20: Download sources and javadoc] INFO  o.e.m.c.i.e.AbstractTransferListenerAdapter - Downloading http://maven.vie.sst.stp/content/groups/approved/jakarta/activation/jakarta.activation-api/2.1.3/jakarta.activation-api-2.1.3-sources.jar
2024-08-18 09:20:53,723 [Worker-20: Download sources and javadoc] INFO  o.e.m.c.i.e.AbstractTransferListenerAdapter - Downloaded http://maven.vie.sst.stp/content/groups/approved/jakarta/activation/jakarta.activation-api/2.1.3/jakarta.activation-api-2.1.3-sources.jar
2024-08-18 09:20:53,739 [Worker-20: Download sources and javadoc] INFO  o.e.m.j.internal.DownloadSourcesJob - Downloaded sources for jakarta.activation:jakarta.activation-api:2.1.3
2024-08-18 09:20:54,179 [Worker-20: Download sources and javadoc] INFO  o.e.m.c.i.e.AbstractTransferListenerAdapter - Downloading http://maven.vie.sst.stp/content/groups/approved/net/minidev/json-smart/2.5.1/json-smart-2.5.1-sources.jar
2024-08-18 09:20:54,766 [Worker-20: Download sources and javadoc] INFO  o.e.m.c.i.e.AbstractTransferListenerAdapter - Downloaded http://maven.vie.sst.stp/content/groups/approved/net/minidev/json-smart/2.5.1/json-smart-2.5.1-sources.jar
2024-08-18 09:20:54,770 [Worker-20: Download sources and javadoc] INFO  o.e.m.j.internal.DownloadSourcesJob - Downloaded sources for net.minidev:json-smart:2.5.1
2024-08-18 09:20:55,203 [Worker-20: Download sources and javadoc] INFO  o.e.m.c.i.e.AbstractTransferListenerAdapter - Downloading http://maven.vie.sst.stp/content/groups/approved/net/minidev/accessors-smart/2.5.1/accessors-smart-2.5.1-sources.jar
2024-08-18 09:20:55,626 [Worker-20: Download sources and javadoc] INFO  o.e.m.c.i.e.AbstractTransferListenerAdapter - Downloaded http://maven.vie.sst.stp/content/groups/approved/net/minidev/accessors-smart/2.5.1/accessors-smart-2.5.1-sources.jar
2024-08-18 09:20:55,630 [Worker-20: Download sources and javadoc] INFO  o.e.m.j.internal.DownloadSourcesJob - Downloaded sources for net.minidev:accessors-smart:2.5.1
2024-08-18 09:20:56,064 [Worker-20: Download sources and javadoc] INFO  o.e.m.c.i.e.AbstractTransferListenerAdapter - Downloading http://maven.vie.sst.stp/content/groups/approved/org/ow2/asm/asm/9.6/asm-9.6-sources.jar
2024-08-18 09:20:56,983 [Worker-20: Download sources and javadoc] INFO  o.e.m.c.i.e.AbstractTransferListenerAdapter - Downloaded http://maven.vie.sst.stp/content/groups/approved/org/ow2/asm/asm/9.6/asm-9.6-sources.jar
2024-08-18 09:20:56,987 [Worker-20: Download sources and javadoc] INFO  o.e.m.j.internal.DownloadSourcesJob - Downloaded sources for org.ow2.asm:asm:9.6
2024-08-18 09:20:57,427 [Worker-20: Download sources and javadoc] INFO  o.e.m.c.i.e.AbstractTransferListenerAdapter - Downloading http://maven.vie.sst.stp/content/groups/approved/org/assertj/assertj-core/3.24.2/assertj-core-3.24.2-sources.jar
2024-08-18 09:20:59,338 [Worker-20: Download sources and javadoc] INFO  o.e.m.c.i.e.AbstractTransferListenerAdapter - Downloaded http://maven.vie.sst.stp/content/groups/approved/org/assertj/assertj-core/3.24.2/assertj-core-3.24.2-sources.jar
2024-08-18 09:20:59,343 [Worker-20: Download sources and javadoc] INFO  o.e.m.j.internal.DownloadSourcesJob - Downloaded sources for org.assertj:assertj-core:3.24.2
2024-08-18 09:20:59,777 [Worker-20: Download sources and javadoc] INFO  o.e.m.c.i.e.AbstractTransferListenerAdapter - Downloading http://maven.vie.sst.stp/content/groups/approved/org/awaitility/awaitility/4.2.1/awaitility-4.2.1-sources.jar
2024-08-18 09:21:00,377 [Worker-20: Download sources and javadoc] INFO  o.e.m.c.i.e.AbstractTransferListenerAdapter - Downloaded http://maven.vie.sst.stp/content/groups/approved/org/awaitility/awaitility/4.2.1/awaitility-4.2.1-sources.jar
2024-08-18 09:21:00,381 [Worker-20: Download sources and javadoc] INFO  o.e.m.j.internal.DownloadSourcesJob - Downloaded sources for org.awaitility:awaitility:4.2.1
2024-08-18 09:21:00,821 [Worker-20: Download sources and javadoc] INFO  o.e.m.c.i.e.AbstractTransferListenerAdapter - Downloading http://maven.vie.sst.stp/content/groups/approved/org/junit/jupiter/junit-jupiter/5.10.3/junit-jupiter-5.10.3-sources.jar
2024-08-18 09:21:01,079 [Worker-20: Download sources and javadoc] INFO  o.e.m.c.i.e.AbstractTransferListenerAdapter - Downloaded http://maven.vie.sst.stp/content/groups/approved/org/junit/jupiter/junit-jupiter/5.10.3/junit-jupiter-5.10.3-sources.jar
2024-08-18 09:21:01,084 [Worker-20: Download sources and javadoc] INFO  o.e.m.j.internal.DownloadSourcesJob - Downloaded sources for org.junit.jupiter:junit-jupiter:5.10.3
2024-08-18 09:21:01,521 [Worker-20: Download sources and javadoc] INFO  o.e.m.c.i.e.AbstractTransferListenerAdapter - Downloading http://maven.vie.sst.stp/content/groups/approved/org/junit/jupiter/junit-jupiter-api/5.10.3/junit-jupiter-api-5.10.3-sources.jar
2024-08-18 09:21:02,446 [Worker-20: Download sources and javadoc] INFO  o.e.m.c.i.e.AbstractTransferListenerAdapter - Downloaded http://maven.vie.sst.stp/content/groups/approved/org/junit/jupiter/junit-jupiter-api/5.10.3/junit-jupiter-api-5.10.3-sources.jar
2024-08-18 09:21:02,450 [Worker-20: Download sources and javadoc] INFO  o.e.m.j.internal.DownloadSourcesJob - Downloaded sources for org.junit.jupiter:junit-jupiter-api:5.10.3
2024-08-18 09:21:02,884 [Worker-20: Download sources and javadoc] INFO  o.e.m.c.i.e.AbstractTransferListenerAdapter - Downloading http://maven.vie.sst.stp/content/groups/approved/org/opentest4j/opentest4j/1.3.0/opentest4j-1.3.0-sources.jar
2024-08-18 09:21:03,145 [Worker-20: Download sources and javadoc] INFO  o.e.m.c.i.e.AbstractTransferListenerAdapter - Downloaded http://maven.vie.sst.stp/content/groups/approved/org/opentest4j/opentest4j/1.3.0/opentest4j-1.3.0-sources.jar
2024-08-18 09:21:03,147 [Worker-20: Download sources and javadoc] INFO  o.e.m.j.internal.DownloadSourcesJob - Downloaded sources for org.opentest4j:opentest4j:1.3.0
2024-08-18 09:21:03,578 [Worker-20: Download sources and javadoc] INFO  o.e.m.c.i.e.AbstractTransferListenerAdapter - Downloading http://maven.vie.sst.stp/content/groups/approved/org/junit/platform/junit-platform-commons/1.10.3/junit-platform-commons-1.10.3-sources.jar
2024-08-18 09:21:04,158 [Worker-20: Download sources and javadoc] INFO  o.e.m.c.i.e.AbstractTransferListenerAdapter - Downloaded http://maven.vie.sst.stp/content/groups/approved/org/junit/platform/junit-platform-commons/1.10.3/junit-platform-commons-1.10.3-sources.jar
2024-08-18 09:21:04,178 [Worker-20: Download sources and javadoc] INFO  o.e.m.j.internal.DownloadSourcesJob - Downloaded sources for org.junit.platform:junit-platform-commons:1.10.3
2024-08-18 09:21:04,613 [Worker-20: Download sources and javadoc] INFO  o.e.m.c.i.e.AbstractTransferListenerAdapter - Downloading http://maven.vie.sst.stp/content/groups/approved/org/junit/jupiter/junit-jupiter-params/5.10.3/junit-jupiter-params-5.10.3-sources.jar
2024-08-18 09:21:05,189 [Worker-20: Download sources and javadoc] INFO  o.e.m.c.i.e.AbstractTransferListenerAdapter - Downloaded http://maven.vie.sst.stp/content/groups/approved/org/junit/jupiter/junit-jupiter-params/5.10.3/junit-jupiter-params-5.10.3-sources.jar
2024-08-18 09:21:05,204 [Worker-20: Download sources and javadoc] INFO  o.e.m.j.internal.DownloadSourcesJob - Downloaded sources for org.junit.jupiter:junit-jupiter-params:5.10.3
2024-08-18 09:21:05,628 [Worker-20: Download sources and javadoc] INFO  o.e.m.c.i.e.AbstractTransferListenerAdapter - Downloading http://maven.vie.sst.stp/content/groups/approved/org/junit/jupiter/junit-jupiter-engine/5.10.3/junit-jupiter-engine-5.10.3-sources.jar
2024-08-18 09:21:06,390 [Worker-20: Download sources and javadoc] INFO  o.e.m.c.i.e.AbstractTransferListenerAdapter - Downloaded http://maven.vie.sst.stp/content/groups/approved/org/junit/jupiter/junit-jupiter-engine/5.10.3/junit-jupiter-engine-5.10.3-sources.jar
2024-08-18 09:21:06,395 [Worker-20: Download sources and javadoc] INFO  o.e.m.j.internal.DownloadSourcesJob - Downloaded sources for org.junit.jupiter:junit-jupiter-engine:5.10.3
2024-08-18 09:21:06,827 [Worker-20: Download sources and javadoc] INFO  o.e.m.c.i.e.AbstractTransferListenerAdapter - Downloading http://maven.vie.sst.stp/content/groups/approved/org/junit/platform/junit-platform-engine/1.10.3/junit-platform-engine-1.10.3-sources.jar
2024-08-18 09:21:07,573 [Worker-20: Download sources and javadoc] INFO  o.e.m.c.i.e.AbstractTransferListenerAdapter - Downloaded http://maven.vie.sst.stp/content/groups/approved/org/junit/platform/junit-platform-engine/1.10.3/junit-platform-engine-1.10.3-sources.jar
2024-08-18 09:21:07,573 [Worker-20: Download sources and javadoc] INFO  o.e.m.j.internal.DownloadSourcesJob - Downloaded sources for org.junit.platform:junit-platform-engine:1.10.3
2024-08-18 09:21:08,056 [Worker-20: Download sources and javadoc] INFO  o.e.m.c.i.e.AbstractTransferListenerAdapter - Downloading http://maven.vie.sst.stp/content/groups/approved/org/mockito/mockito-core/5.7.0/mockito-core-5.7.0-sources.jar
2024-08-18 09:21:09,300 [Worker-20: Download sources and javadoc] INFO  o.e.m.c.i.e.AbstractTransferListenerAdapter - Downloaded http://maven.vie.sst.stp/content/groups/approved/org/mockito/mockito-core/5.7.0/mockito-core-5.7.0-sources.jar
2024-08-18 09:21:09,316 [Worker-20: Download sources and javadoc] INFO  o.e.m.j.internal.DownloadSourcesJob - Downloaded sources for org.mockito:mockito-core:5.7.0
2024-08-18 09:21:09,740 [Worker-20: Download sources and javadoc] INFO  o.e.m.c.i.e.AbstractTransferListenerAdapter - Downloading http://maven.vie.sst.stp/content/groups/approved/net/bytebuddy/byte-buddy-agent/1.14.18/byte-buddy-agent-1.14.18-sources.jar
2024-08-18 09:21:10,662 [Worker-20: Download sources and javadoc] INFO  o.e.m.c.i.e.AbstractTransferListenerAdapter - Downloaded http://maven.vie.sst.stp/content/groups/approved/net/bytebuddy/byte-buddy-agent/1.14.18/byte-buddy-agent-1.14.18-sources.jar
2024-08-18 09:21:10,668 [Worker-20: Download sources and javadoc] INFO  o.e.m.j.internal.DownloadSourcesJob - Downloaded sources for net.bytebuddy:byte-buddy-agent:1.14.18
2024-08-18 09:21:11,091 [Worker-20: Download sources and javadoc] INFO  o.e.m.c.i.e.AbstractTransferListenerAdapter - Downloading http://maven.vie.sst.stp/content/groups/approved/org/objenesis/objenesis/3.3/objenesis-3.3-sources.jar
2024-08-18 09:21:11,672 [Worker-20: Download sources and javadoc] INFO  o.e.m.c.i.e.AbstractTransferListenerAdapter - Downloaded http://maven.vie.sst.stp/content/groups/approved/org/objenesis/objenesis/3.3/objenesis-3.3-sources.jar
2024-08-18 09:21:11,687 [Worker-20: Download sources and javadoc] INFO  o.e.m.j.internal.DownloadSourcesJob - Downloaded sources for org.objenesis:objenesis:3.3
2024-08-18 09:21:12,126 [Worker-20: Download sources and javadoc] INFO  o.e.m.c.i.e.AbstractTransferListenerAdapter - Downloading http://maven.vie.sst.stp/content/groups/approved/org/mockito/mockito-junit-jupiter/5.7.0/mockito-junit-jupiter-5.7.0-sources.jar
2024-08-18 09:21:12,378 [Worker-20: Download sources and javadoc] INFO  o.e.m.c.i.e.AbstractTransferListenerAdapter - Downloaded http://maven.vie.sst.stp/content/groups/approved/org/mockito/mockito-junit-jupiter/5.7.0/mockito-junit-jupiter-5.7.0-sources.jar
2024-08-18 09:21:12,378 [Worker-20: Download sources and javadoc] INFO  o.e.m.j.internal.DownloadSourcesJob - Downloaded sources for org.mockito:mockito-junit-jupiter:5.7.0
2024-08-18 09:21:12,821 [Worker-20: Download sources and javadoc] INFO  o.e.m.c.i.e.AbstractTransferListenerAdapter - Downloading http://maven.vie.sst.stp/content/groups/approved/org/skyscreamer/jsonassert/1.5.3/jsonassert-1.5.3-sources.jar
2024-08-18 09:21:13,242 [Worker-20: Download sources and javadoc] INFO  o.e.m.c.i.e.AbstractTransferListenerAdapter - Downloaded http://maven.vie.sst.stp/content/groups/approved/org/skyscreamer/jsonassert/1.5.3/jsonassert-1.5.3-sources.jar
2024-08-18 09:21:13,242 [Worker-20: Download sources and javadoc] INFO  o.e.m.j.internal.DownloadSourcesJob - Downloaded sources for org.skyscreamer:jsonassert:1.5.3
2024-08-18 09:21:13,680 [Worker-20: Download sources and javadoc] INFO  o.e.m.c.i.e.AbstractTransferListenerAdapter - Downloading http://maven.vie.sst.stp/content/groups/approved/org/springframework/spring-core/6.1.11/spring-core-6.1.11-sources.jar
2024-08-18 09:21:15,605 [Worker-20: Download sources and javadoc] INFO  o.e.m.c.i.e.AbstractTransferListenerAdapter - Downloaded http://maven.vie.sst.stp/content/groups/approved/org/springframework/spring-core/6.1.11/spring-core-6.1.11-sources.jar
2024-08-18 09:21:15,605 [Worker-20: Download sources and javadoc] INFO  o.e.m.j.internal.DownloadSourcesJob - Downloaded sources for org.springframework:spring-core:6.1.11
2024-08-18 09:21:16,047 [Worker-20: Download sources and javadoc] INFO  o.e.m.c.i.e.AbstractTransferListenerAdapter - Downloading http://maven.vie.sst.stp/content/groups/approved/org/springframework/spring-jcl/6.1.11/spring-jcl-6.1.11-sources.jar
2024-08-18 09:21:16,295 [Worker-20: Download sources and javadoc] INFO  o.e.m.c.i.e.AbstractTransferListenerAdapter - Downloaded http://maven.vie.sst.stp/content/groups/approved/org/springframework/spring-jcl/6.1.11/spring-jcl-6.1.11-sources.jar
2024-08-18 09:21:16,311 [Worker-20: Download sources and javadoc] INFO  o.e.m.j.internal.DownloadSourcesJob - Downloaded sources for org.springframework:spring-jcl:6.1.11
2024-08-18 09:21:16,748 [Worker-20: Download sources and javadoc] INFO  o.e.m.c.i.e.AbstractTransferListenerAdapter - Downloading http://maven.vie.sst.stp/content/groups/approved/org/springframework/spring-test/6.1.11/spring-test-6.1.11-sources.jar
2024-08-18 09:21:18,007 [Worker-20: Download sources and javadoc] INFO  o.e.m.c.i.e.AbstractTransferListenerAdapter - Downloaded http://maven.vie.sst.stp/content/groups/approved/org/springframework/spring-test/6.1.11/spring-test-6.1.11-sources.jar
2024-08-18 09:21:18,011 [Worker-20: Download sources and javadoc] INFO  o.e.m.j.internal.DownloadSourcesJob - Downloaded sources for org.springframework:spring-test:6.1.11
2024-08-18 09:21:18,014 [Worker-20: Download sources and javadoc] INFO  o.e.m.j.internal.DownloadSourcesJob - Downloaded sources for org.springframework:spring-aop:6.1.11
2024-08-18 09:21:18,017 [Worker-20: Download sources and javadoc] INFO  o.e.m.j.internal.DownloadSourcesJob - Downloaded sources for org.aspectj:aspectjweaver:1.9.22.1
2024-08-18 09:21:18,018 [Worker-20: Download sources and javadoc] INFO  o.e.m.j.internal.DownloadSourcesJob - Downloaded sources for org.springframework.boot:spring-boot-starter-jdbc:3.2.8
2024-08-18 09:21:18,018 [Worker-20: Download sources and javadoc] INFO  o.e.m.j.internal.DownloadSourcesJob - Downloaded sources for com.zaxxer:HikariCP:5.0.1
2024-08-18 09:21:18,018 [Worker-20: Download sources and javadoc] INFO  o.e.m.j.internal.DownloadSourcesJob - Downloaded sources for org.springframework:spring-jdbc:6.1.11
2024-08-18 09:21:18,018 [Worker-20: Download sources and javadoc] INFO  o.e.m.j.internal.DownloadSourcesJob - Downloaded sources for org.hibernate.orm:hibernate-core:6.4.9.Final
2024-08-18 09:21:18,018 [Worker-20: Download sources and javadoc] INFO  o.e.m.j.internal.DownloadSourcesJob - Downloaded sources for jakarta.persistence:jakarta.persistence-api:3.1.0
2024-08-18 09:21:18,034 [Worker-20: Download sources and javadoc] INFO  o.e.m.j.internal.DownloadSourcesJob - Downloaded sources for jakarta.transaction:jakarta.transaction-api:2.0.1
2024-08-18 09:21:18,034 [Worker-20: Download sources and javadoc] INFO  o.e.m.j.internal.DownloadSourcesJob - Downloaded sources for org.jboss.logging:jboss-logging:3.5.3.Final
2024-08-18 09:21:18,034 [Worker-20: Download sources and javadoc] INFO  o.e.m.j.internal.DownloadSourcesJob - Downloaded sources for org.hibernate.common:hibernate-commons-annotations:6.0.6.Final
2024-08-18 09:21:18,034 [Worker-20: Download sources and javadoc] INFO  o.e.m.j.internal.DownloadSourcesJob - Downloaded sources for io.smallrye:jandex:3.1.2
2024-08-18 09:21:18,050 [Worker-20: Download sources and javadoc] INFO  o.e.m.j.internal.DownloadSourcesJob - Downloaded sources for com.fasterxml:classmate:1.6.0
2024-08-18 09:21:18,050 [Worker-20: Download sources and javadoc] INFO  o.e.m.j.internal.DownloadSourcesJob - Downloaded sources for net.bytebuddy:byte-buddy:1.14.18
2024-08-18 09:21:18,050 [Worker-20: Download sources and javadoc] INFO  o.e.m.j.internal.DownloadSourcesJob - Downloaded sources for org.glassfish.jaxb:jaxb-runtime:4.0.5
2024-08-18 09:21:18,050 [Worker-20: Download sources and javadoc] INFO  o.e.m.j.internal.DownloadSourcesJob - Downloaded sources for org.glassfish.jaxb:jaxb-core:4.0.5
2024-08-18 09:21:18,050 [Worker-20: Download sources and javadoc] INFO  o.e.m.j.internal.DownloadSourcesJob - Downloaded sources for org.eclipse.angus:angus-activation:2.0.2
2024-08-18 09:21:18,065 [Worker-20: Download sources and javadoc] INFO  o.e.m.j.internal.DownloadSourcesJob - Downloaded sources for org.glassfish.jaxb:txw2:4.0.5
2024-08-18 09:21:18,065 [Worker-20: Download sources and javadoc] INFO  o.e.m.j.internal.DownloadSourcesJob - Downloaded sources for com.sun.istack:istack-commons-runtime:4.1.2
2024-08-18 09:21:18,065 [Worker-20: Download sources and javadoc] INFO  o.e.m.j.internal.DownloadSourcesJob - Downloaded sources for jakarta.inject:jakarta.inject-api:2.0.1
2024-08-18 09:21:18,065 [Worker-20: Download sources and javadoc] INFO  o.e.m.j.internal.DownloadSourcesJob - Downloaded sources for org.antlr:antlr4-runtime:4.13.0
2024-08-18 09:21:18,081 [Worker-20: Download sources and javadoc] INFO  o.e.m.j.internal.DownloadSourcesJob - Downloaded sources for org.springframework.data:spring-data-jpa:3.2.8
2024-08-18 09:21:18,081 [Worker-20: Download sources and javadoc] INFO  o.e.m.j.internal.DownloadSourcesJob - Downloaded sources for org.springframework.data:spring-data-commons:3.2.8
2024-08-18 09:21:18,081 [Worker-20: Download sources and javadoc] INFO  o.e.m.j.internal.DownloadSourcesJob - Downloaded sources for org.springframework:spring-orm:6.1.11
2024-08-18 09:21:18,081 [Worker-20: Download sources and javadoc] INFO  o.e.m.j.internal.DownloadSourcesJob - Downloaded sources for org.springframework:spring-context:6.1.11
2024-08-18 09:21:18,081 [Worker-20: Download sources and javadoc] INFO  o.e.m.j.internal.DownloadSourcesJob - Downloaded sources for org.springframework:spring-tx:6.1.11
2024-08-18 09:21:18,096 [Worker-20: Download sources and javadoc] INFO  o.e.m.j.internal.DownloadSourcesJob - Downloaded sources for org.springframework:spring-beans:6.1.11
2024-08-18 09:21:18,096 [Worker-20: Download sources and javadoc] INFO  o.e.m.j.internal.DownloadSourcesJob - Downloaded sources for jakarta.annotation:jakarta.annotation-api:2.1.1
2024-08-18 09:21:18,096 [Worker-20: Download sources and javadoc] INFO  o.e.m.j.internal.DownloadSourcesJob - Downloaded sources for org.slf4j:slf4j-api:2.0.13
2024-08-18 09:21:18,096 [Worker-20: Download sources and javadoc] INFO  o.e.m.j.internal.DownloadSourcesJob - Downloaded sources for org.springframework:spring-aspects:6.1.11
2024-08-18 09:21:18,112 [Worker-20: Download sources and javadoc] INFO  o.e.m.j.internal.DownloadSourcesJob - Downloaded sources for org.springframework.boot:spring-boot-starter-web:3.2.8
2024-08-18 09:21:18,112 [Worker-20: Download sources and javadoc] INFO  o.e.m.j.internal.DownloadSourcesJob - Downloaded sources for org.springframework.boot:spring-boot-starter:3.2.8
2024-08-18 09:21:18,112 [Worker-20: Download sources and javadoc] INFO  o.e.m.j.internal.DownloadSourcesJob - Downloaded sources for org.springframework.boot:spring-boot-starter-logging:3.2.8
2024-08-18 09:21:18,112 [Worker-20: Download sources and javadoc] INFO  o.e.m.j.internal.DownloadSourcesJob - Downloaded sources for ch.qos.logback:logback-classic:1.4.14
2024-08-18 09:21:18,112 [Worker-20: Download sources and javadoc] INFO  o.e.m.j.internal.DownloadSourcesJob - Downloaded sources for ch.qos.logback:logback-core:1.4.14
2024-08-18 09:21:18,128 [Worker-20: Download sources and javadoc] INFO  o.e.m.j.internal.DownloadSourcesJob - Downloaded sources for org.apache.logging.log4j:log4j-to-slf4j:2.21.1
2024-08-18 09:21:18,128 [Worker-20: Download sources and javadoc] INFO  o.e.m.j.internal.DownloadSourcesJob - Downloaded sources for org.apache.logging.log4j:log4j-api:2.21.1
2024-08-18 09:21:18,128 [Worker-20: Download sources and javadoc] INFO  o.e.m.j.internal.DownloadSourcesJob - Downloaded sources for org.slf4j:jul-to-slf4j:2.0.13
2024-08-18 09:21:18,128 [Worker-20: Download sources and javadoc] INFO  o.e.m.j.internal.DownloadSourcesJob - Downloaded sources for org.yaml:snakeyaml:2.2
2024-08-18 09:21:18,143 [Worker-20: Download sources and javadoc] INFO  o.e.m.j.internal.DownloadSourcesJob - Downloaded sources for org.springframework.boot:spring-boot-starter-json:3.2.8
2024-08-18 09:21:18,143 [Worker-20: Download sources and javadoc] INFO  o.e.m.j.internal.DownloadSourcesJob - Downloaded sources for com.fasterxml.jackson.core:jackson-databind:2.15.4
2024-08-18 09:21:18,153 [Worker-20: Download sources and javadoc] INFO  o.e.m.j.internal.DownloadSourcesJob - Downloaded sources for com.fasterxml.jackson.core:jackson-annotations:2.15.4
2024-08-18 09:21:18,156 [Worker-20: Download sources and javadoc] INFO  o.e.m.j.internal.DownloadSourcesJob - Downloaded sources for com.fasterxml.jackson.core:jackson-core:2.15.4
2024-08-18 09:21:18,160 [Worker-20: Download sources and javadoc] INFO  o.e.m.j.internal.DownloadSourcesJob - Downloaded sources for com.fasterxml.jackson.datatype:jackson-datatype-jdk8:2.15.4
2024-08-18 09:21:18,164 [Worker-20: Download sources and javadoc] INFO  o.e.m.j.internal.DownloadSourcesJob - Downloaded sources for com.fasterxml.jackson.datatype:jackson-datatype-jsr310:2.15.4
2024-08-18 09:21:18,167 [Worker-20: Download sources and javadoc] INFO  o.e.m.j.internal.DownloadSourcesJob - Downloaded sources for com.fasterxml.jackson.module:jackson-module-parameter-names:2.15.4
2024-08-18 09:21:18,172 [Worker-20: Download sources and javadoc] INFO  o.e.m.j.internal.DownloadSourcesJob - Downloaded sources for org.springframework.boot:spring-boot-starter-tomcat:3.2.8
2024-08-18 09:21:18,175 [Worker-20: Download sources and javadoc] INFO  o.e.m.j.internal.DownloadSourcesJob - Downloaded sources for org.apache.tomcat.embed:tomcat-embed-core:10.1.26
2024-08-18 09:21:18,178 [Worker-20: Download sources and javadoc] INFO  o.e.m.j.internal.DownloadSourcesJob - Downloaded sources for org.apache.tomcat.embed:tomcat-embed-el:10.1.26
2024-08-18 09:21:18,178 [Worker-20: Download sources and javadoc] INFO  o.e.m.j.internal.DownloadSourcesJob - Downloaded sources for org.apache.tomcat.embed:tomcat-embed-websocket:10.1.26
2024-08-18 09:21:18,178 [Worker-20: Download sources and javadoc] INFO  o.e.m.j.internal.DownloadSourcesJob - Downloaded sources for org.springframework:spring-web:6.1.11
2024-08-18 09:21:18,178 [Worker-20: Download sources and javadoc] INFO  o.e.m.j.internal.DownloadSourcesJob - Downloaded sources for io.micrometer:micrometer-observation:1.12.8
2024-08-18 09:21:18,196 [Worker-20: Download sources and javadoc] INFO  o.e.m.j.internal.DownloadSourcesJob - Downloaded sources for io.micrometer:micrometer-commons:1.12.8
2024-08-18 09:21:18,199 [Worker-20: Download sources and javadoc] INFO  o.e.m.j.internal.DownloadSourcesJob - Downloaded sources for org.springframework:spring-webmvc:6.1.11
2024-08-18 09:21:18,202 [Worker-20: Download sources and javadoc] INFO  o.e.m.j.internal.DownloadSourcesJob - Downloaded sources for org.springframework:spring-expression:6.1.11
2024-08-18 09:21:18,206 [Worker-20: Download sources and javadoc] INFO  o.e.m.j.internal.DownloadSourcesJob - Downloaded sources for org.springframework.boot:spring-boot-devtools:3.2.8
2024-08-18 09:21:18,209 [Worker-20: Download sources and javadoc] INFO  o.e.m.j.internal.DownloadSourcesJob - Downloaded sources for org.springframework.boot:spring-boot:3.2.8
2024-08-18 09:21:18,212 [Worker-20: Download sources and javadoc] INFO  o.e.m.j.internal.DownloadSourcesJob - Downloaded sources for org.springframework.boot:spring-boot-autoconfigure:3.2.8
2024-08-18 09:21:18,214 [Worker-20: Download sources and javadoc] INFO  o.e.m.j.internal.DownloadSourcesJob - Downloaded sources for org.postgresql:postgresql:42.6.2
2024-08-18 09:21:18,214 [Worker-20: Download sources and javadoc] INFO  o.e.m.j.internal.DownloadSourcesJob - Downloaded sources for org.checkerframework:checker-qual:3.31.0
2024-08-18 09:21:18,214 [Worker-20: Download sources and javadoc] INFO  o.e.m.j.internal.DownloadSourcesJob - Downloaded sources for org.springframework.boot:spring-boot-starter-test:3.2.8
2024-08-18 09:21:18,214 [Worker-20: Download sources and javadoc] INFO  o.e.m.j.internal.DownloadSourcesJob - Downloaded sources for org.springframework.boot:spring-boot-test:3.2.8
2024-08-18 09:21:18,214 [Worker-20: Download sources and javadoc] INFO  o.e.m.j.internal.DownloadSourcesJob - Downloaded sources for org.springframework.boot:spring-boot-test-autoconfigure:3.2.8
2024-08-18 09:21:18,229 [Worker-20: Download sources and javadoc] INFO  o.e.m.j.internal.DownloadSourcesJob - Downloaded sources for com.jayway.jsonpath:json-path:2.9.0
2024-08-18 09:21:18,229 [Worker-20: Download sources and javadoc] INFO  o.e.m.j.internal.DownloadSourcesJob - Downloaded sources for jakarta.xml.bind:jakarta.xml.bind-api:4.0.2
2024-08-18 09:21:18,229 [Worker-20: Download sources and javadoc] INFO  o.e.m.j.internal.DownloadSourcesJob - Downloaded sources for jakarta.activation:jakarta.activation-api:2.1.3
2024-08-18 09:21:18,229 [Worker-20: Download sources and javadoc] INFO  o.e.m.j.internal.DownloadSourcesJob - Downloaded sources for net.minidev:json-smart:2.5.1
2024-08-18 09:21:18,229 [Worker-20: Download sources and javadoc] INFO  o.e.m.j.internal.DownloadSourcesJob - Downloaded sources for net.minidev:accessors-smart:2.5.1
2024-08-18 09:21:18,245 [Worker-20: Download sources and javadoc] INFO  o.e.m.j.internal.DownloadSourcesJob - Downloaded sources for org.ow2.asm:asm:9.6
2024-08-18 09:21:18,250 [Worker-20: Download sources and javadoc] INFO  o.e.m.j.internal.DownloadSourcesJob - Downloaded sources for org.assertj:assertj-core:3.24.2
2024-08-18 09:21:18,250 [Worker-20: Download sources and javadoc] INFO  o.e.m.j.internal.DownloadSourcesJob - Downloaded sources for org.awaitility:awaitility:4.2.1
2024-08-18 09:21:18,250 [Worker-20: Download sources and javadoc] INFO  o.e.m.j.internal.DownloadSourcesJob - Downloaded sources for org.junit.jupiter:junit-jupiter:5.10.3
2024-08-18 09:21:18,261 [Worker-20: Download sources and javadoc] INFO  o.e.m.j.internal.DownloadSourcesJob - Downloaded sources for org.junit.jupiter:junit-jupiter-api:5.10.3
2024-08-18 09:21:18,261 [Worker-20: Download sources and javadoc] INFO  o.e.m.j.internal.DownloadSourcesJob - Downloaded sources for org.opentest4j:opentest4j:1.3.0
2024-08-18 09:21:18,261 [Worker-20: Download sources and javadoc] INFO  o.e.m.j.internal.DownloadSourcesJob - Downloaded sources for org.junit.platform:junit-platform-commons:1.10.3
2024-08-18 09:21:18,261 [Worker-20: Download sources and javadoc] INFO  o.e.m.j.internal.DownloadSourcesJob - Downloaded sources for org.junit.jupiter:junit-jupiter-params:5.10.3
2024-08-18 09:21:18,261 [Worker-20: Download sources and javadoc] INFO  o.e.m.j.internal.DownloadSourcesJob - Downloaded sources for org.junit.jupiter:junit-jupiter-engine:5.10.3
2024-08-18 09:21:18,277 [Worker-20: Download sources and javadoc] INFO  o.e.m.j.internal.DownloadSourcesJob - Downloaded sources for org.junit.platform:junit-platform-engine:1.10.3
2024-08-18 09:21:18,277 [Worker-20: Download sources and javadoc] INFO  o.e.m.j.internal.DownloadSourcesJob - Downloaded sources for org.mockito:mockito-core:5.7.0
2024-08-18 09:21:18,277 [Worker-20: Download sources and javadoc] INFO  o.e.m.j.internal.DownloadSourcesJob - Downloaded sources for net.bytebuddy:byte-buddy-agent:1.14.18
2024-08-18 09:21:18,277 [Worker-20: Download sources and javadoc] INFO  o.e.m.j.internal.DownloadSourcesJob - Downloaded sources for org.objenesis:objenesis:3.3
2024-08-18 09:21:18,292 [Worker-20: Download sources and javadoc] INFO  o.e.m.j.internal.DownloadSourcesJob - Downloaded sources for org.mockito:mockito-junit-jupiter:5.7.0
2024-08-18 09:21:18,292 [Worker-20: Download sources and javadoc] INFO  o.e.m.j.internal.DownloadSourcesJob - Downloaded sources for org.skyscreamer:jsonassert:1.5.3
2024-08-18 09:21:18,292 [Worker-20: Download sources and javadoc] INFO  o.e.m.j.internal.DownloadSourcesJob - Downloaded sources for org.springframework:spring-core:6.1.11
2024-08-18 09:21:18,292 [Worker-20: Download sources and javadoc] INFO  o.e.m.j.internal.DownloadSourcesJob - Downloaded sources for org.springframework:spring-jcl:6.1.11
2024-08-18 09:21:18,292 [Worker-20: Download sources and javadoc] INFO  o.e.m.j.internal.DownloadSourcesJob - Downloaded sources for org.springframework:spring-test:6.1.11
2024-08-18 09:21:18,958 [Worker-20: Building] INFO  o.a.m.s.f.DefaultMavenResourcesFiltering - Copying 0 resource from src\main\resources to target\classes
2024-08-18 09:21:18,958 [Worker-20: Building] INFO  o.a.m.s.f.DefaultMavenResourcesFiltering - Copying 0 resource from src\main\resources to target\classes
2024-08-18 09:21:18,958 [Worker-20: Building] INFO  o.a.m.s.f.DefaultMavenResourcesFiltering - skip non existing resourceDirectory C:\Users\awaikar\Documents\Self_Study\SpringSuiteWorkSpace\sst-admin-management\src\test\resources
2024-08-18 09:38:54,296 [Worker-16: Building] INFO  o.a.m.s.f.DefaultMavenResourcesFiltering - Copying 1 resource from src\main\resources to target\classes
2024-08-18 09:38:54,307 [Worker-16: Building] INFO  o.a.m.s.f.DefaultMavenResourcesFiltering - Copying 0 resource from src\main\resources to target\classes
2024-08-18 09:38:54,309 [Worker-16: Building] INFO  o.a.m.s.f.DefaultMavenResourcesFiltering - skip non existing resourceDirectory C:\Users\awaikar\Documents\Self_Study\SpringSuiteWorkSpace\sst-admin-management\src\test\resources
2024-08-18 09:40:30,823 [Worker-26: Building] INFO  o.a.m.s.f.DefaultMavenResourcesFiltering - Copying 1 resource from src\main\resources to target\classes
2024-08-18 09:40:30,823 [Worker-26: Building] INFO  o.a.m.s.f.DefaultMavenResourcesFiltering - Copying 0 resource from src\main\resources to target\classes
2024-08-18 09:40:30,823 [Worker-26: Building] INFO  o.a.m.s.f.DefaultMavenResourcesFiltering - skip non existing resourceDirectory C:\Users\awaikar\Documents\Self_Study\SpringSuiteWorkSpace\sst-admin-management\src\test\resources
2024-08-18 09:43:21,018 [Worker-24: Building] INFO  o.a.m.s.f.DefaultMavenResourcesFiltering - Copying 1 resource from src\main\resources to target\classes
2024-08-18 09:43:21,025 [Worker-24: Building] INFO  o.a.m.s.f.DefaultMavenResourcesFiltering - Copying 0 resource from src\main\resources to target\classes
2024-08-18 09:43:21,027 [Worker-24: Building] INFO  o.a.m.s.f.DefaultMavenResourcesFiltering - skip non existing resourceDirectory C:\Users\awaikar\Documents\Self_Study\SpringSuiteWorkSpace\sst-admin-management\src\test\resources
2024-08-18 09:43:53,352 [Worker-29: Building] INFO  o.a.m.s.f.DefaultMavenResourcesFiltering - Copying 0 resource from src\main\resources to target\classes
2024-08-18 09:43:53,353 [Worker-29: Building] INFO  o.a.m.s.f.DefaultMavenResourcesFiltering - Copying 0 resource from src\main\resources to target\classes
2024-08-18 09:43:53,356 [Worker-29: Building] INFO  o.a.m.s.f.DefaultMavenResourcesFiltering - skip non existing resourceDirectory C:\Users\awaikar\Documents\Self_Study\SpringSuiteWorkSpace\sst-admin-management\src\test\resources
2024-08-18 09:44:05,073 [Worker-19: Building] INFO  o.a.m.s.f.DefaultMavenResourcesFiltering - Copying 0 resource from src\main\resources to target\classes
2024-08-18 09:44:05,073 [Worker-19: Building] INFO  o.a.m.s.f.DefaultMavenResourcesFiltering - Copying 0 resource from src\main\resources to target\classes
2024-08-18 09:44:05,075 [Worker-19: Building] INFO  o.a.m.s.f.DefaultMavenResourcesFiltering - skip non existing resourceDirectory C:\Users\awaikar\Documents\Self_Study\SpringSuiteWorkSpace\sst-admin-management\src\test\resources
2024-08-18 09:44:26,882 [Worker-19: Building] INFO  o.a.m.s.f.DefaultMavenResourcesFiltering - Copying 0 resource from src\main\resources to target\classes
2024-08-18 09:44:26,882 [Worker-19: Building] INFO  o.a.m.s.f.DefaultMavenResourcesFiltering - Copying 0 resource from src\main\resources to target\classes
2024-08-18 09:44:26,884 [Worker-19: Building] INFO  o.a.m.s.f.DefaultMavenResourcesFiltering - skip non existing resourceDirectory C:\Users\awaikar\Documents\Self_Study\SpringSuiteWorkSpace\sst-admin-management\src\test\resources
2024-08-18 09:44:42,378 [Worker-24: Building] INFO  o.a.m.s.f.DefaultMavenResourcesFiltering - Copying 0 resource from src\main\resources to target\classes
2024-08-18 09:44:42,378 [Worker-24: Building] INFO  o.a.m.s.f.DefaultMavenResourcesFiltering - Copying 0 resource from src\main\resources to target\classes
2024-08-18 09:44:42,379 [Worker-24: Building] INFO  o.a.m.s.f.DefaultMavenResourcesFiltering - skip non existing resourceDirectory C:\Users\awaikar\Documents\Self_Study\SpringSuiteWorkSpace\sst-admin-management\src\test\resources
2024-08-18 09:48:43,370 [Worker-28: Building] INFO  o.e.m.c.i.l.LifecycleMappingFactory - Using org.eclipse.m2e.jdt.JarLifecycleMapping lifecycle mapping for MavenProject: com.smartstream.admin.management:sst-admin-management:0.0.1-SNAPSHOT @ C:\Users\awaikar\Documents\Self_Study\SpringSuiteWorkSpace\sst-admin-management\pom.xml.
2024-08-18 09:48:44,196 [Worker-28: Building] INFO  o.e.m.c.i.e.AbstractTransferListenerAdapter - Downloading http://maven.vie.sst.stp/content/groups/approved/org/projectlombok/lombok/1.18.34/lombok-1.18.34.pom
2024-08-18 09:48:44,464 [Worker-28: Building] INFO  o.e.m.c.i.e.AbstractTransferListenerAdapter - Downloaded http://maven.vie.sst.stp/content/groups/approved/org/projectlombok/lombok/1.18.34/lombok-1.18.34.pom
2024-08-18 09:48:44,760 [Worker-28: Building] INFO  o.e.m.c.i.e.AbstractTransferListenerAdapter - Downloading http://maven.vie.sst.stp/content/groups/approved/org/projectlombok/lombok/1.18.34/lombok-1.18.34.jar
2024-08-18 09:48:47,749 [Worker-28: Building] INFO  o.e.m.c.i.e.AbstractTransferListenerAdapter - Downloaded http://maven.vie.sst.stp/content/groups/approved/org/projectlombok/lombok/1.18.34/lombok-1.18.34.jar
2024-08-18 09:48:48,364 [Worker-28: Building] INFO  o.a.m.s.f.DefaultMavenResourcesFiltering - Copying 0 resource from src\main\resources to target\classes
2024-08-18 09:48:48,364 [Worker-28: Building] INFO  o.a.m.s.f.DefaultMavenResourcesFiltering - Copying 0 resource from src\main\resources to target\classes
2024-08-18 09:48:48,367 [Worker-28: Building] INFO  o.a.m.s.f.DefaultMavenResourcesFiltering - skip non existing resourceDirectory C:\Users\awaikar\Documents\Self_Study\SpringSuiteWorkSpace\sst-admin-management\src\test\resources
2024-08-18 09:48:50,314 [Worker-28: Download sources and javadoc] INFO  o.e.m.c.i.e.AbstractTransferListenerAdapter - Downloading http://maven.vie.sst.stp/content/groups/approved/org/projectlombok/lombok/1.18.34/lombok-1.18.34-sources.jar
2024-08-18 09:48:51,917 [Worker-28: Download sources and javadoc] INFO  o.e.m.c.i.e.AbstractTransferListenerAdapter - Downloaded http://maven.vie.sst.stp/content/groups/approved/org/projectlombok/lombok/1.18.34/lombok-1.18.34-sources.jar
2024-08-18 09:48:51,921 [Worker-28: Download sources and javadoc] INFO  o.e.m.j.internal.DownloadSourcesJob - Downloaded sources for org.projectlombok:lombok:1.18.34
2024-08-18 09:48:52,568 [Worker-31: Building] INFO  o.a.m.s.f.DefaultMavenResourcesFiltering - Copying 0 resource from src\main\resources to target\classes
2024-08-18 09:48:52,569 [Worker-31: Building] INFO  o.a.m.s.f.DefaultMavenResourcesFiltering - Copying 0 resource from src\main\resources to target\classes
2024-08-18 09:48:52,571 [Worker-31: Building] INFO  o.a.m.s.f.DefaultMavenResourcesFiltering - skip non existing resourceDirectory C:\Users\awaikar\Documents\Self_Study\SpringSuiteWorkSpace\sst-admin-management\src\test\resources
2024-08-18 09:49:44,247 [Worker-19: Building] INFO  o.a.m.s.f.DefaultMavenResourcesFiltering - Copying 0 resource from src\main\resources to target\classes
2024-08-18 09:49:44,248 [Worker-19: Building] INFO  o.a.m.s.f.DefaultMavenResourcesFiltering - Copying 0 resource from src\main\resources to target\classes
2024-08-18 09:49:44,250 [Worker-19: Building] INFO  o.a.m.s.f.DefaultMavenResourcesFiltering - skip non existing resourceDirectory C:\Users\awaikar\Documents\Self_Study\SpringSuiteWorkSpace\sst-admin-management\src\test\resources
2024-08-18 09:50:17,958 [Worker-28: Building] INFO  o.a.m.s.f.DefaultMavenResourcesFiltering - Copying 0 resource from src\main\resources to target\classes
2024-08-18 09:50:17,958 [Worker-28: Building] INFO  o.a.m.s.f.DefaultMavenResourcesFiltering - Copying 0 resource from src\main\resources to target\classes
2024-08-18 09:50:17,959 [Worker-28: Building] INFO  o.a.m.s.f.DefaultMavenResourcesFiltering - skip non existing resourceDirectory C:\Users\awaikar\Documents\Self_Study\SpringSuiteWorkSpace\sst-admin-management\src\test\resources
2024-08-18 09:50:41,639 [Worker-31: Building] INFO  o.a.m.s.f.DefaultMavenResourcesFiltering - Copying 0 resource from src\main\resources to target\classes
2024-08-18 09:50:41,640 [Worker-31: Building] INFO  o.a.m.s.f.DefaultMavenResourcesFiltering - Copying 0 resource from src\main\resources to target\classes
2024-08-18 09:50:41,641 [Worker-31: Building] INFO  o.a.m.s.f.DefaultMavenResourcesFiltering - skip non existing resourceDirectory C:\Users\awaikar\Documents\Self_Study\SpringSuiteWorkSpace\sst-admin-management\src\test\resources
2024-08-18 09:50:55,849 [Worker-19: Building] INFO  o.a.m.s.f.DefaultMavenResourcesFiltering - Copying 0 resource from src\main\resources to target\classes
2024-08-18 09:50:55,849 [Worker-19: Building] INFO  o.a.m.s.f.DefaultMavenResourcesFiltering - Copying 0 resource from src\main\resources to target\classes
2024-08-18 09:50:55,851 [Worker-19: Building] INFO  o.a.m.s.f.DefaultMavenResourcesFiltering - skip non existing resourceDirectory C:\Users\awaikar\Documents\Self_Study\SpringSuiteWorkSpace\sst-admin-management\src\test\resources
2024-08-18 09:51:17,697 [Worker-32: Building] INFO  o.a.m.s.f.DefaultMavenResourcesFiltering - Copying 0 resource from src\main\resources to target\classes
2024-08-18 09:51:17,697 [Worker-32: Building] INFO  o.a.m.s.f.DefaultMavenResourcesFiltering - Copying 0 resource from src\main\resources to target\classes
2024-08-18 09:51:17,699 [Worker-32: Building] INFO  o.a.m.s.f.DefaultMavenResourcesFiltering - skip non existing resourceDirectory C:\Users\awaikar\Documents\Self_Study\SpringSuiteWorkSpace\sst-admin-management\src\test\resources
2024-08-18 09:54:37,544 [Worker-19: Building] INFO  o.a.m.s.f.DefaultMavenResourcesFiltering - Copying 1 resource from src\main\resources to target\classes
2024-08-18 09:54:37,569 [Worker-19: Building] INFO  o.a.m.s.f.DefaultMavenResourcesFiltering - Copying 0 resource from src\main\resources to target\classes
2024-08-18 09:54:37,571 [Worker-19: Building] INFO  o.a.m.s.f.DefaultMavenResourcesFiltering - skip non existing resourceDirectory C:\Users\awaikar\Documents\Self_Study\SpringSuiteWorkSpace\sst-admin-management\src\test\resources
2024-08-18 09:56:59,173 [Worker-38: Building] INFO  o.a.m.s.f.DefaultMavenResourcesFiltering - Copying 0 resource from src\main\resources to target\classes
2024-08-18 09:56:59,174 [Worker-38: Building] INFO  o.a.m.s.f.DefaultMavenResourcesFiltering - Copying 0 resource from src\main\resources to target\classes
2024-08-18 09:56:59,177 [Worker-38: Building] INFO  o.a.m.s.f.DefaultMavenResourcesFiltering - skip non existing resourceDirectory C:\Users\awaikar\Documents\Self_Study\SpringSuiteWorkSpace\sst-admin-management\src\test\resources
2024-08-18 09:57:00,330 [Worker-38: Building] INFO  o.a.m.s.f.DefaultMavenResourcesFiltering - Copying 0 resource from src\main\resources to target\classes
2024-08-18 09:57:00,336 [Worker-38: Building] INFO  o.a.m.s.f.DefaultMavenResourcesFiltering - Copying 0 resource from src\main\resources to target\classes
2024-08-18 09:57:00,340 [Worker-38: Building] INFO  o.a.m.s.f.DefaultMavenResourcesFiltering - skip non existing resourceDirectory C:\Users\awaikar\Documents\Self_Study\SpringSuiteWorkSpace\sst-admin-management\src\test\resources
2024-08-18 09:57:14,327 [Worker-36: Updating Maven Project] INFO  o.e.m.c.i.p.ProjectConfigurationManager - Update started
2024-08-18 09:57:15,331 [Worker-36: Updating Maven Project] INFO  o.e.m.c.i.l.LifecycleMappingFactory - Using org.eclipse.m2e.jdt.JarLifecycleMapping lifecycle mapping for MavenProject: com.smartstream.admin.management:sst-admin-management:0.0.1-SNAPSHOT @ C:\Users\awaikar\Documents\Self_Study\SpringSuiteWorkSpace\sst-admin-management\pom.xml.
2024-08-18 09:57:16,263 [Worker-36: Updating Maven Project] INFO  o.e.m.j.i.AbstractJavaProjectConfigurator - Adding source folder /sst-admin-management/src/main/java
2024-08-18 09:57:16,264 [Worker-36: Updating Maven Project] INFO  o.e.m.j.i.AbstractJavaProjectConfigurator - Adding resource folder /sst-admin-management/src/main/resources
2024-08-18 09:57:16,264 [Worker-36: Updating Maven Project] INFO  o.e.m.j.i.AbstractJavaProjectConfigurator - Adding resource folder /sst-admin-management/src/main/resources
2024-08-18 09:57:16,265 [Worker-36: Updating Maven Project] INFO  o.e.m.j.i.AbstractJavaProjectConfigurator - Adding source folder /sst-admin-management/src/test/java
2024-08-18 09:57:17,548 [Worker-36: Updating Maven Project] INFO  o.e.m.c.i.p.ProjectConfigurationManager - Update completed: 3 sec
2024-08-18 09:57:19,047 [Worker-32: Building] INFO  o.a.m.s.f.DefaultMavenResourcesFiltering - Copying 1 resource from src\main\resources to target\classes
2024-08-18 09:57:19,198 [Worker-32: Building] INFO  o.a.m.s.f.DefaultMavenResourcesFiltering - Copying 0 resource from src\main\resources to target\classes
2024-08-18 09:57:19,204 [Worker-32: Building] INFO  o.a.m.s.f.DefaultMavenResourcesFiltering - skip non existing resourceDirectory C:\Users\awaikar\Documents\Self_Study\SpringSuiteWorkSpace\sst-admin-management\src\test\resources
2024-08-18 10:01:13,392 [Worker-36: Building] INFO  o.a.m.s.f.DefaultMavenResourcesFiltering - Copying 1 resource from src\main\resources to target\classes
2024-08-18 10:01:13,403 [Worker-36: Building] INFO  o.a.m.s.f.DefaultMavenResourcesFiltering - Copying 0 resource from src\main\resources to target\classes
2024-08-18 10:01:13,407 [Worker-36: Building] INFO  o.a.m.s.f.DefaultMavenResourcesFiltering - skip non existing resourceDirectory C:\Users\awaikar\Documents\Self_Study\SpringSuiteWorkSpace\sst-admin-management\src\test\resources
2024-08-18 10:02:02,408 [Worker-45: Building] INFO  o.a.m.s.f.DefaultMavenResourcesFiltering - Copying 1 resource from src\main\resources to target\classes
2024-08-18 10:02:02,413 [Worker-45: Building] INFO  o.a.m.s.f.DefaultMavenResourcesFiltering - Copying 0 resource from src\main\resources to target\classes
2024-08-18 10:02:02,414 [Worker-45: Building] INFO  o.a.m.s.f.DefaultMavenResourcesFiltering - skip non existing resourceDirectory C:\Users\awaikar\Documents\Self_Study\SpringSuiteWorkSpace\sst-admin-management\src\test\resources
2024-08-18 10:02:55,336 [Worker-46: Building] INFO  o.a.m.s.f.DefaultMavenResourcesFiltering - Copying 1 resource from src\main\resources to target\classes
2024-08-18 10:02:55,343 [Worker-46: Building] INFO  o.a.m.s.f.DefaultMavenResourcesFiltering - Copying 0 resource from src\main\resources to target\classes
2024-08-18 10:02:55,345 [Worker-46: Building] INFO  o.a.m.s.f.DefaultMavenResourcesFiltering - skip non existing resourceDirectory C:\Users\awaikar\Documents\Self_Study\SpringSuiteWorkSpace\sst-admin-management\src\test\resources
2024-08-18 10:04:59,742 [Worker-36: Building] INFO  o.a.m.s.f.DefaultMavenResourcesFiltering - Copying 1 resource from src\main\resources to target\classes
2024-08-18 10:04:59,750 [Worker-36: Building] INFO  o.a.m.s.f.DefaultMavenResourcesFiltering - Copying 0 resource from src\main\resources to target\classes
2024-08-18 10:04:59,753 [Worker-36: Building] INFO  o.a.m.s.f.DefaultMavenResourcesFiltering - skip non existing resourceDirectory C:\Users\awaikar\Documents\Self_Study\SpringSuiteWorkSpace\sst-admin-management\src\test\resources
2024-08-18 10:05:23,272 [Worker-36: Building] INFO  o.a.m.s.f.DefaultMavenResourcesFiltering - Copying 1 resource from src\main\resources to target\classes
2024-08-18 10:05:23,280 [Worker-36: Building] INFO  o.a.m.s.f.DefaultMavenResourcesFiltering - Copying 0 resource from src\main\resources to target\classes
2024-08-18 10:05:23,282 [Worker-36: Building] INFO  o.a.m.s.f.DefaultMavenResourcesFiltering - skip non existing resourceDirectory C:\Users\awaikar\Documents\Self_Study\SpringSuiteWorkSpace\sst-admin-management\src\test\resources
2024-08-18 10:06:57,562 [Worker-45: Building] INFO  o.a.m.s.f.DefaultMavenResourcesFiltering - Copying 1 resource from src\main\resources to target\classes
2024-08-18 10:06:57,568 [Worker-45: Building] INFO  o.a.m.s.f.DefaultMavenResourcesFiltering - Copying 0 resource from src\main\resources to target\classes
2024-08-18 10:06:57,569 [Worker-45: Building] INFO  o.a.m.s.f.DefaultMavenResourcesFiltering - skip non existing resourceDirectory C:\Users\awaikar\Documents\Self_Study\SpringSuiteWorkSpace\sst-admin-management\src\test\resources
2024-08-18 10:07:52,123 [Worker-36: Building] INFO  o.a.m.s.f.DefaultMavenResourcesFiltering - Copying 1 resource from src\main\resources to target\classes
2024-08-18 10:07:52,128 [Worker-36: Building] INFO  o.a.m.s.f.DefaultMavenResourcesFiltering - Copying 0 resource from src\main\resources to target\classes
2024-08-18 10:07:52,130 [Worker-36: Building] INFO  o.a.m.s.f.DefaultMavenResourcesFiltering - skip non existing resourceDirectory C:\Users\awaikar\Documents\Self_Study\SpringSuiteWorkSpace\sst-admin-management\src\test\resources
2024-08-18 10:08:02,390 [Worker-47: Building] INFO  o.a.m.s.f.DefaultMavenResourcesFiltering - Copying 1 resource from src\main\resources to target\classes
2024-08-18 10:08:02,396 [Worker-47: Building] INFO  o.a.m.s.f.DefaultMavenResourcesFiltering - Copying 0 resource from src\main\resources to target\classes
2024-08-18 10:08:02,398 [Worker-47: Building] INFO  o.a.m.s.f.DefaultMavenResourcesFiltering - skip non existing resourceDirectory C:\Users\awaikar\Documents\Self_Study\SpringSuiteWorkSpace\sst-admin-management\src\test\resources
2024-08-18 10:09:11,206 [Worker-46: Building] INFO  o.a.m.s.f.DefaultMavenResourcesFiltering - Copying 1 resource from src\main\resources to target\classes
2024-08-18 10:09:11,214 [Worker-46: Building] INFO  o.a.m.s.f.DefaultMavenResourcesFiltering - Copying 0 resource from src\main\resources to target\classes
2024-08-18 10:09:11,216 [Worker-46: Building] INFO  o.a.m.s.f.DefaultMavenResourcesFiltering - skip non existing resourceDirectory C:\Users\awaikar\Documents\Self_Study\SpringSuiteWorkSpace\sst-admin-management\src\test\resources
2024-08-18 10:09:31,662 [Worker-44: Building] INFO  o.a.m.s.f.DefaultMavenResourcesFiltering - Copying 1 resource from src\main\resources to target\classes
2024-08-18 10:09:31,670 [Worker-44: Building] INFO  o.a.m.s.f.DefaultMavenResourcesFiltering - Copying 0 resource from src\main\resources to target\classes
2024-08-18 10:09:31,671 [Worker-44: Building] INFO  o.a.m.s.f.DefaultMavenResourcesFiltering - skip non existing resourceDirectory C:\Users\awaikar\Documents\Self_Study\SpringSuiteWorkSpace\sst-admin-management\src\test\resources
2024-08-18 10:10:26,081 [Worker-45: Building] INFO  o.a.m.s.f.DefaultMavenResourcesFiltering - Copying 1 resource from src\main\resources to target\classes
2024-08-18 10:10:26,081 [Worker-45: Building] INFO  o.a.m.s.f.DefaultMavenResourcesFiltering - Copying 0 resource from src\main\resources to target\classes
2024-08-18 10:10:26,097 [Worker-45: Building] INFO  o.a.m.s.f.DefaultMavenResourcesFiltering - skip non existing resourceDirectory C:\Users\awaikar\Documents\Self_Study\SpringSuiteWorkSpace\sst-admin-management\src\test\resources
2024-08-18 10:12:00,351 [Worker-46: Building] INFO  o.a.m.s.f.DefaultMavenResourcesFiltering - Copying 1 resource from src\main\resources to target\classes
2024-08-18 10:12:00,369 [Worker-46: Building] INFO  o.a.m.s.f.DefaultMavenResourcesFiltering - Copying 0 resource from src\main\resources to target\classes
2024-08-18 10:12:00,371 [Worker-46: Building] INFO  o.a.m.s.f.DefaultMavenResourcesFiltering - skip non existing resourceDirectory C:\Users\awaikar\Documents\Self_Study\SpringSuiteWorkSpace\sst-admin-management\src\test\resources
2024-08-18 10:12:21,379 [Worker-46: Building] INFO  o.a.m.s.f.DefaultMavenResourcesFiltering - Copying 1 resource from src\main\resources to target\classes
2024-08-18 10:12:21,387 [Worker-46: Building] INFO  o.a.m.s.f.DefaultMavenResourcesFiltering - Copying 0 resource from src\main\resources to target\classes
2024-08-18 10:12:21,389 [Worker-46: Building] INFO  o.a.m.s.f.DefaultMavenResourcesFiltering - skip non existing resourceDirectory C:\Users\awaikar\Documents\Self_Study\SpringSuiteWorkSpace\sst-admin-management\src\test\resources
2024-08-18 10:12:29,970 [Worker-45: Building] INFO  o.a.m.s.f.DefaultMavenResourcesFiltering - Copying 1 resource from src\main\resources to target\classes
2024-08-18 10:12:29,975 [Worker-45: Building] INFO  o.a.m.s.f.DefaultMavenResourcesFiltering - Copying 0 resource from src\main\resources to target\classes
2024-08-18 10:12:29,977 [Worker-45: Building] INFO  o.a.m.s.f.DefaultMavenResourcesFiltering - skip non existing resourceDirectory C:\Users\awaikar\Documents\Self_Study\SpringSuiteWorkSpace\sst-admin-management\src\test\resources
2024-08-18 10:12:59,591 [Worker-46: Building] INFO  o.a.m.s.f.DefaultMavenResourcesFiltering - Copying 1 resource from src\main\resources to target\classes
2024-08-18 10:12:59,596 [Worker-46: Building] INFO  o.a.m.s.f.DefaultMavenResourcesFiltering - Copying 0 resource from src\main\resources to target\classes
2024-08-18 10:12:59,598 [Worker-46: Building] INFO  o.a.m.s.f.DefaultMavenResourcesFiltering - skip non existing resourceDirectory C:\Users\awaikar\Documents\Self_Study\SpringSuiteWorkSpace\sst-admin-management\src\test\resources
2024-08-18 10:13:48,703 [Worker-44: Building] INFO  o.a.m.s.f.DefaultMavenResourcesFiltering - Copying 1 resource from src\main\resources to target\classes
2024-08-18 10:13:48,707 [Worker-44: Building] INFO  o.a.m.s.f.DefaultMavenResourcesFiltering - Copying 0 resource from src\main\resources to target\classes
2024-08-18 10:13:48,709 [Worker-44: Building] INFO  o.a.m.s.f.DefaultMavenResourcesFiltering - skip non existing resourceDirectory C:\Users\awaikar\Documents\Self_Study\SpringSuiteWorkSpace\sst-admin-management\src\test\resources
2024-08-18 10:14:12,103 [Worker-45: Building] INFO  o.a.m.s.f.DefaultMavenResourcesFiltering - Copying 1 resource from src\main\resources to target\classes
2024-08-18 10:14:12,108 [Worker-45: Building] INFO  o.a.m.s.f.DefaultMavenResourcesFiltering - Copying 0 resource from src\main\resources to target\classes
2024-08-18 10:14:12,115 [Worker-45: Building] INFO  o.a.m.s.f.DefaultMavenResourcesFiltering - skip non existing resourceDirectory C:\Users\awaikar\Documents\Self_Study\SpringSuiteWorkSpace\sst-admin-management\src\test\resources
2024-08-18 10:14:21,824 [Worker-49: Building] INFO  o.a.m.s.f.DefaultMavenResourcesFiltering - Copying 1 resource from src\main\resources to target\classes
2024-08-18 10:14:21,843 [Worker-49: Building] INFO  o.a.m.s.f.DefaultMavenResourcesFiltering - Copying 0 resource from src\main\resources to target\classes
2024-08-18 10:14:21,845 [Worker-49: Building] INFO  o.a.m.s.f.DefaultMavenResourcesFiltering - skip non existing resourceDirectory C:\Users\awaikar\Documents\Self_Study\SpringSuiteWorkSpace\sst-admin-management\src\test\resources
2024-08-18 11:39:47,855 [Worker-55: Building] INFO  o.a.m.s.f.DefaultMavenResourcesFiltering - Copying 1 resource from src\main\resources to target\classes
2024-08-18 11:39:47,863 [Worker-55: Building] INFO  o.a.m.s.f.DefaultMavenResourcesFiltering - Copying 0 resource from src\main\resources to target\classes
2024-08-18 11:39:47,865 [Worker-55: Building] INFO  o.a.m.s.f.DefaultMavenResourcesFiltering - skip non existing resourceDirectory C:\Users\awaikar\Documents\Self_Study\SpringSuiteWorkSpace\sst-admin-management\src\test\resources
2024-08-18 11:40:05,210 [Worker-44: Building] INFO  o.a.m.s.f.DefaultMavenResourcesFiltering - Copying 1 resource from src\main\resources to target\classes
2024-08-18 11:40:05,217 [Worker-44: Building] INFO  o.a.m.s.f.DefaultMavenResourcesFiltering - Copying 0 resource from src\main\resources to target\classes
2024-08-18 11:40:05,218 [Worker-44: Building] INFO  o.a.m.s.f.DefaultMavenResourcesFiltering - skip non existing resourceDirectory C:\Users\awaikar\Documents\Self_Study\SpringSuiteWorkSpace\sst-admin-management\src\test\resources
2024-08-18 11:40:07,746 [Worker-51: Building] INFO  o.a.m.s.f.DefaultMavenResourcesFiltering - Copying 1 resource from src\main\resources to target\classes
2024-08-18 11:40:07,754 [Worker-51: Building] INFO  o.a.m.s.f.DefaultMavenResourcesFiltering - Copying 0 resource from src\main\resources to target\classes
2024-08-18 11:40:07,755 [Worker-51: Building] INFO  o.a.m.s.f.DefaultMavenResourcesFiltering - skip non existing resourceDirectory C:\Users\awaikar\Documents\Self_Study\SpringSuiteWorkSpace\sst-admin-management\src\test\resources
2024-08-18 11:42:54,317 [Worker-51: Building] INFO  o.a.m.s.f.DefaultMavenResourcesFiltering - Copying 1 resource from src\main\resources to target\classes
2024-08-18 11:42:54,326 [Worker-51: Building] INFO  o.a.m.s.f.DefaultMavenResourcesFiltering - Copying 0 resource from src\main\resources to target\classes
2024-08-18 11:42:54,328 [Worker-51: Building] INFO  o.a.m.s.f.DefaultMavenResourcesFiltering - skip non existing resourceDirectory C:\Users\awaikar\Documents\Self_Study\SpringSuiteWorkSpace\sst-admin-management\src\test\resources
2024-08-18 11:43:31,667 [Worker-58: Building] INFO  o.a.m.s.f.DefaultMavenResourcesFiltering - Copying 1 resource from src\main\resources to target\classes
2024-08-18 11:43:31,676 [Worker-58: Building] INFO  o.a.m.s.f.DefaultMavenResourcesFiltering - Copying 0 resource from src\main\resources to target\classes
2024-08-18 11:43:31,678 [Worker-58: Building] INFO  o.a.m.s.f.DefaultMavenResourcesFiltering - skip non existing resourceDirectory C:\Users\awaikar\Documents\Self_Study\SpringSuiteWorkSpace\sst-admin-management\src\test\resources
2024-08-18 11:44:46,978 [Worker-51: Building] INFO  o.a.m.s.f.DefaultMavenResourcesFiltering - Copying 1 resource from src\main\resources to target\classes
2024-08-18 11:44:46,997 [Worker-51: Building] INFO  o.a.m.s.f.DefaultMavenResourcesFiltering - Copying 0 resource from src\main\resources to target\classes
2024-08-18 11:44:46,999 [Worker-51: Building] INFO  o.a.m.s.f.DefaultMavenResourcesFiltering - skip non existing resourceDirectory C:\Users\awaikar\Documents\Self_Study\SpringSuiteWorkSpace\sst-admin-management\src\test\resources
2024-08-18 11:47:05,304 [Worker-58: Building] INFO  o.a.m.s.f.DefaultMavenResourcesFiltering - Copying 1 resource from src\main\resources to target\classes
2024-08-18 11:47:05,312 [Worker-58: Building] INFO  o.a.m.s.f.DefaultMavenResourcesFiltering - Copying 0 resource from src\main\resources to target\classes
2024-08-18 11:47:05,314 [Worker-58: Building] INFO  o.a.m.s.f.DefaultMavenResourcesFiltering - skip non existing resourceDirectory C:\Users\awaikar\Documents\Self_Study\SpringSuiteWorkSpace\sst-admin-management\src\test\resources
2024-08-18 11:48:51,265 [Worker-59: Updating Maven Project] INFO  o.e.m.c.i.p.ProjectConfigurationManager - Update started
2024-08-18 11:48:52,159 [Worker-59: Updating Maven Project] INFO  o.e.m.c.i.l.LifecycleMappingFactory - Using org.eclipse.m2e.jdt.JarLifecycleMapping lifecycle mapping for MavenProject: com.smartstream.admin.management:sst-admin-management:0.0.1-SNAPSHOT @ C:\Users\awaikar\Documents\Self_Study\SpringSuiteWorkSpace\sst-admin-management\pom.xml.
2024-08-18 11:48:53,129 [Worker-59: Updating Maven Project] INFO  o.e.m.j.i.AbstractJavaProjectConfigurator - Adding source folder /sst-admin-management/src/main/java
2024-08-18 11:48:53,130 [Worker-59: Updating Maven Project] INFO  o.e.m.j.i.AbstractJavaProjectConfigurator - Adding resource folder /sst-admin-management/src/main/resources
2024-08-18 11:48:53,131 [Worker-59: Updating Maven Project] INFO  o.e.m.j.i.AbstractJavaProjectConfigurator - Adding resource folder /sst-admin-management/src/main/resources
2024-08-18 11:48:53,131 [Worker-59: Updating Maven Project] INFO  o.e.m.j.i.AbstractJavaProjectConfigurator - Adding source folder /sst-admin-management/src/test/java
2024-08-18 11:48:53,739 [Worker-59: Updating Maven Project] INFO  o.e.m.c.i.p.ProjectConfigurationManager - Update completed: 2 sec
2024-08-18 11:48:54,677 [Worker-61: Building] INFO  o.a.m.s.f.DefaultMavenResourcesFiltering - Copying 1 resource from src\main\resources to target\classes
2024-08-18 11:48:54,707 [Worker-61: Building] INFO  o.a.m.s.f.DefaultMavenResourcesFiltering - Copying 0 resource from src\main\resources to target\classes
2024-08-18 11:48:54,711 [Worker-61: Building] INFO  o.a.m.s.f.DefaultMavenResourcesFiltering - skip non existing resourceDirectory C:\Users\awaikar\Documents\Self_Study\SpringSuiteWorkSpace\sst-admin-management\src\test\resources
2024-08-18 11:57:19,603 [Worker-60: Building] INFO  o.a.m.s.f.DefaultMavenResourcesFiltering - Copying 1 resource from src\main\resources to target\classes
2024-08-18 11:57:19,610 [Worker-60: Building] INFO  o.a.m.s.f.DefaultMavenResourcesFiltering - Copying 0 resource from src\main\resources to target\classes
2024-08-18 11:57:19,612 [Worker-60: Building] INFO  o.a.m.s.f.DefaultMavenResourcesFiltering - skip non existing resourceDirectory C:\Users\awaikar\Documents\Self_Study\SpringSuiteWorkSpace\sst-admin-management\src\test\resources
2024-08-18 12:00:57,955 [Worker-72: Building] INFO  o.a.m.s.f.DefaultMavenResourcesFiltering - Copying 1 resource from src\main\resources to target\classes
2024-08-18 12:00:57,963 [Worker-72: Building] INFO  o.a.m.s.f.DefaultMavenResourcesFiltering - Copying 0 resource from src\main\resources to target\classes
2024-08-18 12:00:57,965 [Worker-72: Building] INFO  o.a.m.s.f.DefaultMavenResourcesFiltering - skip non existing resourceDirectory C:\Users\awaikar\Documents\Self_Study\SpringSuiteWorkSpace\sst-admin-management\src\test\resources
2024-08-18 12:01:44,230 [Worker-69: Building] INFO  o.a.m.s.f.DefaultMavenResourcesFiltering - Copying 1 resource from src\main\resources to target\classes
2024-08-18 12:01:44,238 [Worker-69: Building] INFO  o.a.m.s.f.DefaultMavenResourcesFiltering - Copying 0 resource from src\main\resources to target\classes
2024-08-18 12:01:44,239 [Worker-69: Building] INFO  o.a.m.s.f.DefaultMavenResourcesFiltering - skip non existing resourceDirectory C:\Users\awaikar\Documents\Self_Study\SpringSuiteWorkSpace\sst-admin-management\src\test\resources
2024-08-18 12:01:54,978 [Worker-71: Building] INFO  o.a.m.s.f.DefaultMavenResourcesFiltering - Copying 1 resource from src\main\resources to target\classes
2024-08-18 12:01:54,988 [Worker-71: Building] INFO  o.a.m.s.f.DefaultMavenResourcesFiltering - Copying 0 resource from src\main\resources to target\classes
2024-08-18 12:01:54,989 [Worker-71: Building] INFO  o.a.m.s.f.DefaultMavenResourcesFiltering - skip non existing resourceDirectory C:\Users\awaikar\Documents\Self_Study\SpringSuiteWorkSpace\sst-admin-management\src\test\resources
2024-08-18 12:04:13,853 [Worker-66: Building] INFO  o.a.m.s.f.DefaultMavenResourcesFiltering - Copying 1 resource from src\main\resources to target\classes
2024-08-18 12:04:13,879 [Worker-66: Building] INFO  o.a.m.s.f.DefaultMavenResourcesFiltering - Copying 0 resource from src\main\resources to target\classes
2024-08-18 12:04:13,884 [Worker-66: Building] INFO  o.a.m.s.f.DefaultMavenResourcesFiltering - skip non existing resourceDirectory C:\Users\awaikar\Documents\Self_Study\SpringSuiteWorkSpace\sst-admin-management\src\test\resources
2024-08-18 12:04:27,345 [Worker-72: Building] INFO  o.a.m.s.f.DefaultMavenResourcesFiltering - Copying 1 resource from src\main\resources to target\classes
2024-08-18 12:04:27,352 [Worker-72: Building] INFO  o.a.m.s.f.DefaultMavenResourcesFiltering - Copying 0 resource from src\main\resources to target\classes
2024-08-18 12:04:27,354 [Worker-72: Building] INFO  o.a.m.s.f.DefaultMavenResourcesFiltering - skip non existing resourceDirectory C:\Users\awaikar\Documents\Self_Study\SpringSuiteWorkSpace\sst-admin-management\src\test\resources
2024-08-18 12:05:55,637 [Worker-60: Building] INFO  o.a.m.s.f.DefaultMavenResourcesFiltering - Copying 1 resource from src\main\resources to target\classes
2024-08-18 12:05:55,645 [Worker-60: Building] INFO  o.a.m.s.f.DefaultMavenResourcesFiltering - Copying 0 resource from src\main\resources to target\classes
2024-08-18 12:05:55,646 [Worker-60: Building] INFO  o.a.m.s.f.DefaultMavenResourcesFiltering - skip non existing resourceDirectory C:\Users\awaikar\Documents\Self_Study\SpringSuiteWorkSpace\sst-admin-management\src\test\resources
2024-08-18 12:12:31,314 [Worker-80: Building] INFO  o.e.m.c.i.l.LifecycleMappingFactory - Using org.eclipse.m2e.jdt.JarLifecycleMapping lifecycle mapping for MavenProject: com.smartstream.admin.management:sst-admin-management:0.0.1-SNAPSHOT @ C:\Users\awaikar\Documents\Self_Study\SpringSuiteWorkSpace\sst-admin-management-backend\pom.xml.
2024-08-18 12:12:32,183 [Worker-80: Building] INFO  o.a.m.s.f.DefaultMavenResourcesFiltering - Copying 1 resource from src\main\resources to target\classes
2024-08-18 12:12:32,202 [Worker-80: Building] INFO  o.a.m.s.f.DefaultMavenResourcesFiltering - Copying 0 resource from src\main\resources to target\classes
2024-08-18 12:12:32,205 [Worker-80: Building] INFO  o.a.m.s.f.DefaultMavenResourcesFiltering - skip non existing resourceDirectory C:\Users\awaikar\Documents\Self_Study\SpringSuiteWorkSpace\sst-admin-management-backend\src\test\resources
2024-08-18 12:12:34,140 [Worker-75: Building] INFO  o.a.m.s.f.DefaultMavenResourcesFiltering - Copying 1 resource from src\main\resources to target\classes
2024-08-18 12:12:34,151 [Worker-75: Building] INFO  o.a.m.s.f.DefaultMavenResourcesFiltering - Copying 0 resource from src\main\resources to target\classes
2024-08-18 12:12:34,153 [Worker-75: Building] INFO  o.a.m.s.f.DefaultMavenResourcesFiltering - skip non existing resourceDirectory C:\Users\awaikar\Documents\Self_Study\SpringSuiteWorkSpace\sst-admin-management-backend\src\test\resources
2024-08-18 12:14:00,942 [Worker-5: Loading available Gradle versions] INFO  o.e.b.c.i.u.g.PublishedGradleVersions - Gradle version information cache is up-to-date. Trying to read.
2024-08-18 12:28:19,320 [Worker-3: Loading available Gradle versions] INFO  o.e.b.c.i.u.g.PublishedGradleVersions - Gradle version information cache is up-to-date. Trying to read.
2024-08-18 12:28:26,001 [Worker-12: Building] INFO  o.a.m.s.f.DefaultMavenResourcesFiltering - Copying 1 resource from src\main\resources to target\classes
2024-08-18 12:28:26,017 [Worker-12: Building] INFO  o.a.m.s.f.DefaultMavenResourcesFiltering - Copying 0 resource from src\main\resources to target\classes
2024-08-18 12:28:26,017 [Worker-12: Building] INFO  o.a.m.s.f.DefaultMavenResourcesFiltering - skip non existing resourceDirectory C:\Users\awaikar\Documents\Self_Study\AdminManagementWorkSpace\sst-admin-management-backend\src\test\resources
2024-08-18 15:48:08,413 [Worker-40: Building] INFO  o.a.m.s.f.DefaultMavenResourcesFiltering - Copying 1 resource from src\main\resources to target\classes
2024-08-18 15:48:08,513 [Worker-40: Building] INFO  o.a.m.s.f.DefaultMavenResourcesFiltering - Copying 0 resource from src\main\resources to target\classes
2024-08-18 15:48:08,517 [Worker-40: Building] INFO  o.a.m.s.f.DefaultMavenResourcesFiltering - skip non existing resourceDirectory C:\Users\awaikar\Documents\Self_Study\AdminManagementWorkSpace\sst-admin-management-backend\src\test\resources
2024-08-19 10:53:09,589 [Worker-60: Building] INFO  o.a.m.s.f.DefaultMavenResourcesFiltering - Copying 1 resource from src\main\resources to target\classes
2024-08-19 10:53:09,673 [Worker-60: Building] INFO  o.a.m.s.f.DefaultMavenResourcesFiltering - Copying 0 resource from src\main\resources to target\classes
2024-08-19 10:53:09,677 [Worker-60: Building] INFO  o.a.m.s.f.DefaultMavenResourcesFiltering - skip non existing resourceDirectory C:\Users\awaikar\Documents\Self_Study\AdminManagementWorkSpace\sst-admin-management-backend\src\test\resources
2024-08-19 19:59:40,622 [Worker-5: Loading available Gradle versions] INFO  o.e.b.c.i.u.g.PublishedGradleVersions - Gradle version information cache is out-of-date. Trying to update.
2024-08-19 20:09:15,598 [Worker-17: Building] INFO  o.e.m.c.i.e.AbstractTransferListenerAdapter - Downloading http://maven.vie.sst.stp/content/groups/approved/org/glassfish/jersey/jersey-bom/3.1.7/jersey-bom-3.1.7.pom
2024-08-19 20:09:16,128 [Worker-17: Building] INFO  o.e.m.c.i.e.AbstractTransferListenerAdapter - Downloaded http://maven.vie.sst.stp/content/groups/approved/org/glassfish/jersey/jersey-bom/3.1.7/jersey-bom-3.1.7.pom
2024-08-19 20:09:17,639 [Worker-17: Building] INFO  o.a.m.s.f.DefaultMavenResourcesFiltering - Copying 1 resource from src\main\resources to target\classes
2024-08-19 20:09:17,662 [Worker-17: Building] INFO  o.a.m.s.f.DefaultMavenResourcesFiltering - Copying 0 resource from src\main\resources to target\classes
2024-08-19 20:09:17,667 [Worker-17: Building] INFO  o.a.m.s.f.DefaultMavenResourcesFiltering - skip non existing resourceDirectory C:\Users\awaikar\Documents\Self_Study\AdminManagementWorkSpace\sst-admin-management-backend\src\test\resources
2024-09-10 11:53:26,892 [Worker-3: Loading available Gradle versions] INFO  o.e.b.c.i.u.g.PublishedGradleVersions - Gradle version information cache is out-of-date. Trying to update.
2024-09-10 11:57:59,668 [Worker-11: Launching sst-admin-management-backend - SstAdminManagementApplication] INFO  o.a.m.s.f.DefaultMavenResourcesFiltering - Copying 1 resource from src\main\resources to target\classes
2024-09-10 11:57:59,693 [Worker-11: Launching sst-admin-management-backend - SstAdminManagementApplication] INFO  o.a.m.s.f.DefaultMavenResourcesFiltering - Copying 0 resource from src\main\resources to target\classes
2024-09-10 11:57:59,698 [Worker-11: Launching sst-admin-management-backend - SstAdminManagementApplication] INFO  o.a.m.s.f.DefaultMavenResourcesFiltering - skip non existing resourceDirectory C:\Users\awaikar\Documents\Self_Study\AdminManagementWorkSpace\sst-admin-management-backend\src\test\resources
2024-09-10 12:34:36,040 [Worker-20: Building] INFO  o.a.m.s.f.DefaultMavenResourcesFiltering - Copying 1 resource from src\main\resources to target\classes
2024-09-10 12:34:36,068 [Worker-20: Building] INFO  o.a.m.s.f.DefaultMavenResourcesFiltering - Copying 0 resource from src\main\resources to target\classes
2024-09-10 12:34:36,071 [Worker-20: Building] INFO  o.a.m.s.f.DefaultMavenResourcesFiltering - skip non existing resourceDirectory C:\Users\awaikar\Documents\Self_Study\AdminManagementWorkSpace\sst-admin-management-backend\src\test\resources
2024-09-10 12:34:51,253 [Worker-21: Building] INFO  o.a.m.s.f.DefaultMavenResourcesFiltering - Copying 1 resource from src\main\resources to target\classes
2024-09-10 12:34:51,275 [Worker-21: Building] INFO  o.a.m.s.f.DefaultMavenResourcesFiltering - Copying 0 resource from src\main\resources to target\classes
2024-09-10 12:34:51,279 [Worker-21: Building] INFO  o.a.m.s.f.DefaultMavenResourcesFiltering - skip non existing resourceDirectory C:\Users\awaikar\Documents\Self_Study\AdminManagementWorkSpace\sst-admin-management-backend\src\test\resources
2024-09-10 12:35:11,460 [Worker-16: Building] INFO  o.a.m.s.f.DefaultMavenResourcesFiltering - Copying 1 resource from src\main\resources to target\classes
2024-09-10 12:35:11,474 [Worker-16: Building] INFO  o.a.m.s.f.DefaultMavenResourcesFiltering - Copying 0 resource from src\main\resources to target\classes
2024-09-10 12:35:11,478 [Worker-16: Building] INFO  o.a.m.s.f.DefaultMavenResourcesFiltering - skip non existing resourceDirectory C:\Users\awaikar\Documents\Self_Study\AdminManagementWorkSpace\sst-admin-management-backend\src\test\resources
2024-09-10 12:37:20,250 [Worker-24: Building] INFO  o.a.m.s.f.DefaultMavenResourcesFiltering - Copying 1 resource from src\main\resources to target\classes
2024-09-10 12:37:20,258 [Worker-24: Building] INFO  o.a.m.s.f.DefaultMavenResourcesFiltering - Copying 0 resource from src\main\resources to target\classes
2024-09-10 12:37:20,261 [Worker-24: Building] INFO  o.a.m.s.f.DefaultMavenResourcesFiltering - skip non existing resourceDirectory C:\Users\awaikar\Documents\Self_Study\AdminManagementWorkSpace\sst-admin-management-backend\src\test\resources
2024-09-10 13:33:55,748 [Worker-44: Building] INFO  o.a.m.s.f.DefaultMavenResourcesFiltering - Copying 1 resource from src\main\resources to target\classes
2024-09-10 13:33:55,824 [Worker-44: Building] INFO  o.a.m.s.f.DefaultMavenResourcesFiltering - Copying 0 resource from src\main\resources to target\classes
2024-09-10 13:33:55,828 [Worker-44: Building] INFO  o.a.m.s.f.DefaultMavenResourcesFiltering - skip non existing resourceDirectory C:\Users\awaikar\Documents\Self_Study\AdminManagementWorkSpace\sst-admin-management-backend\src\test\resources
2024-09-10 13:34:50,706 [Worker-46: Building] INFO  o.a.m.s.f.DefaultMavenResourcesFiltering - Copying 1 resource from src\main\resources to target\classes
2024-09-10 13:34:50,722 [Worker-46: Building] INFO  o.a.m.s.f.DefaultMavenResourcesFiltering - Copying 0 resource from src\main\resources to target\classes
2024-09-10 13:34:50,726 [Worker-46: Building] INFO  o.a.m.s.f.DefaultMavenResourcesFiltering - skip non existing resourceDirectory C:\Users\awaikar\Documents\Self_Study\AdminManagementWorkSpace\sst-admin-management-backend\src\test\resources
2024-09-10 13:36:18,319 [Worker-46: Building] INFO  o.e.m.c.i.l.LifecycleMappingFactory - Using org.eclipse.m2e.jdt.JarLifecycleMapping lifecycle mapping for MavenProject: com.smartstream.admin.management:sst-admin-management:0.0.1-SNAPSHOT @ C:\Users\awaikar\Documents\Self_Study\AdminManagementWorkSpace\sst-admin-management-backend\pom.xml.
2024-09-10 13:36:19,326 [Worker-46: Building] INFO  o.e.m.c.i.e.AbstractTransferListenerAdapter - Downloading http://maven.vie.sst.stp/content/groups/approved/jakarta/validation/jakarta.validation-api/3.0.2/jakarta.validation-api-3.0.2.pom
2024-09-10 13:36:19,704 [Worker-46: Building] INFO  o.e.m.c.i.e.AbstractTransferListenerAdapter - Downloaded http://maven.vie.sst.stp/content/groups/approved/jakarta/validation/jakarta.validation-api/3.0.2/jakarta.validation-api-3.0.2.pom
2024-09-10 13:36:20,005 [Worker-46: Building] INFO  o.e.m.c.i.e.AbstractTransferListenerAdapter - Downloading http://maven.vie.sst.stp/content/groups/approved/jakarta/validation/jakarta.validation-api/3.0.2/jakarta.validation-api-3.0.2.jar
2024-09-10 13:36:20,594 [Worker-46: Building] INFO  o.e.m.c.i.e.AbstractTransferListenerAdapter - Downloaded http://maven.vie.sst.stp/content/groups/approved/jakarta/validation/jakarta.validation-api/3.0.2/jakarta.validation-api-3.0.2.jar
2024-09-10 13:36:21,387 [Worker-46: Building] INFO  o.a.m.s.f.DefaultMavenResourcesFiltering - Copying 0 resource from src\main\resources to target\classes
2024-09-10 13:36:21,387 [Worker-46: Building] INFO  o.a.m.s.f.DefaultMavenResourcesFiltering - Copying 0 resource from src\main\resources to target\classes
2024-09-10 13:36:21,390 [Worker-46: Building] INFO  o.a.m.s.f.DefaultMavenResourcesFiltering - skip non existing resourceDirectory C:\Users\awaikar\Documents\Self_Study\AdminManagementWorkSpace\sst-admin-management-backend\src\test\resources
2024-09-10 13:36:23,097 [Worker-47: Building] INFO  o.a.m.s.f.DefaultMavenResourcesFiltering - Copying 1 resource from src\main\resources to target\classes
2024-09-10 13:36:23,102 [Worker-47: Building] INFO  o.a.m.s.f.DefaultMavenResourcesFiltering - Copying 0 resource from src\main\resources to target\classes
2024-09-10 13:36:23,105 [Worker-47: Building] INFO  o.a.m.s.f.DefaultMavenResourcesFiltering - skip non existing resourceDirectory C:\Users\awaikar\Documents\Self_Study\AdminManagementWorkSpace\sst-admin-management-backend\src\test\resources
2024-09-10 13:36:23,375 [Worker-46: Download sources and javadoc] INFO  o.e.m.c.i.e.AbstractTransferListenerAdapter - Downloading http://maven.vie.sst.stp/content/groups/approved/jakarta/validation/jakarta.validation-api/3.0.2/jakarta.validation-api-3.0.2-sources.jar
2024-09-10 13:36:24,116 [Worker-46: Download sources and javadoc] INFO  o.e.m.c.i.e.AbstractTransferListenerAdapter - Downloaded http://maven.vie.sst.stp/content/groups/approved/jakarta/validation/jakarta.validation-api/3.0.2/jakarta.validation-api-3.0.2-sources.jar
2024-09-10 13:36:24,197 [Worker-46: Download sources and javadoc] INFO  o.e.m.j.internal.DownloadSourcesJob - Downloaded sources for jakarta.validation:jakarta.validation-api:3.0.2
2024-09-10 13:36:25,241 [Worker-46: Building] INFO  o.a.m.s.f.DefaultMavenResourcesFiltering - Copying 0 resource from src\main\resources to target\classes
2024-09-10 13:36:25,242 [Worker-46: Building] INFO  o.a.m.s.f.DefaultMavenResourcesFiltering - Copying 0 resource from src\main\resources to target\classes
2024-09-10 13:36:25,245 [Worker-46: Building] INFO  o.a.m.s.f.DefaultMavenResourcesFiltering - skip non existing resourceDirectory C:\Users\awaikar\Documents\Self_Study\AdminManagementWorkSpace\sst-admin-management-backend\src\test\resources
2024-09-10 13:36:43,189 [Worker-37: Building] INFO  o.e.m.c.i.l.LifecycleMappingFactory - Using org.eclipse.m2e.jdt.JarLifecycleMapping lifecycle mapping for MavenProject: com.smartstream.admin.management:sst-admin-management:0.0.1-SNAPSHOT @ C:\Users\awaikar\Documents\Self_Study\AdminManagementWorkSpace\sst-admin-management-backend\pom.xml.
2024-09-10 13:36:44,165 [Worker-37: Building] INFO  o.e.m.c.i.e.AbstractTransferListenerAdapter - Downloading http://maven.vie.sst.stp/content/groups/approved/org/hibernate/validator/hibernate-validator/7.0.1.Final/hibernate-validator-7.0.1.Final.pom
2024-09-10 13:36:44,582 [Worker-37: Building] INFO  o.e.m.c.i.e.AbstractTransferListenerAdapter - Downloaded http://maven.vie.sst.stp/content/groups/approved/org/hibernate/validator/hibernate-validator/7.0.1.Final/hibernate-validator-7.0.1.Final.pom
2024-09-10 13:36:44,885 [Worker-37: Building] INFO  o.e.m.c.i.e.AbstractTransferListenerAdapter - Downloading http://maven.vie.sst.stp/content/groups/approved/org/hibernate/validator/hibernate-validator-parent/7.0.1.Final/hibernate-validator-parent-7.0.1.Final.pom
2024-09-10 13:36:45,307 [Worker-37: Building] INFO  o.e.m.c.i.e.AbstractTransferListenerAdapter - Downloaded http://maven.vie.sst.stp/content/groups/approved/org/hibernate/validator/hibernate-validator-parent/7.0.1.Final/hibernate-validator-parent-7.0.1.Final.pom
2024-09-10 13:36:45,576 [Worker-37: Building] INFO  o.e.m.c.i.e.AbstractTransferListenerAdapter - Downloading http://maven.vie.sst.stp/content/groups/approved/org/jboss/arquillian/arquillian-bom/1.7.0.Alpha4/arquillian-bom-1.7.0.Alpha4.pom
2024-09-10 13:36:45,844 [Worker-37: Building] INFO  o.e.m.c.i.e.AbstractTransferListenerAdapter - Downloaded http://maven.vie.sst.stp/content/groups/approved/org/jboss/arquillian/arquillian-bom/1.7.0.Alpha4/arquillian-bom-1.7.0.Alpha4.pom
2024-09-10 13:36:46,100 [Worker-37: Building] INFO  o.e.m.c.i.e.AbstractTransferListenerAdapter - Downloading http://maven.vie.sst.stp/content/groups/approved/org/jboss/shrinkwrap/shrinkwrap-bom/1.2.6/shrinkwrap-bom-1.2.6.pom
2024-09-10 13:36:46,273 [Worker-37: Building] INFO  o.e.m.c.i.e.AbstractTransferListenerAdapter - Downloaded http://maven.vie.sst.stp/content/groups/approved/org/jboss/shrinkwrap/shrinkwrap-bom/1.2.6/shrinkwrap-bom-1.2.6.pom
2024-09-10 13:36:46,533 [Worker-37: Building] INFO  o.e.m.c.i.e.AbstractTransferListenerAdapter - Downloading http://maven.vie.sst.stp/content/groups/approved/org/jboss/shrinkwrap/resolver/shrinkwrap-resolver-bom/3.1.4/shrinkwrap-resolver-bom-3.1.4.pom
2024-09-10 13:36:46,711 [Worker-37: Building] INFO  o.e.m.c.i.e.AbstractTransferListenerAdapter - Downloaded http://maven.vie.sst.stp/content/groups/approved/org/jboss/shrinkwrap/resolver/shrinkwrap-resolver-bom/3.1.4/shrinkwrap-resolver-bom-3.1.4.pom
2024-09-10 13:36:46,899 [Worker-37: Building] INFO  o.e.m.c.i.e.AbstractTransferListenerAdapter - Downloading http://maven.vie.sst.stp/content/groups/approved/org/apache/maven/maven/3.6.3/maven-3.6.3.pom
2024-09-10 13:36:47,078 [Worker-37: Building] INFO  o.e.m.c.i.e.AbstractTransferListenerAdapter - Downloaded http://maven.vie.sst.stp/content/groups/approved/org/apache/maven/maven/3.6.3/maven-3.6.3.pom
2024-09-10 13:36:47,275 [Worker-37: Building] INFO  o.e.m.c.i.e.AbstractTransferListenerAdapter - Downloading http://maven.vie.sst.stp/content/groups/approved/org/jboss/shrinkwrap/descriptors/shrinkwrap-descriptors-bom/2.0.0/shrinkwrap-descriptors-bom-2.0.0.pom
2024-09-10 13:36:47,447 [Worker-37: Building] INFO  o.e.m.c.i.e.AbstractTransferListenerAdapter - Downloaded http://maven.vie.sst.stp/content/groups/approved/org/jboss/shrinkwrap/descriptors/shrinkwrap-descriptors-bom/2.0.0/shrinkwrap-descriptors-bom-2.0.0.pom
2024-09-10 13:36:47,834 [Worker-37: Building] INFO  o.e.m.c.i.e.AbstractTransferListenerAdapter - Downloading http://maven.vie.sst.stp/content/groups/approved/org/hibernate/validator/hibernate-validator/7.0.1.Final/hibernate-validator-7.0.1.Final.jar
2024-09-10 13:36:49,267 [Worker-37: Building] INFO  o.e.m.c.i.e.AbstractTransferListenerAdapter - Downloaded http://maven.vie.sst.stp/content/groups/approved/org/hibernate/validator/hibernate-validator/7.0.1.Final/hibernate-validator-7.0.1.Final.jar
2024-09-10 13:36:49,938 [Worker-37: Building] INFO  o.a.m.s.f.DefaultMavenResourcesFiltering - Copying 0 resource from src\main\resources to target\classes
2024-09-10 13:36:49,938 [Worker-37: Building] INFO  o.a.m.s.f.DefaultMavenResourcesFiltering - Copying 0 resource from src\main\resources to target\classes
2024-09-10 13:36:49,941 [Worker-37: Building] INFO  o.a.m.s.f.DefaultMavenResourcesFiltering - skip non existing resourceDirectory C:\Users\awaikar\Documents\Self_Study\AdminManagementWorkSpace\sst-admin-management-backend\src\test\resources
2024-09-10 13:36:51,781 [Worker-46: Building] INFO  o.a.m.s.f.DefaultMavenResourcesFiltering - Copying 1 resource from src\main\resources to target\classes
2024-09-10 13:36:51,811 [Worker-46: Building] INFO  o.a.m.s.f.DefaultMavenResourcesFiltering - Copying 0 resource from src\main\resources to target\classes
2024-09-10 13:36:51,815 [Worker-46: Building] INFO  o.a.m.s.f.DefaultMavenResourcesFiltering - skip non existing resourceDirectory C:\Users\awaikar\Documents\Self_Study\AdminManagementWorkSpace\sst-admin-management-backend\src\test\resources
2024-09-10 13:36:51,947 [Worker-47: Download sources and javadoc] INFO  o.e.m.c.i.e.AbstractTransferListenerAdapter - Downloading http://maven.vie.sst.stp/content/groups/approved/org/hibernate/validator/hibernate-validator/7.0.1.Final/hibernate-validator-7.0.1.Final-sources.jar
2024-09-10 13:36:54,643 [Worker-47: Download sources and javadoc] INFO  o.e.m.c.i.e.AbstractTransferListenerAdapter - Downloaded http://maven.vie.sst.stp/content/groups/approved/org/hibernate/validator/hibernate-validator/7.0.1.Final/hibernate-validator-7.0.1.Final-sources.jar
2024-09-10 13:36:54,705 [Worker-47: Download sources and javadoc] INFO  o.e.m.j.internal.DownloadSourcesJob - Downloaded sources for org.hibernate.validator:hibernate-validator:7.0.1.Final
2024-09-10 13:36:55,336 [Worker-48: Building] INFO  o.a.m.s.f.DefaultMavenResourcesFiltering - Copying 0 resource from src\main\resources to target\classes
2024-09-10 13:36:55,337 [Worker-48: Building] INFO  o.a.m.s.f.DefaultMavenResourcesFiltering - Copying 0 resource from src\main\resources to target\classes
2024-09-10 13:36:55,339 [Worker-48: Building] INFO  o.a.m.s.f.DefaultMavenResourcesFiltering - skip non existing resourceDirectory C:\Users\awaikar\Documents\Self_Study\AdminManagementWorkSpace\sst-admin-management-backend\src\test\resources
2024-09-10 13:38:29,510 [Worker-47: Building] INFO  o.e.m.c.i.l.LifecycleMappingFactory - Using org.eclipse.m2e.jdt.JarLifecycleMapping lifecycle mapping for MavenProject: com.smartstream.admin.management:sst-admin-management:0.0.1-SNAPSHOT @ C:\Users\awaikar\Documents\Self_Study\AdminManagementWorkSpace\sst-admin-management-backend\pom.xml.
2024-09-10 13:38:30,268 [Worker-47: Building] INFO  o.a.m.s.f.DefaultMavenResourcesFiltering - Copying 0 resource from src\main\resources to target\classes
2024-09-10 13:38:30,269 [Worker-47: Building] INFO  o.a.m.s.f.DefaultMavenResourcesFiltering - Copying 0 resource from src\main\resources to target\classes
2024-09-10 13:38:30,272 [Worker-47: Building] INFO  o.a.m.s.f.DefaultMavenResourcesFiltering - skip non existing resourceDirectory C:\Users\awaikar\Documents\Self_Study\AdminManagementWorkSpace\sst-admin-management-backend\src\test\resources
2024-09-10 13:38:32,264 [Worker-47: Building] INFO  o.a.m.s.f.DefaultMavenResourcesFiltering - Copying 1 resource from src\main\resources to target\classes
2024-09-10 13:38:32,291 [Worker-47: Building] INFO  o.a.m.s.f.DefaultMavenResourcesFiltering - Copying 0 resource from src\main\resources to target\classes
2024-09-10 13:38:32,294 [Worker-47: Building] INFO  o.a.m.s.f.DefaultMavenResourcesFiltering - skip non existing resourceDirectory C:\Users\awaikar\Documents\Self_Study\AdminManagementWorkSpace\sst-admin-management-backend\src\test\resources
2024-09-10 13:39:00,645 [Worker-46: Building] INFO  o.a.m.s.f.DefaultMavenResourcesFiltering - Copying 1 resource from src\main\resources to target\classes
2024-09-10 13:39:00,660 [Worker-46: Building] INFO  o.a.m.s.f.DefaultMavenResourcesFiltering - Copying 0 resource from src\main\resources to target\classes
2024-09-10 13:39:00,663 [Worker-46: Building] INFO  o.a.m.s.f.DefaultMavenResourcesFiltering - skip non existing resourceDirectory C:\Users\awaikar\Documents\Self_Study\AdminManagementWorkSpace\sst-admin-management-backend\src\test\resources
2024-09-10 13:39:09,901 [Worker-49: Updating Maven Project] INFO  o.e.m.c.i.p.ProjectConfigurationManager - Update started
2024-09-10 13:39:10,381 [Worker-49: Updating Maven Project] INFO  o.e.m.c.i.l.LifecycleMappingFactory - Using org.eclipse.m2e.jdt.JarLifecycleMapping lifecycle mapping for MavenProject: com.smartstream.admin.management:sst-admin-management:0.0.1-SNAPSHOT @ C:\Users\awaikar\Documents\Self_Study\AdminManagementWorkSpace\sst-admin-management-backend\pom.xml.
2024-09-10 13:39:10,921 [Worker-49: Updating Maven Project] INFO  o.e.m.j.i.AbstractJavaProjectConfigurator - Adding source folder /sst-admin-management-backend/src/main/java
2024-09-10 13:39:10,921 [Worker-49: Updating Maven Project] INFO  o.e.m.j.i.AbstractJavaProjectConfigurator - Adding resource folder /sst-admin-management-backend/src/main/resources
2024-09-10 13:39:10,922 [Worker-49: Updating Maven Project] INFO  o.e.m.j.i.AbstractJavaProjectConfigurator - Adding resource folder /sst-admin-management-backend/src/main/resources
2024-09-10 13:39:10,922 [Worker-49: Updating Maven Project] INFO  o.e.m.j.i.AbstractJavaProjectConfigurator - Adding source folder /sst-admin-management-backend/src/test/java
2024-09-10 13:39:11,368 [Worker-49: Updating Maven Project] INFO  o.e.m.c.i.p.ProjectConfigurationManager - Update completed: 1 sec
2024-09-10 13:39:12,167 [Worker-50: Building] INFO  o.a.m.s.f.DefaultMavenResourcesFiltering - Copying 1 resource from src\main\resources to target\classes
2024-09-10 13:39:12,192 [Worker-50: Building] INFO  o.a.m.s.f.DefaultMavenResourcesFiltering - Copying 0 resource from src\main\resources to target\classes
2024-09-10 13:39:12,195 [Worker-50: Building] INFO  o.a.m.s.f.DefaultMavenResourcesFiltering - skip non existing resourceDirectory C:\Users\awaikar\Documents\Self_Study\AdminManagementWorkSpace\sst-admin-management-backend\src\test\resources
2024-09-10 13:39:17,379 [Worker-37: Building] INFO  o.a.m.s.f.DefaultMavenResourcesFiltering - Copying 1 resource from src\main\resources to target\classes
2024-09-10 13:39:17,382 [Worker-37: Building] INFO  o.a.m.s.f.DefaultMavenResourcesFiltering - Copying 0 resource from src\main\resources to target\classes
2024-09-10 13:39:17,385 [Worker-37: Building] INFO  o.a.m.s.f.DefaultMavenResourcesFiltering - skip non existing resourceDirectory C:\Users\awaikar\Documents\Self_Study\AdminManagementWorkSpace\sst-admin-management-backend\src\test\resources
2024-09-10 13:40:02,070 [Worker-49: Building] INFO  o.e.m.c.i.l.LifecycleMappingFactory - Using org.eclipse.m2e.jdt.JarLifecycleMapping lifecycle mapping for MavenProject: com.smartstream.admin.management:sst-admin-management:0.0.1-SNAPSHOT @ C:\Users\awaikar\Documents\Self_Study\AdminManagementWorkSpace\sst-admin-management-backend\pom.xml.
2024-09-10 13:40:02,957 [Worker-49: Building] INFO  o.a.m.s.f.DefaultMavenResourcesFiltering - Copying 0 resource from src\main\resources to target\classes
2024-09-10 13:40:02,958 [Worker-49: Building] INFO  o.a.m.s.f.DefaultMavenResourcesFiltering - Copying 0 resource from src\main\resources to target\classes
2024-09-10 13:40:02,960 [Worker-49: Building] INFO  o.a.m.s.f.DefaultMavenResourcesFiltering - skip non existing resourceDirectory C:\Users\awaikar\Documents\Self_Study\AdminManagementWorkSpace\sst-admin-management-backend\src\test\resources
2024-09-10 14:04:28,021 [Worker-59: Building] INFO  o.a.m.s.f.DefaultMavenResourcesFiltering - Copying 1 resource from src\main\resources to target\classes
2024-09-10 14:04:28,044 [Worker-59: Building] INFO  o.a.m.s.f.DefaultMavenResourcesFiltering - Copying 0 resource from src\main\resources to target\classes
2024-09-10 14:04:28,048 [Worker-59: Building] INFO  o.a.m.s.f.DefaultMavenResourcesFiltering - skip non existing resourceDirectory C:\Users\awaikar\Documents\Self_Study\AdminManagementWorkSpace\sst-admin-management-backend\src\test\resources
2024-09-10 14:17:04,731 [Worker-66: Building] INFO  o.a.m.s.f.DefaultMavenResourcesFiltering - Copying 1 resource from src\main\resources to target\classes
2024-09-10 14:17:04,746 [Worker-66: Building] INFO  o.a.m.s.f.DefaultMavenResourcesFiltering - Copying 0 resource from src\main\resources to target\classes
2024-09-10 14:17:04,748 [Worker-66: Building] INFO  o.a.m.s.f.DefaultMavenResourcesFiltering - skip non existing resourceDirectory C:\Users\awaikar\Documents\Self_Study\AdminManagementWorkSpace\sst-admin-management-backend\src\test\resources
2024-09-10 14:17:13,947 [Worker-67: Building] INFO  o.a.m.s.f.DefaultMavenResourcesFiltering - Copying 1 resource from src\main\resources to target\classes
2024-09-10 14:17:13,956 [Worker-67: Building] INFO  o.a.m.s.f.DefaultMavenResourcesFiltering - Copying 0 resource from src\main\resources to target\classes
2024-09-10 14:17:13,959 [Worker-67: Building] INFO  o.a.m.s.f.DefaultMavenResourcesFiltering - skip non existing resourceDirectory C:\Users\awaikar\Documents\Self_Study\AdminManagementWorkSpace\sst-admin-management-backend\src\test\resources
2024-09-10 14:17:22,408 [Worker-63: Building] INFO  o.a.m.s.f.DefaultMavenResourcesFiltering - Copying 1 resource from src\main\resources to target\classes
2024-09-10 14:17:22,417 [Worker-63: Building] INFO  o.a.m.s.f.DefaultMavenResourcesFiltering - Copying 0 resource from src\main\resources to target\classes
2024-09-10 14:17:22,419 [Worker-63: Building] INFO  o.a.m.s.f.DefaultMavenResourcesFiltering - skip non existing resourceDirectory C:\Users\awaikar\Documents\Self_Study\AdminManagementWorkSpace\sst-admin-management-backend\src\test\resources
2024-09-10 14:17:25,537 [Worker-64: Building] INFO  o.a.m.s.f.DefaultMavenResourcesFiltering - Copying 1 resource from src\main\resources to target\classes
2024-09-10 14:17:25,549 [Worker-64: Building] INFO  o.a.m.s.f.DefaultMavenResourcesFiltering - Copying 0 resource from src\main\resources to target\classes
2024-09-10 14:17:25,553 [Worker-64: Building] INFO  o.a.m.s.f.DefaultMavenResourcesFiltering - skip non existing resourceDirectory C:\Users\awaikar\Documents\Self_Study\AdminManagementWorkSpace\sst-admin-management-backend\src\test\resources
2024-09-10 14:17:26,647 [Worker-66: Building] INFO  o.a.m.s.f.DefaultMavenResourcesFiltering - Copying 1 resource from src\main\resources to target\classes
2024-09-10 14:17:26,654 [Worker-66: Building] INFO  o.a.m.s.f.DefaultMavenResourcesFiltering - Copying 0 resource from src\main\resources to target\classes
2024-09-10 14:17:26,657 [Worker-66: Building] INFO  o.a.m.s.f.DefaultMavenResourcesFiltering - skip non existing resourceDirectory C:\Users\awaikar\Documents\Self_Study\AdminManagementWorkSpace\sst-admin-management-backend\src\test\resources
2024-09-10 14:17:32,222 [Worker-67: Building] INFO  o.a.m.s.f.DefaultMavenResourcesFiltering - Copying 1 resource from src\main\resources to target\classes
2024-09-10 14:17:32,228 [Worker-67: Building] INFO  o.a.m.s.f.DefaultMavenResourcesFiltering - Copying 0 resource from src\main\resources to target\classes
2024-09-10 14:17:32,232 [Worker-67: Building] INFO  o.a.m.s.f.DefaultMavenResourcesFiltering - skip non existing resourceDirectory C:\Users\awaikar\Documents\Self_Study\AdminManagementWorkSpace\sst-admin-management-backend\src\test\resources
2024-09-10 14:17:52,101 [Worker-66: Building] INFO  o.a.m.s.f.DefaultMavenResourcesFiltering - Copying 1 resource from src\main\resources to target\classes
2024-09-10 14:17:52,110 [Worker-66: Building] INFO  o.a.m.s.f.DefaultMavenResourcesFiltering - Copying 0 resource from src\main\resources to target\classes
2024-09-10 14:17:52,112 [Worker-66: Building] INFO  o.a.m.s.f.DefaultMavenResourcesFiltering - skip non existing resourceDirectory C:\Users\awaikar\Documents\Self_Study\AdminManagementWorkSpace\sst-admin-management-backend\src\test\resources
2024-09-10 14:18:16,929 [Worker-68: Building] INFO  o.a.m.s.f.DefaultMavenResourcesFiltering - Copying 1 resource from src\main\resources to target\classes
2024-09-10 14:18:16,940 [Worker-68: Building] INFO  o.a.m.s.f.DefaultMavenResourcesFiltering - Copying 0 resource from src\main\resources to target\classes
2024-09-10 14:18:16,943 [Worker-68: Building] INFO  o.a.m.s.f.DefaultMavenResourcesFiltering - skip non existing resourceDirectory C:\Users\awaikar\Documents\Self_Study\AdminManagementWorkSpace\sst-admin-management-backend\src\test\resources
2024-09-10 14:18:18,849 [Worker-68: Building] INFO  o.a.m.s.f.DefaultMavenResourcesFiltering - Copying 1 resource from src\main\resources to target\classes
2024-09-10 14:18:18,855 [Worker-68: Building] INFO  o.a.m.s.f.DefaultMavenResourcesFiltering - Copying 0 resource from src\main\resources to target\classes
2024-09-10 14:18:18,858 [Worker-68: Building] INFO  o.a.m.s.f.DefaultMavenResourcesFiltering - skip non existing resourceDirectory C:\Users\awaikar\Documents\Self_Study\AdminManagementWorkSpace\sst-admin-management-backend\src\test\resources
2024-09-10 15:48:06,652 [Worker-86: Building] INFO  o.a.m.s.f.DefaultMavenResourcesFiltering - Copying 1 resource from src\main\resources to target\classes
2024-09-10 15:48:06,674 [Worker-86: Building] INFO  o.a.m.s.f.DefaultMavenResourcesFiltering - Copying 0 resource from src\main\resources to target\classes
2024-09-10 15:48:06,676 [Worker-86: Building] INFO  o.a.m.s.f.DefaultMavenResourcesFiltering - skip non existing resourceDirectory C:\Users\awaikar\Documents\Self_Study\AdminManagementWorkSpace\sst-admin-management-backend\src\test\resources
2024-09-10 19:42:02,953 [Worker-128: Building] INFO  o.a.m.s.f.DefaultMavenResourcesFiltering - Copying 1 resource from src\main\resources to target\classes
2024-09-10 19:42:03,178 [Worker-128: Building] INFO  o.a.m.s.f.DefaultMavenResourcesFiltering - Copying 0 resource from src\main\resources to target\classes
2024-09-10 19:42:03,183 [Worker-128: Building] INFO  o.a.m.s.f.DefaultMavenResourcesFiltering - skip non existing resourceDirectory C:\Users\awaikar\Documents\Self_Study\AdminManagementWorkSpace\sst-admin-management-backend\src\test\resources
2024-09-10 19:42:32,473 [Worker-130: Building] INFO  o.a.m.s.f.DefaultMavenResourcesFiltering - Copying 1 resource from src\main\resources to target\classes
2024-09-10 19:42:32,622 [Worker-130: Building] INFO  o.a.m.s.f.DefaultMavenResourcesFiltering - Copying 0 resource from src\main\resources to target\classes
2024-09-10 19:42:32,625 [Worker-130: Building] INFO  o.a.m.s.f.DefaultMavenResourcesFiltering - skip non existing resourceDirectory C:\Users\awaikar\Documents\Self_Study\AdminManagementWorkSpace\sst-admin-management-backend\src\test\resources
2024-10-04 11:27:27,806 [Worker-5: Loading available Gradle versions] INFO  o.e.b.c.i.u.g.PublishedGradleVersions - Gradle version information cache is out-of-date. Trying to update.
2024-10-04 11:27:32,841 [Worker-6: Building] INFO  o.e.m.c.i.e.AbstractTransferListenerAdapter - Downloading http://maven.vie.sst.stp/content/groups/approved/org/springframework/boot/spring-boot-starter-parent/3.2.8/spring-boot-starter-parent-3.2.8.pom
2024-10-04 11:27:33,097 [Worker-6: Building] INFO  o.e.m.c.i.e.AbstractTransferListenerAdapter - Downloaded http://maven.vie.sst.stp/content/groups/approved/org/springframework/boot/spring-boot-starter-parent/3.2.8/spring-boot-starter-parent-3.2.8.pom
2024-10-04 11:27:33,362 [Worker-6: Building] INFO  o.e.m.c.i.e.AbstractTransferListenerAdapter - Downloading http://maven.vie.sst.stp/content/groups/approved/org/springframework/boot/spring-boot-dependencies/3.2.8/spring-boot-dependencies-3.2.8.pom
2024-10-04 11:27:33,925 [Worker-6: Building] INFO  o.e.m.c.i.e.AbstractTransferListenerAdapter - Downloaded http://maven.vie.sst.stp/content/groups/approved/org/springframework/boot/spring-boot-dependencies/3.2.8/spring-boot-dependencies-3.2.8.pom
2024-10-04 11:27:34,248 [Worker-6: Building] INFO  o.e.m.c.i.e.AbstractTransferListenerAdapter - Downloading http://maven.vie.sst.stp/content/groups/approved/org/assertj/assertj-bom/3.24.2/assertj-bom-3.24.2.pom
2024-10-04 11:27:34,504 [Worker-6: Building] INFO  o.e.m.c.i.e.AbstractTransferListenerAdapter - Downloaded http://maven.vie.sst.stp/content/groups/approved/org/assertj/assertj-bom/3.24.2/assertj-bom-3.24.2.pom
2024-10-04 11:27:34,774 [Worker-6: Building] INFO  o.e.m.c.i.e.AbstractTransferListenerAdapter - Downloading http://maven.vie.sst.stp/content/groups/approved/io/zipkin/brave/brave-bom/5.16.0/brave-bom-5.16.0.pom
2024-10-04 11:27:35,038 [Worker-6: Building] INFO  o.e.m.c.i.e.AbstractTransferListenerAdapter - Downloaded http://maven.vie.sst.stp/content/groups/approved/io/zipkin/brave/brave-bom/5.16.0/brave-bom-5.16.0.pom
2024-10-04 11:27:35,232 [Worker-6: Building] INFO  o.e.m.c.i.e.AbstractTransferListenerAdapter - Downloading http://maven.vie.sst.stp/content/groups/approved/io/zipkin/reporter2/zipkin-reporter-bom/2.16.3/zipkin-reporter-bom-2.16.3.pom
2024-10-04 11:27:35,404 [Worker-6: Building] INFO  o.e.m.c.i.e.AbstractTransferListenerAdapter - Downloaded http://maven.vie.sst.stp/content/groups/approved/io/zipkin/reporter2/zipkin-reporter-bom/2.16.3/zipkin-reporter-bom-2.16.3.pom
2024-10-04 11:27:35,688 [Worker-6: Building] INFO  o.e.m.c.i.e.AbstractTransferListenerAdapter - Downloading http://maven.vie.sst.stp/content/groups/approved/com/datastax/oss/java-driver-bom/4.17.0/java-driver-bom-4.17.0.pom
2024-10-04 11:27:35,946 [Worker-6: Building] INFO  o.e.m.c.i.e.AbstractTransferListenerAdapter - Downloaded http://maven.vie.sst.stp/content/groups/approved/com/datastax/oss/java-driver-bom/4.17.0/java-driver-bom-4.17.0.pom
2024-10-04 11:27:36,218 [Worker-6: Building] INFO  o.e.m.c.i.e.AbstractTransferListenerAdapter - Downloading http://maven.vie.sst.stp/content/groups/approved/io/dropwizard/metrics/metrics-bom/4.2.26/metrics-bom-4.2.26.pom
2024-10-04 11:27:36,477 [Worker-6: Building] INFO  o.e.m.c.i.e.AbstractTransferListenerAdapter - Downloaded http://maven.vie.sst.stp/content/groups/approved/io/dropwizard/metrics/metrics-bom/4.2.26/metrics-bom-4.2.26.pom
2024-10-04 11:27:36,758 [Worker-6: Building] INFO  o.e.m.c.i.e.AbstractTransferListenerAdapter - Downloading http://maven.vie.sst.stp/content/groups/approved/io/dropwizard/metrics/metrics-parent/4.2.26/metrics-parent-4.2.26.pom
2024-10-04 11:27:37,022 [Worker-6: Building] INFO  o.e.m.c.i.e.AbstractTransferListenerAdapter - Downloaded http://maven.vie.sst.stp/content/groups/approved/io/dropwizard/metrics/metrics-parent/4.2.26/metrics-parent-4.2.26.pom
2024-10-04 11:27:37,204 [Worker-6: Building] INFO  o.e.m.c.i.e.AbstractTransferListenerAdapter - Downloading http://maven.vie.sst.stp/content/groups/approved/org/glassfish/jaxb/jaxb-bom/4.0.5/jaxb-bom-4.0.5.pom
2024-10-04 11:27:37,377 [Worker-6: Building] INFO  o.e.m.c.i.e.AbstractTransferListenerAdapter - Downloaded http://maven.vie.sst.stp/content/groups/approved/org/glassfish/jaxb/jaxb-bom/4.0.5/jaxb-bom-4.0.5.pom
2024-10-04 11:27:37,558 [Worker-6: Building] INFO  o.e.m.c.i.e.AbstractTransferListenerAdapter - Downloading http://maven.vie.sst.stp/content/groups/approved/org/eclipse/ee4j/project/1.0.9/project-1.0.9.pom
2024-10-04 11:27:37,728 [Worker-6: Building] INFO  o.e.m.c.i.e.AbstractTransferListenerAdapter - Downloaded http://maven.vie.sst.stp/content/groups/approved/org/eclipse/ee4j/project/1.0.9/project-1.0.9.pom
2024-10-04 11:27:37,912 [Worker-6: Building] INFO  o.e.m.c.i.e.AbstractTransferListenerAdapter - Downloading http://maven.vie.sst.stp/content/groups/approved/org/apache/groovy/groovy-bom/4.0.22/groovy-bom-4.0.22.pom
2024-10-04 11:27:38,087 [Worker-6: Building] INFO  o.e.m.c.i.e.AbstractTransferListenerAdapter - Downloaded http://maven.vie.sst.stp/content/groups/approved/org/apache/groovy/groovy-bom/4.0.22/groovy-bom-4.0.22.pom
2024-10-04 11:27:38,356 [Worker-6: Building] INFO  o.e.m.c.i.e.AbstractTransferListenerAdapter - Downloading http://maven.vie.sst.stp/content/groups/approved/org/infinispan/infinispan-bom/14.0.29.Final/infinispan-bom-14.0.29.Final.pom
2024-10-04 11:27:38,611 [Worker-6: Building] INFO  o.e.m.c.i.e.AbstractTransferListenerAdapter - Downloaded http://maven.vie.sst.stp/content/groups/approved/org/infinispan/infinispan-bom/14.0.29.Final/infinispan-bom-14.0.29.Final.pom
2024-10-04 11:27:38,876 [Worker-6: Building] INFO  o.e.m.c.i.e.AbstractTransferListenerAdapter - Downloading http://maven.vie.sst.stp/content/groups/approved/org/infinispan/infinispan-build-configuration-parent/14.0.29.Final/infinispan-build-configuration-parent-14.0.29.Final.pom
2024-10-04 11:27:39,133 [Worker-6: Building] INFO  o.e.m.c.i.e.AbstractTransferListenerAdapter - Downloaded http://maven.vie.sst.stp/content/groups/approved/org/infinispan/infinispan-build-configuration-parent/14.0.29.Final/infinispan-build-configuration-parent-14.0.29.Final.pom
2024-10-04 11:27:39,306 [Worker-6: Building] INFO  o.e.m.c.i.e.AbstractTransferListenerAdapter - Downloading http://maven.vie.sst.stp/content/groups/approved/org/jboss/jboss-parent/39/jboss-parent-39.pom
2024-10-04 11:27:39,476 [Worker-6: Building] INFO  o.e.m.c.i.e.AbstractTransferListenerAdapter - Downloaded http://maven.vie.sst.stp/content/groups/approved/org/jboss/jboss-parent/39/jboss-parent-39.pom
2024-10-04 11:27:39,747 [Worker-6: Building] INFO  o.e.m.c.i.e.AbstractTransferListenerAdapter - Downloading http://maven.vie.sst.stp/content/groups/approved/com/fasterxml/jackson/jackson-bom/2.15.4/jackson-bom-2.15.4.pom
2024-10-04 11:27:39,997 [Worker-6: Building] INFO  o.e.m.c.i.e.AbstractTransferListenerAdapter - Downloaded http://maven.vie.sst.stp/content/groups/approved/com/fasterxml/jackson/jackson-bom/2.15.4/jackson-bom-2.15.4.pom
2024-10-04 11:27:40,328 [Worker-6: Building] INFO  o.e.m.c.i.e.AbstractTransferListenerAdapter - Downloading http://maven.vie.sst.stp/content/groups/approved/com/fasterxml/jackson/jackson-parent/2.15/jackson-parent-2.15.pom
2024-10-04 11:27:40,496 [Worker-6: Building] INFO  o.e.m.c.i.e.AbstractTransferListenerAdapter - Downloaded http://maven.vie.sst.stp/content/groups/approved/com/fasterxml/jackson/jackson-parent/2.15/jackson-parent-2.15.pom
2024-10-04 11:27:40,665 [Worker-6: Building] INFO  o.e.m.c.i.e.AbstractTransferListenerAdapter - Downloading http://maven.vie.sst.stp/content/groups/approved/com/fasterxml/oss-parent/50/oss-parent-50.pom
2024-10-04 11:27:40,988 [Worker-6: Building] INFO  o.e.m.c.i.e.AbstractTransferListenerAdapter - Downloaded http://maven.vie.sst.stp/content/groups/approved/com/fasterxml/oss-parent/50/oss-parent-50.pom
2024-10-04 11:27:41,163 [Worker-6: Building] INFO  o.e.m.c.i.e.AbstractTransferListenerAdapter - Downloading http://maven.vie.sst.stp/content/groups/approved/org/glassfish/jersey/jersey-bom/3.1.7/jersey-bom-3.1.7.pom
2024-10-04 11:27:41,486 [Worker-6: Building] INFO  o.e.m.c.i.e.AbstractTransferListenerAdapter - Downloaded http://maven.vie.sst.stp/content/groups/approved/org/glassfish/jersey/jersey-bom/3.1.7/jersey-bom-3.1.7.pom
2024-10-04 11:27:41,762 [Worker-6: Building] INFO  o.e.m.c.i.e.AbstractTransferListenerAdapter - Downloading http://maven.vie.sst.stp/content/groups/approved/org/eclipse/jetty/ee10/jetty-ee10-bom/12.0.11/jetty-ee10-bom-12.0.11.pom
2024-10-04 11:27:42,016 [Worker-6: Building] INFO  o.e.m.c.i.e.AbstractTransferListenerAdapter - Downloaded http://maven.vie.sst.stp/content/groups/approved/org/eclipse/jetty/ee10/jetty-ee10-bom/12.0.11/jetty-ee10-bom-12.0.11.pom
2024-10-04 11:27:42,285 [Worker-6: Building] INFO  o.e.m.c.i.e.AbstractTransferListenerAdapter - Downloading http://maven.vie.sst.stp/content/groups/approved/org/eclipse/jetty/jetty-bom/12.0.11/jetty-bom-12.0.11.pom
2024-10-04 11:27:42,538 [Worker-6: Building] INFO  o.e.m.c.i.e.AbstractTransferListenerAdapter - Downloaded http://maven.vie.sst.stp/content/groups/approved/org/eclipse/jetty/jetty-bom/12.0.11/jetty-bom-12.0.11.pom
2024-10-04 11:27:42,804 [Worker-6: Building] INFO  o.e.m.c.i.e.AbstractTransferListenerAdapter - Downloading http://maven.vie.sst.stp/content/groups/approved/org/junit/junit-bom/5.10.3/junit-bom-5.10.3.pom
2024-10-04 11:27:42,977 [Worker-6: Building] INFO  o.e.m.c.i.e.AbstractTransferListenerAdapter - Downloaded http://maven.vie.sst.stp/content/groups/approved/org/junit/junit-bom/5.10.3/junit-bom-5.10.3.pom
2024-10-04 11:27:43,158 [Worker-6: Building] INFO  o.e.m.c.i.e.AbstractTransferListenerAdapter - Downloading http://maven.vie.sst.stp/content/groups/approved/org/jetbrains/kotlin/kotlin-bom/1.9.24/kotlin-bom-1.9.24.pom
2024-10-04 11:27:43,329 [Worker-6: Building] INFO  o.e.m.c.i.e.AbstractTransferListenerAdapter - Downloaded http://maven.vie.sst.stp/content/groups/approved/org/jetbrains/kotlin/kotlin-bom/1.9.24/kotlin-bom-1.9.24.pom
2024-10-04 11:27:43,596 [Worker-6: Building] INFO  o.e.m.c.i.e.AbstractTransferListenerAdapter - Downloading http://maven.vie.sst.stp/content/groups/approved/org/jetbrains/kotlinx/kotlinx-coroutines-bom/1.7.3/kotlinx-coroutines-bom-1.7.3.pom
2024-10-04 11:27:43,848 [Worker-6: Building] INFO  o.e.m.c.i.e.AbstractTransferListenerAdapter - Downloaded http://maven.vie.sst.stp/content/groups/approved/org/jetbrains/kotlinx/kotlinx-coroutines-bom/1.7.3/kotlinx-coroutines-bom-1.7.3.pom
2024-10-04 11:27:44,024 [Worker-6: Building] INFO  o.e.m.c.i.e.AbstractTransferListenerAdapter - Downloading http://maven.vie.sst.stp/content/groups/approved/org/jetbrains/kotlinx/kotlinx-serialization-bom/1.6.3/kotlinx-serialization-bom-1.6.3.pom
2024-10-04 11:27:44,274 [Worker-6: Building] INFO  o.e.m.c.i.e.AbstractTransferListenerAdapter - Downloaded http://maven.vie.sst.stp/content/groups/approved/org/jetbrains/kotlinx/kotlinx-serialization-bom/1.6.3/kotlinx-serialization-bom-1.6.3.pom
2024-10-04 11:27:44,454 [Worker-6: Building] INFO  o.e.m.c.i.e.AbstractTransferListenerAdapter - Downloading http://maven.vie.sst.stp/content/groups/approved/org/apache/logging/log4j/log4j-bom/2.21.1/log4j-bom-2.21.1.pom
2024-10-04 11:27:44,624 [Worker-6: Building] INFO  o.e.m.c.i.e.AbstractTransferListenerAdapter - Downloaded http://maven.vie.sst.stp/content/groups/approved/org/apache/logging/log4j/log4j-bom/2.21.1/log4j-bom-2.21.1.pom
2024-10-04 11:27:44,798 [Worker-6: Building] INFO  o.e.m.c.i.e.AbstractTransferListenerAdapter - Downloading http://maven.vie.sst.stp/content/groups/approved/org/apache/logging/logging-parent/10.1.1/logging-parent-10.1.1.pom
2024-10-04 11:27:45,120 [Worker-6: Building] INFO  o.e.m.c.i.e.AbstractTransferListenerAdapter - Downloaded http://maven.vie.sst.stp/content/groups/approved/org/apache/logging/logging-parent/10.1.1/logging-parent-10.1.1.pom
2024-10-04 11:27:45,304 [Worker-6: Building] INFO  o.e.m.c.i.e.AbstractTransferListenerAdapter - Downloading http://maven.vie.sst.stp/content/groups/approved/org/apache/apache/30/apache-30.pom
2024-10-04 11:27:45,476 [Worker-6: Building] INFO  o.e.m.c.i.e.AbstractTransferListenerAdapter - Downloaded http://maven.vie.sst.stp/content/groups/approved/org/apache/apache/30/apache-30.pom
2024-10-04 11:27:45,755 [Worker-6: Building] INFO  o.e.m.c.i.e.AbstractTransferListenerAdapter - Downloading http://maven.vie.sst.stp/content/groups/approved/io/micrometer/micrometer-bom/1.12.8/micrometer-bom-1.12.8.pom
2024-10-04 11:27:46,007 [Worker-6: Building] INFO  o.e.m.c.i.e.AbstractTransferListenerAdapter - Downloaded http://maven.vie.sst.stp/content/groups/approved/io/micrometer/micrometer-bom/1.12.8/micrometer-bom-1.12.8.pom
2024-10-04 11:27:46,274 [Worker-6: Building] INFO  o.e.m.c.i.e.AbstractTransferListenerAdapter - Downloading http://maven.vie.sst.stp/content/groups/approved/io/micrometer/micrometer-tracing-bom/1.2.8/micrometer-tracing-bom-1.2.8.pom
2024-10-04 11:27:46,527 [Worker-6: Building] INFO  o.e.m.c.i.e.AbstractTransferListenerAdapter - Downloaded http://maven.vie.sst.stp/content/groups/approved/io/micrometer/micrometer-tracing-bom/1.2.8/micrometer-tracing-bom-1.2.8.pom
2024-10-04 11:27:46,795 [Worker-6: Building] INFO  o.e.m.c.i.e.AbstractTransferListenerAdapter - Downloading http://maven.vie.sst.stp/content/groups/approved/org/mockito/mockito-bom/5.7.0/mockito-bom-5.7.0.pom
2024-10-04 11:27:47,047 [Worker-6: Building] INFO  o.e.m.c.i.e.AbstractTransferListenerAdapter - Downloaded http://maven.vie.sst.stp/content/groups/approved/org/mockito/mockito-bom/5.7.0/mockito-bom-5.7.0.pom
2024-10-04 11:27:47,220 [Worker-6: Building] INFO  o.e.m.c.i.e.AbstractTransferListenerAdapter - Downloading http://maven.vie.sst.stp/content/groups/approved/io/netty/netty-bom/4.1.111.Final/netty-bom-4.1.111.Final.pom
2024-10-04 11:27:47,473 [Worker-6: Building] INFO  o.e.m.c.i.e.AbstractTransferListenerAdapter - Downloaded http://maven.vie.sst.stp/content/groups/approved/io/netty/netty-bom/4.1.111.Final/netty-bom-4.1.111.Final.pom
2024-10-04 11:27:47,651 [Worker-6: Building] INFO  o.e.m.c.i.e.AbstractTransferListenerAdapter - Downloading http://maven.vie.sst.stp/content/groups/approved/com/squareup/okhttp3/okhttp-bom/4.12.0/okhttp-bom-4.12.0.pom
2024-10-04 11:27:47,819 [Worker-6: Building] INFO  o.e.m.c.i.e.AbstractTransferListenerAdapter - Downloaded http://maven.vie.sst.stp/content/groups/approved/com/squareup/okhttp3/okhttp-bom/4.12.0/okhttp-bom-4.12.0.pom
2024-10-04 11:27:48,084 [Worker-6: Building] INFO  o.e.m.c.i.e.AbstractTransferListenerAdapter - Downloading http://maven.vie.sst.stp/content/groups/approved/io/opentelemetry/opentelemetry-bom/1.31.0/opentelemetry-bom-1.31.0.pom
2024-10-04 11:27:48,334 [Worker-6: Building] INFO  o.e.m.c.i.e.AbstractTransferListenerAdapter - Downloaded http://maven.vie.sst.stp/content/groups/approved/io/opentelemetry/opentelemetry-bom/1.31.0/opentelemetry-bom-1.31.0.pom
2024-10-04 11:27:48,509 [Worker-6: Building] INFO  o.e.m.c.i.e.AbstractTransferListenerAdapter - Downloading http://maven.vie.sst.stp/content/groups/approved/io/prometheus/simpleclient_bom/0.16.0/simpleclient_bom-0.16.0.pom
2024-10-04 11:27:48,678 [Worker-6: Building] INFO  o.e.m.c.i.e.AbstractTransferListenerAdapter - Downloaded http://maven.vie.sst.stp/content/groups/approved/io/prometheus/simpleclient_bom/0.16.0/simpleclient_bom-0.16.0.pom
2024-10-04 11:27:48,859 [Worker-6: Building] INFO  o.e.m.c.i.e.AbstractTransferListenerAdapter - Downloading http://maven.vie.sst.stp/content/groups/approved/io/prometheus/parent/0.16.0/parent-0.16.0.pom
2024-10-04 11:27:49,029 [Worker-6: Building] INFO  o.e.m.c.i.e.AbstractTransferListenerAdapter - Downloaded http://maven.vie.sst.stp/content/groups/approved/io/prometheus/parent/0.16.0/parent-0.16.0.pom
2024-10-04 11:27:49,206 [Worker-6: Building] INFO  o.e.m.c.i.e.AbstractTransferListenerAdapter - Downloading http://maven.vie.sst.stp/content/groups/approved/com/querydsl/querydsl-bom/5.0.0/querydsl-bom-5.0.0.pom
2024-10-04 11:27:49,375 [Worker-6: Building] INFO  o.e.m.c.i.e.AbstractTransferListenerAdapter - Downloaded http://maven.vie.sst.stp/content/groups/approved/com/querydsl/querydsl-bom/5.0.0/querydsl-bom-5.0.0.pom
2024-10-04 11:27:49,642 [Worker-6: Building] INFO  o.e.m.c.i.e.AbstractTransferListenerAdapter - Downloading http://maven.vie.sst.stp/content/groups/approved/io/projectreactor/reactor-bom/2023.0.8/reactor-bom-2023.0.8.pom
2024-10-04 11:27:49,893 [Worker-6: Building] INFO  o.e.m.c.i.e.AbstractTransferListenerAdapter - Downloaded http://maven.vie.sst.stp/content/groups/approved/io/projectreactor/reactor-bom/2023.0.8/reactor-bom-2023.0.8.pom
2024-10-04 11:27:50,157 [Worker-6: Building] INFO  o.e.m.c.i.e.AbstractTransferListenerAdapter - Downloading http://maven.vie.sst.stp/content/groups/approved/io/rest-assured/rest-assured-bom/5.3.2/rest-assured-bom-5.3.2.pom
2024-10-04 11:27:50,407 [Worker-6: Building] INFO  o.e.m.c.i.e.AbstractTransferListenerAdapter - Downloaded http://maven.vie.sst.stp/content/groups/approved/io/rest-assured/rest-assured-bom/5.3.2/rest-assured-bom-5.3.2.pom
2024-10-04 11:27:50,585 [Worker-6: Building] INFO  o.e.m.c.i.e.AbstractTransferListenerAdapter - Downloading http://maven.vie.sst.stp/content/groups/approved/io/rsocket/rsocket-bom/1.1.3/rsocket-bom-1.1.3.pom
2024-10-04 11:27:50,753 [Worker-6: Building] INFO  o.e.m.c.i.e.AbstractTransferListenerAdapter - Downloaded http://maven.vie.sst.stp/content/groups/approved/io/rsocket/rsocket-bom/1.1.3/rsocket-bom-1.1.3.pom
2024-10-04 11:27:51,038 [Worker-6: Building] INFO  o.e.m.c.i.e.AbstractTransferListenerAdapter - Downloading http://maven.vie.sst.stp/content/groups/approved/org/seleniumhq/selenium/selenium-bom/4.14.1/selenium-bom-4.14.1.pom
2024-10-04 11:27:51,292 [Worker-6: Building] INFO  o.e.m.c.i.e.AbstractTransferListenerAdapter - Downloaded http://maven.vie.sst.stp/content/groups/approved/org/seleniumhq/selenium/selenium-bom/4.14.1/selenium-bom-4.14.1.pom
2024-10-04 11:27:51,467 [Worker-6: Building] INFO  o.e.m.c.i.e.AbstractTransferListenerAdapter - Downloading http://maven.vie.sst.stp/content/groups/approved/org/springframework/amqp/spring-amqp-bom/3.1.6/spring-amqp-bom-3.1.6.pom
2024-10-04 11:27:51,722 [Worker-6: Building] INFO  o.e.m.c.i.e.AbstractTransferListenerAdapter - Downloaded http://maven.vie.sst.stp/content/groups/approved/org/springframework/amqp/spring-amqp-bom/3.1.6/spring-amqp-bom-3.1.6.pom
2024-10-04 11:27:51,898 [Worker-6: Building] INFO  o.e.m.c.i.e.AbstractTransferListenerAdapter - Downloading http://maven.vie.sst.stp/content/groups/approved/org/springframework/batch/spring-batch-bom/5.1.2/spring-batch-bom-5.1.2.pom
2024-10-04 11:27:52,065 [Worker-6: Building] INFO  o.e.m.c.i.e.AbstractTransferListenerAdapter - Downloaded http://maven.vie.sst.stp/content/groups/approved/org/springframework/batch/spring-batch-bom/5.1.2/spring-batch-bom-5.1.2.pom
2024-10-04 11:27:52,328 [Worker-6: Building] INFO  o.e.m.c.i.e.AbstractTransferListenerAdapter - Downloading http://maven.vie.sst.stp/content/groups/approved/org/springframework/data/spring-data-bom/2023.1.8/spring-data-bom-2023.1.8.pom
2024-10-04 11:27:52,577 [Worker-6: Building] INFO  o.e.m.c.i.e.AbstractTransferListenerAdapter - Downloaded http://maven.vie.sst.stp/content/groups/approved/org/springframework/data/spring-data-bom/2023.1.8/spring-data-bom-2023.1.8.pom
2024-10-04 11:27:52,842 [Worker-6: Building] INFO  o.e.m.c.i.e.AbstractTransferListenerAdapter - Downloading http://maven.vie.sst.stp/content/groups/approved/org/springframework/spring-framework-bom/6.1.11/spring-framework-bom-6.1.11.pom
2024-10-04 11:27:53,098 [Worker-6: Building] INFO  o.e.m.c.i.e.AbstractTransferListenerAdapter - Downloaded http://maven.vie.sst.stp/content/groups/approved/org/springframework/spring-framework-bom/6.1.11/spring-framework-bom-6.1.11.pom
2024-10-04 11:27:53,362 [Worker-6: Building] INFO  o.e.m.c.i.e.AbstractTransferListenerAdapter - Downloading http://maven.vie.sst.stp/content/groups/approved/org/springframework/integration/spring-integration-bom/6.2.7/spring-integration-bom-6.2.7.pom
2024-10-04 11:27:53,613 [Worker-6: Building] INFO  o.e.m.c.i.e.AbstractTransferListenerAdapter - Downloaded http://maven.vie.sst.stp/content/groups/approved/org/springframework/integration/spring-integration-bom/6.2.7/spring-integration-bom-6.2.7.pom
2024-10-04 11:27:53,878 [Worker-6: Building] INFO  o.e.m.c.i.e.AbstractTransferListenerAdapter - Downloading http://maven.vie.sst.stp/content/groups/approved/org/springframework/pulsar/spring-pulsar-bom/1.0.8/spring-pulsar-bom-1.0.8.pom
2024-10-04 11:27:54,126 [Worker-6: Building] INFO  o.e.m.c.i.e.AbstractTransferListenerAdapter - Downloaded http://maven.vie.sst.stp/content/groups/approved/org/springframework/pulsar/spring-pulsar-bom/1.0.8/spring-pulsar-bom-1.0.8.pom
2024-10-04 11:27:54,300 [Worker-6: Building] INFO  o.e.m.c.i.e.AbstractTransferListenerAdapter - Downloading http://maven.vie.sst.stp/content/groups/approved/org/springframework/restdocs/spring-restdocs-bom/3.0.1/spring-restdocs-bom-3.0.1.pom
2024-10-04 11:27:54,465 [Worker-6: Building] INFO  o.e.m.c.i.e.AbstractTransferListenerAdapter - Downloaded http://maven.vie.sst.stp/content/groups/approved/org/springframework/restdocs/spring-restdocs-bom/3.0.1/spring-restdocs-bom-3.0.1.pom
2024-10-04 11:27:54,727 [Worker-6: Building] INFO  o.e.m.c.i.e.AbstractTransferListenerAdapter - Downloading http://maven.vie.sst.stp/content/groups/approved/org/springframework/security/spring-security-bom/6.2.5/spring-security-bom-6.2.5.pom
2024-10-04 11:27:54,975 [Worker-6: Building] INFO  o.e.m.c.i.e.AbstractTransferListenerAdapter - Downloaded http://maven.vie.sst.stp/content/groups/approved/org/springframework/security/spring-security-bom/6.2.5/spring-security-bom-6.2.5.pom
2024-10-04 11:27:55,236 [Worker-6: Building] INFO  o.e.m.c.i.e.AbstractTransferListenerAdapter - Downloading http://maven.vie.sst.stp/content/groups/approved/org/springframework/session/spring-session-bom/3.2.4/spring-session-bom-3.2.4.pom
2024-10-04 11:27:55,484 [Worker-6: Building] INFO  o.e.m.c.i.e.AbstractTransferListenerAdapter - Downloaded http://maven.vie.sst.stp/content/groups/approved/org/springframework/session/spring-session-bom/3.2.4/spring-session-bom-3.2.4.pom
2024-10-04 11:27:55,743 [Worker-6: Building] INFO  o.e.m.c.i.e.AbstractTransferListenerAdapter - Downloading http://maven.vie.sst.stp/content/groups/approved/org/springframework/ws/spring-ws-bom/4.0.11/spring-ws-bom-4.0.11.pom
2024-10-04 11:27:55,907 [Worker-6: Building] INFO  o.e.m.c.i.e.AbstractTransferListenerAdapter - Downloaded http://maven.vie.sst.stp/content/groups/approved/org/springframework/ws/spring-ws-bom/4.0.11/spring-ws-bom-4.0.11.pom
2024-10-04 11:27:56,076 [Worker-6: Building] INFO  o.e.m.c.i.e.AbstractTransferListenerAdapter - Downloading http://maven.vie.sst.stp/content/groups/approved/org/testcontainers/testcontainers-bom/1.19.8/testcontainers-bom-1.19.8.pom
2024-10-04 11:27:56,241 [Worker-6: Building] INFO  o.e.m.c.i.e.AbstractTransferListenerAdapter - Downloaded http://maven.vie.sst.stp/content/groups/approved/org/testcontainers/testcontainers-bom/1.19.8/testcontainers-bom-1.19.8.pom
2024-10-04 11:27:56,856 [Worker-6: Building] INFO  o.e.m.c.i.e.AbstractTransferListenerAdapter - Downloading http://maven.vie.sst.stp/content/groups/approved/org/springframework/boot/spring-boot-starter-data-jpa/3.2.8/spring-boot-starter-data-jpa-3.2.8.pom
2024-10-04 11:27:57,108 [Worker-6: Building] INFO  o.e.m.c.i.e.AbstractTransferListenerAdapter - Downloaded http://maven.vie.sst.stp/content/groups/approved/org/springframework/boot/spring-boot-starter-data-jpa/3.2.8/spring-boot-starter-data-jpa-3.2.8.pom
2024-10-04 11:27:57,374 [Worker-6: Building] INFO  o.e.m.c.i.e.AbstractTransferListenerAdapter - Downloading http://maven.vie.sst.stp/content/groups/approved/org/springframework/boot/spring-boot-starter-aop/3.2.8/spring-boot-starter-aop-3.2.8.pom
2024-10-04 11:27:57,629 [Worker-6: Building] INFO  o.e.m.c.i.e.AbstractTransferListenerAdapter - Downloaded http://maven.vie.sst.stp/content/groups/approved/org/springframework/boot/spring-boot-starter-aop/3.2.8/spring-boot-starter-aop-3.2.8.pom
2024-10-04 11:27:57,889 [Worker-6: Building] INFO  o.e.m.c.i.e.AbstractTransferListenerAdapter - Downloading http://maven.vie.sst.stp/content/groups/approved/org/springframework/boot/spring-boot-starter/3.2.8/spring-boot-starter-3.2.8.pom
2024-10-04 11:27:58,149 [Worker-6: Building] INFO  o.e.m.c.i.e.AbstractTransferListenerAdapter - Downloaded http://maven.vie.sst.stp/content/groups/approved/org/springframework/boot/spring-boot-starter/3.2.8/spring-boot-starter-3.2.8.pom
2024-10-04 11:27:58,407 [Worker-6: Building] INFO  o.e.m.c.i.e.AbstractTransferListenerAdapter - Downloading http://maven.vie.sst.stp/content/groups/approved/org/springframework/boot/spring-boot/3.2.8/spring-boot-3.2.8.pom
2024-10-04 11:27:58,655 [Worker-6: Building] INFO  o.e.m.c.i.e.AbstractTransferListenerAdapter - Downloaded http://maven.vie.sst.stp/content/groups/approved/org/springframework/boot/spring-boot/3.2.8/spring-boot-3.2.8.pom
2024-10-04 11:27:58,916 [Worker-6: Building] INFO  o.e.m.c.i.e.AbstractTransferListenerAdapter - Downloading http://maven.vie.sst.stp/content/groups/approved/org/springframework/spring-core/6.1.11/spring-core-6.1.11.pom
2024-10-04 11:27:59,172 [Worker-6: Building] INFO  o.e.m.c.i.e.AbstractTransferListenerAdapter - Downloaded http://maven.vie.sst.stp/content/groups/approved/org/springframework/spring-core/6.1.11/spring-core-6.1.11.pom
2024-10-04 11:27:59,434 [Worker-6: Building] INFO  o.e.m.c.i.e.AbstractTransferListenerAdapter - Downloading http://maven.vie.sst.stp/content/groups/approved/org/springframework/spring-jcl/6.1.11/spring-jcl-6.1.11.pom
2024-10-04 11:27:59,685 [Worker-6: Building] INFO  o.e.m.c.i.e.AbstractTransferListenerAdapter - Downloaded http://maven.vie.sst.stp/content/groups/approved/org/springframework/spring-jcl/6.1.11/spring-jcl-6.1.11.pom
2024-10-04 11:27:59,943 [Worker-6: Building] INFO  o.e.m.c.i.e.AbstractTransferListenerAdapter - Downloading http://maven.vie.sst.stp/content/groups/approved/org/springframework/spring-context/6.1.11/spring-context-6.1.11.pom
2024-10-04 11:28:00,194 [Worker-6: Building] INFO  o.e.m.c.i.e.AbstractTransferListenerAdapter - Downloaded http://maven.vie.sst.stp/content/groups/approved/org/springframework/spring-context/6.1.11/spring-context-6.1.11.pom
2024-10-04 11:28:00,455 [Worker-6: Building] INFO  o.e.m.c.i.e.AbstractTransferListenerAdapter - Downloading http://maven.vie.sst.stp/content/groups/approved/org/springframework/spring-aop/6.1.11/spring-aop-6.1.11.pom
2024-10-04 11:28:00,709 [Worker-6: Building] INFO  o.e.m.c.i.e.AbstractTransferListenerAdapter - Downloaded http://maven.vie.sst.stp/content/groups/approved/org/springframework/spring-aop/6.1.11/spring-aop-6.1.11.pom
2024-10-04 11:28:00,970 [Worker-6: Building] INFO  o.e.m.c.i.e.AbstractTransferListenerAdapter - Downloading http://maven.vie.sst.stp/content/groups/approved/org/springframework/spring-beans/6.1.11/spring-beans-6.1.11.pom
2024-10-04 11:28:01,220 [Worker-6: Building] INFO  o.e.m.c.i.e.AbstractTransferListenerAdapter - Downloaded http://maven.vie.sst.stp/content/groups/approved/org/springframework/spring-beans/6.1.11/spring-beans-6.1.11.pom
2024-10-04 11:28:01,482 [Worker-6: Building] INFO  o.e.m.c.i.e.AbstractTransferListenerAdapter - Downloading http://maven.vie.sst.stp/content/groups/approved/org/springframework/spring-expression/6.1.11/spring-expression-6.1.11.pom
2024-10-04 11:28:01,733 [Worker-6: Building] INFO  o.e.m.c.i.e.AbstractTransferListenerAdapter - Downloaded http://maven.vie.sst.stp/content/groups/approved/org/springframework/spring-expression/6.1.11/spring-expression-6.1.11.pom
2024-10-04 11:28:01,991 [Worker-6: Building] INFO  o.e.m.c.i.e.AbstractTransferListenerAdapter - Downloading http://maven.vie.sst.stp/content/groups/approved/io/micrometer/micrometer-observation/1.12.8/micrometer-observation-1.12.8.pom
2024-10-04 11:28:02,242 [Worker-6: Building] INFO  o.e.m.c.i.e.AbstractTransferListenerAdapter - Downloaded http://maven.vie.sst.stp/content/groups/approved/io/micrometer/micrometer-observation/1.12.8/micrometer-observation-1.12.8.pom
2024-10-04 11:28:02,500 [Worker-6: Building] INFO  o.e.m.c.i.e.AbstractTransferListenerAdapter - Downloading http://maven.vie.sst.stp/content/groups/approved/io/micrometer/micrometer-commons/1.12.8/micrometer-commons-1.12.8.pom
2024-10-04 11:28:02,749 [Worker-6: Building] INFO  o.e.m.c.i.e.AbstractTransferListenerAdapter - Downloaded http://maven.vie.sst.stp/content/groups/approved/io/micrometer/micrometer-commons/1.12.8/micrometer-commons-1.12.8.pom
2024-10-04 11:28:03,011 [Worker-6: Building] INFO  o.e.m.c.i.e.AbstractTransferListenerAdapter - Downloading http://maven.vie.sst.stp/content/groups/approved/org/springframework/boot/spring-boot-autoconfigure/3.2.8/spring-boot-autoconfigure-3.2.8.pom
2024-10-04 11:28:03,261 [Worker-6: Building] INFO  o.e.m.c.i.e.AbstractTransferListenerAdapter - Downloaded http://maven.vie.sst.stp/content/groups/approved/org/springframework/boot/spring-boot-autoconfigure/3.2.8/spring-boot-autoconfigure-3.2.8.pom
2024-10-04 11:28:03,522 [Worker-6: Building] INFO  o.e.m.c.i.e.AbstractTransferListenerAdapter - Downloading http://maven.vie.sst.stp/content/groups/approved/org/springframework/boot/spring-boot-starter-logging/3.2.8/spring-boot-starter-logging-3.2.8.pom
2024-10-04 11:28:03,782 [Worker-6: Building] INFO  o.e.m.c.i.e.AbstractTransferListenerAdapter - Downloaded http://maven.vie.sst.stp/content/groups/approved/org/springframework/boot/spring-boot-starter-logging/3.2.8/spring-boot-starter-logging-3.2.8.pom
2024-10-04 11:28:04,047 [Worker-6: Building] INFO  o.e.m.c.i.e.AbstractTransferListenerAdapter - Downloading http://maven.vie.sst.stp/content/groups/approved/ch/qos/logback/logback-classic/1.4.14/logback-classic-1.4.14.pom
2024-10-04 11:28:04,299 [Worker-6: Building] INFO  o.e.m.c.i.e.AbstractTransferListenerAdapter - Downloaded http://maven.vie.sst.stp/content/groups/approved/ch/qos/logback/logback-classic/1.4.14/logback-classic-1.4.14.pom
2024-10-04 11:28:04,557 [Worker-6: Building] INFO  o.e.m.c.i.e.AbstractTransferListenerAdapter - Downloading http://maven.vie.sst.stp/content/groups/approved/ch/qos/logback/logback-parent/1.4.14/logback-parent-1.4.14.pom
2024-10-04 11:28:04,813 [Worker-6: Building] INFO  o.e.m.c.i.e.AbstractTransferListenerAdapter - Downloaded http://maven.vie.sst.stp/content/groups/approved/ch/qos/logback/logback-parent/1.4.14/logback-parent-1.4.14.pom
2024-10-04 11:28:05,077 [Worker-6: Building] INFO  o.e.m.c.i.e.AbstractTransferListenerAdapter - Downloading http://maven.vie.sst.stp/content/groups/approved/ch/qos/logback/logback-core/1.4.14/logback-core-1.4.14.pom
2024-10-04 11:28:05,332 [Worker-6: Building] INFO  o.e.m.c.i.e.AbstractTransferListenerAdapter - Downloaded http://maven.vie.sst.stp/content/groups/approved/ch/qos/logback/logback-core/1.4.14/logback-core-1.4.14.pom
2024-10-04 11:28:05,593 [Worker-6: Building] INFO  o.e.m.c.i.e.AbstractTransferListenerAdapter - Downloading http://maven.vie.sst.stp/content/groups/approved/org/slf4j/slf4j-api/2.0.13/slf4j-api-2.0.13.pom
2024-10-04 11:28:05,846 [Worker-6: Building] INFO  o.e.m.c.i.e.AbstractTransferListenerAdapter - Downloaded http://maven.vie.sst.stp/content/groups/approved/org/slf4j/slf4j-api/2.0.13/slf4j-api-2.0.13.pom
2024-10-04 11:28:06,104 [Worker-6: Building] INFO  o.e.m.c.i.e.AbstractTransferListenerAdapter - Downloading http://maven.vie.sst.stp/content/groups/approved/org/slf4j/slf4j-parent/2.0.13/slf4j-parent-2.0.13.pom
2024-10-04 11:28:06,282 [Worker-6: Building] INFO  o.e.m.c.i.e.AbstractTransferListenerAdapter - Downloaded http://maven.vie.sst.stp/content/groups/approved/org/slf4j/slf4j-parent/2.0.13/slf4j-parent-2.0.13.pom
2024-10-04 11:28:06,542 [Worker-6: Building] INFO  o.e.m.c.i.e.AbstractTransferListenerAdapter - Downloading http://maven.vie.sst.stp/content/groups/approved/org/slf4j/slf4j-bom/2.0.13/slf4j-bom-2.0.13.pom
2024-10-04 11:28:06,795 [Worker-6: Building] INFO  o.e.m.c.i.e.AbstractTransferListenerAdapter - Downloaded http://maven.vie.sst.stp/content/groups/approved/org/slf4j/slf4j-bom/2.0.13/slf4j-bom-2.0.13.pom
2024-10-04 11:28:06,975 [Worker-6: Building] INFO  o.e.m.c.i.e.AbstractTransferListenerAdapter - Downloading http://maven.vie.sst.stp/content/groups/approved/org/apache/logging/log4j/log4j-to-slf4j/2.21.1/log4j-to-slf4j-2.21.1.pom
2024-10-04 11:28:07,147 [Worker-6: Building] INFO  o.e.m.c.i.e.AbstractTransferListenerAdapter - Downloaded http://maven.vie.sst.stp/content/groups/approved/org/apache/logging/log4j/log4j-to-slf4j/2.21.1/log4j-to-slf4j-2.21.1.pom
2024-10-04 11:28:07,325 [Worker-6: Building] INFO  o.e.m.c.i.e.AbstractTransferListenerAdapter - Downloading http://maven.vie.sst.stp/content/groups/approved/org/apache/logging/log4j/log4j/2.21.1/log4j-2.21.1.pom
2024-10-04 11:28:07,645 [Worker-6: Building] INFO  o.e.m.c.i.e.AbstractTransferListenerAdapter - Downloaded http://maven.vie.sst.stp/content/groups/approved/org/apache/logging/log4j/log4j/2.21.1/log4j-2.21.1.pom
2024-10-04 11:28:07,981 [Worker-6: Building] INFO  o.e.m.c.i.e.AbstractTransferListenerAdapter - Downloading http://maven.vie.sst.stp/content/groups/approved/org/ow2/asm/asm-bom/9.5/asm-bom-9.5.pom
2024-10-04 11:28:08,152 [Worker-6: Building] INFO  o.e.m.c.i.e.AbstractTransferListenerAdapter - Downloaded http://maven.vie.sst.stp/content/groups/approved/org/ow2/asm/asm-bom/9.5/asm-bom-9.5.pom
2024-10-04 11:28:08,321 [Worker-6: Building] INFO  o.e.m.c.i.e.AbstractTransferListenerAdapter - Downloading http://maven.vie.sst.stp/content/groups/approved/org/ow2/ow2/1.5.1/ow2-1.5.1.pom
2024-10-04 11:28:08,490 [Worker-6: Building] INFO  o.e.m.c.i.e.AbstractTransferListenerAdapter - Downloaded http://maven.vie.sst.stp/content/groups/approved/org/ow2/ow2/1.5.1/ow2-1.5.1.pom
2024-10-04 11:28:08,670 [Worker-6: Building] INFO  o.e.m.c.i.e.AbstractTransferListenerAdapter - Downloading http://maven.vie.sst.stp/content/groups/approved/org/codehaus/groovy/groovy-bom/3.0.19/groovy-bom-3.0.19.pom
2024-10-04 11:28:09,077 [Worker-6: Building] INFO  o.e.m.c.i.e.AbstractTransferListenerAdapter - Downloaded http://maven.vie.sst.stp/content/groups/approved/org/codehaus/groovy/groovy-bom/3.0.19/groovy-bom-3.0.19.pom
2024-10-04 11:28:09,244 [Worker-6: Building] INFO  o.e.m.c.i.e.AbstractTransferListenerAdapter - Downloading http://maven.vie.sst.stp/content/groups/approved/com/fasterxml/jackson/jackson-bom/2.15.2/jackson-bom-2.15.2.pom
2024-10-04 11:28:09,414 [Worker-6: Building] INFO  o.e.m.c.i.e.AbstractTransferListenerAdapter - Downloaded http://maven.vie.sst.stp/content/groups/approved/com/fasterxml/jackson/jackson-bom/2.15.2/jackson-bom-2.15.2.pom
2024-10-04 11:28:09,587 [Worker-6: Building] INFO  o.e.m.c.i.e.AbstractTransferListenerAdapter - Downloading http://maven.vie.sst.stp/content/groups/approved/jakarta/platform/jakarta.jakartaee-bom/9.1.0/jakarta.jakartaee-bom-9.1.0.pom
2024-10-04 11:28:09,756 [Worker-6: Building] INFO  o.e.m.c.i.e.AbstractTransferListenerAdapter - Downloaded http://maven.vie.sst.stp/content/groups/approved/jakarta/platform/jakarta.jakartaee-bom/9.1.0/jakarta.jakartaee-bom-9.1.0.pom
2024-10-04 11:28:09,926 [Worker-6: Building] INFO  o.e.m.c.i.e.AbstractTransferListenerAdapter - Downloading http://maven.vie.sst.stp/content/groups/approved/jakarta/platform/jakartaee-api-parent/9.1.0/jakartaee-api-parent-9.1.0.pom
2024-10-04 11:28:10,176 [Worker-6: Building] INFO  o.e.m.c.i.e.AbstractTransferListenerAdapter - Downloaded http://maven.vie.sst.stp/content/groups/approved/jakarta/platform/jakartaee-api-parent/9.1.0/jakartaee-api-parent-9.1.0.pom
2024-10-04 11:28:10,422 [Worker-6: Building] INFO  o.e.m.c.i.e.AbstractTransferListenerAdapter - Downloading http://maven.vie.sst.stp/content/groups/approved/org/eclipse/ee4j/project/1.0.7/project-1.0.7.pom
2024-10-04 11:28:10,680 [Worker-6: Building] INFO  o.e.m.c.i.e.AbstractTransferListenerAdapter - Downloaded http://maven.vie.sst.stp/content/groups/approved/org/eclipse/ee4j/project/1.0.7/project-1.0.7.pom
2024-10-04 11:28:10,866 [Worker-6: Building] INFO  o.e.m.c.i.e.AbstractTransferListenerAdapter - Downloading http://maven.vie.sst.stp/content/groups/approved/org/eclipse/jetty/jetty-bom/9.4.53.v20231009/jetty-bom-9.4.53.v20231009.pom
2024-10-04 11:28:11,121 [Worker-6: Building] INFO  o.e.m.c.i.e.AbstractTransferListenerAdapter - Downloaded http://maven.vie.sst.stp/content/groups/approved/org/eclipse/jetty/jetty-bom/9.4.53.v20231009/jetty-bom-9.4.53.v20231009.pom
2024-10-04 11:28:11,291 [Worker-6: Building] INFO  o.e.m.c.i.e.AbstractTransferListenerAdapter - Downloading http://maven.vie.sst.stp/content/groups/approved/org/junit/junit-bom/5.10.0/junit-bom-5.10.0.pom
2024-10-04 11:28:11,457 [Worker-6: Building] INFO  o.e.m.c.i.e.AbstractTransferListenerAdapter - Downloaded http://maven.vie.sst.stp/content/groups/approved/org/junit/junit-bom/5.10.0/junit-bom-5.10.0.pom
2024-10-04 11:28:11,627 [Worker-6: Building] INFO  o.e.m.c.i.e.AbstractTransferListenerAdapter - Downloading http://maven.vie.sst.stp/content/groups/approved/io/fabric8/kubernetes-client-bom/5.12.4/kubernetes-client-bom-5.12.4.pom
2024-10-04 11:28:11,799 [Worker-6: Building] INFO  o.e.m.c.i.e.AbstractTransferListenerAdapter - Downloaded http://maven.vie.sst.stp/content/groups/approved/io/fabric8/kubernetes-client-bom/5.12.4/kubernetes-client-bom-5.12.4.pom
2024-10-04 11:28:11,964 [Worker-6: Building] INFO  o.e.m.c.i.e.AbstractTransferListenerAdapter - Downloading http://maven.vie.sst.stp/content/groups/approved/org/mockito/mockito-bom/4.11.0/mockito-bom-4.11.0.pom
2024-10-04 11:28:12,131 [Worker-6: Building] INFO  o.e.m.c.i.e.AbstractTransferListenerAdapter - Downloaded http://maven.vie.sst.stp/content/groups/approved/org/mockito/mockito-bom/4.11.0/mockito-bom-4.11.0.pom
2024-10-04 11:28:12,302 [Worker-6: Building] INFO  o.e.m.c.i.e.AbstractTransferListenerAdapter - Downloading http://maven.vie.sst.stp/content/groups/approved/io/netty/netty-bom/4.1.97.Final/netty-bom-4.1.97.Final.pom
2024-10-04 11:28:12,466 [Worker-6: Building] INFO  o.e.m.c.i.e.AbstractTransferListenerAdapter - Downloaded http://maven.vie.sst.stp/content/groups/approved/io/netty/netty-bom/4.1.97.Final/netty-bom-4.1.97.Final.pom
2024-10-04 11:28:12,633 [Worker-6: Building] INFO  o.e.m.c.i.e.AbstractTransferListenerAdapter - Downloading http://maven.vie.sst.stp/content/groups/approved/org/springframework/spring-framework-bom/5.3.29/spring-framework-bom-5.3.29.pom
2024-10-04 11:28:12,798 [Worker-6: Building] INFO  o.e.m.c.i.e.AbstractTransferListenerAdapter - Downloaded http://maven.vie.sst.stp/content/groups/approved/org/springframework/spring-framework-bom/5.3.29/spring-framework-bom-5.3.29.pom
2024-10-04 11:28:12,985 [Worker-6: Building] INFO  o.e.m.c.i.e.AbstractTransferListenerAdapter - Downloading http://maven.vie.sst.stp/content/groups/approved/org/apache/logging/log4j/log4j-api/2.21.1/log4j-api-2.21.1.pom
2024-10-04 11:28:13,150 [Worker-6: Building] INFO  o.e.m.c.i.e.AbstractTransferListenerAdapter - Downloaded http://maven.vie.sst.stp/content/groups/approved/org/apache/logging/log4j/log4j-api/2.21.1/log4j-api-2.21.1.pom
2024-10-04 11:28:13,571 [Worker-6: Building] INFO  o.e.m.c.i.e.AbstractTransferListenerAdapter - Downloading http://maven.vie.sst.stp/content/groups/approved/org/slf4j/jul-to-slf4j/2.0.13/jul-to-slf4j-2.0.13.pom
2024-10-04 11:28:13,825 [Worker-6: Building] INFO  o.e.m.c.i.e.AbstractTransferListenerAdapter - Downloaded http://maven.vie.sst.stp/content/groups/approved/org/slf4j/jul-to-slf4j/2.0.13/jul-to-slf4j-2.0.13.pom
2024-10-04 11:28:13,996 [Worker-6: Building] INFO  o.e.m.c.i.e.AbstractTransferListenerAdapter - Downloading http://maven.vie.sst.stp/content/groups/approved/jakarta/annotation/jakarta.annotation-api/2.1.1/jakarta.annotation-api-2.1.1.pom
2024-10-04 11:28:14,401 [Worker-6: Building] INFO  o.e.m.c.i.e.AbstractTransferListenerAdapter - Downloaded http://maven.vie.sst.stp/content/groups/approved/jakarta/annotation/jakarta.annotation-api/2.1.1/jakarta.annotation-api-2.1.1.pom
2024-10-04 11:28:14,570 [Worker-6: Building] INFO  o.e.m.c.i.e.AbstractTransferListenerAdapter - Downloading http://maven.vie.sst.stp/content/groups/approved/org/yaml/snakeyaml/2.2/snakeyaml-2.2.pom
2024-10-04 11:28:14,740 [Worker-6: Building] INFO  o.e.m.c.i.e.AbstractTransferListenerAdapter - Downloaded http://maven.vie.sst.stp/content/groups/approved/org/yaml/snakeyaml/2.2/snakeyaml-2.2.pom
2024-10-04 11:28:14,911 [Worker-6: Building] INFO  o.e.m.c.i.e.AbstractTransferListenerAdapter - Downloading http://maven.vie.sst.stp/content/groups/approved/org/aspectj/aspectjweaver/1.9.22.1/aspectjweaver-1.9.22.1.pom
2024-10-04 11:28:15,158 [Worker-6: Building] INFO  o.e.m.c.i.e.AbstractTransferListenerAdapter - Downloaded http://maven.vie.sst.stp/content/groups/approved/org/aspectj/aspectjweaver/1.9.22.1/aspectjweaver-1.9.22.1.pom
2024-10-04 11:28:15,416 [Worker-6: Building] INFO  o.e.m.c.i.e.AbstractTransferListenerAdapter - Downloading http://maven.vie.sst.stp/content/groups/approved/org/springframework/boot/spring-boot-starter-jdbc/3.2.8/spring-boot-starter-jdbc-3.2.8.pom
2024-10-04 11:28:15,666 [Worker-6: Building] INFO  o.e.m.c.i.e.AbstractTransferListenerAdapter - Downloaded http://maven.vie.sst.stp/content/groups/approved/org/springframework/boot/spring-boot-starter-jdbc/3.2.8/spring-boot-starter-jdbc-3.2.8.pom
2024-10-04 11:28:15,925 [Worker-6: Building] INFO  o.e.m.c.i.e.AbstractTransferListenerAdapter - Downloading http://maven.vie.sst.stp/content/groups/approved/com/zaxxer/HikariCP/5.0.1/HikariCP-5.0.1.pom
2024-10-04 11:28:16,185 [Worker-6: Building] INFO  o.e.m.c.i.e.AbstractTransferListenerAdapter - Downloaded http://maven.vie.sst.stp/content/groups/approved/com/zaxxer/HikariCP/5.0.1/HikariCP-5.0.1.pom
2024-10-04 11:28:16,450 [Worker-6: Building] INFO  o.e.m.c.i.e.AbstractTransferListenerAdapter - Downloading http://maven.vie.sst.stp/content/groups/approved/org/springframework/spring-jdbc/6.1.11/spring-jdbc-6.1.11.pom
2024-10-04 11:28:16,702 [Worker-6: Building] INFO  o.e.m.c.i.e.AbstractTransferListenerAdapter - Downloaded http://maven.vie.sst.stp/content/groups/approved/org/springframework/spring-jdbc/6.1.11/spring-jdbc-6.1.11.pom
2024-10-04 11:28:16,963 [Worker-6: Building] INFO  o.e.m.c.i.e.AbstractTransferListenerAdapter - Downloading http://maven.vie.sst.stp/content/groups/approved/org/springframework/spring-tx/6.1.11/spring-tx-6.1.11.pom
2024-10-04 11:28:17,227 [Worker-6: Building] INFO  o.e.m.c.i.e.AbstractTransferListenerAdapter - Downloaded http://maven.vie.sst.stp/content/groups/approved/org/springframework/spring-tx/6.1.11/spring-tx-6.1.11.pom
2024-10-04 11:28:17,489 [Worker-6: Building] INFO  o.e.m.c.i.e.AbstractTransferListenerAdapter - Downloading http://maven.vie.sst.stp/content/groups/approved/org/hibernate/orm/hibernate-core/6.4.9.Final/hibernate-core-6.4.9.Final.pom
2024-10-04 11:28:17,745 [Worker-6: Building] INFO  o.e.m.c.i.e.AbstractTransferListenerAdapter - Downloaded http://maven.vie.sst.stp/content/groups/approved/org/hibernate/orm/hibernate-core/6.4.9.Final/hibernate-core-6.4.9.Final.pom
2024-10-04 11:28:17,916 [Worker-6: Building] INFO  o.e.m.c.i.e.AbstractTransferListenerAdapter - Downloading http://maven.vie.sst.stp/content/groups/approved/jakarta/persistence/jakarta.persistence-api/3.1.0/jakarta.persistence-api-3.1.0.pom
2024-10-04 11:28:18,088 [Worker-6: Building] INFO  o.e.m.c.i.e.AbstractTransferListenerAdapter - Downloaded http://maven.vie.sst.stp/content/groups/approved/jakarta/persistence/jakarta.persistence-api/3.1.0/jakarta.persistence-api-3.1.0.pom
2024-10-04 11:28:18,258 [Worker-6: Building] INFO  o.e.m.c.i.e.AbstractTransferListenerAdapter - Downloading http://maven.vie.sst.stp/content/groups/approved/jakarta/transaction/jakarta.transaction-api/2.0.1/jakarta.transaction-api-2.0.1.pom
2024-10-04 11:28:18,424 [Worker-6: Building] INFO  o.e.m.c.i.e.AbstractTransferListenerAdapter - Downloaded http://maven.vie.sst.stp/content/groups/approved/jakarta/transaction/jakarta.transaction-api/2.0.1/jakarta.transaction-api-2.0.1.pom
2024-10-04 11:28:18,590 [Worker-6: Building] INFO  o.e.m.c.i.e.AbstractTransferListenerAdapter - Downloading http://maven.vie.sst.stp/content/groups/approved/org/eclipse/ee4j/project/1.0.6/project-1.0.6.pom
2024-10-04 11:28:18,760 [Worker-6: Building] INFO  o.e.m.c.i.e.AbstractTransferListenerAdapter - Downloaded http://maven.vie.sst.stp/content/groups/approved/org/eclipse/ee4j/project/1.0.6/project-1.0.6.pom
2024-10-04 11:28:18,930 [Worker-6: Building] INFO  o.e.m.c.i.e.AbstractTransferListenerAdapter - Downloading http://maven.vie.sst.stp/content/groups/approved/org/jboss/logging/jboss-logging/3.5.3.Final/jboss-logging-3.5.3.Final.pom
2024-10-04 11:28:19,183 [Worker-6: Building] INFO  o.e.m.c.i.e.AbstractTransferListenerAdapter - Downloaded http://maven.vie.sst.stp/content/groups/approved/org/jboss/logging/jboss-logging/3.5.3.Final/jboss-logging-3.5.3.Final.pom
2024-10-04 11:28:19,512 [Worker-6: Building] INFO  o.e.m.c.i.e.AbstractTransferListenerAdapter - Downloading http://maven.vie.sst.stp/content/groups/approved/org/jboss/logging/logging-parent/1.0.1.Final/logging-parent-1.0.1.Final.pom
2024-10-04 11:28:19,763 [Worker-6: Building] INFO  o.e.m.c.i.e.AbstractTransferListenerAdapter - Downloaded http://maven.vie.sst.stp/content/groups/approved/org/jboss/logging/logging-parent/1.0.1.Final/logging-parent-1.0.1.Final.pom
2024-10-04 11:28:19,932 [Worker-6: Building] INFO  o.e.m.c.i.e.AbstractTransferListenerAdapter - Downloading http://maven.vie.sst.stp/content/groups/approved/org/junit/junit-bom/5.9.3/junit-bom-5.9.3.pom
2024-10-04 11:28:20,178 [Worker-6: Building] INFO  o.e.m.c.i.e.AbstractTransferListenerAdapter - Downloaded http://maven.vie.sst.stp/content/groups/approved/org/junit/junit-bom/5.9.3/junit-bom-5.9.3.pom
2024-10-04 11:28:20,348 [Worker-6: Building] INFO  o.e.m.c.i.e.AbstractTransferListenerAdapter - Downloading http://maven.vie.sst.stp/content/groups/approved/org/hibernate/common/hibernate-commons-annotations/6.0.6.Final/hibernate-commons-annotations-6.0.6.Final.pom
2024-10-04 11:28:20,513 [Worker-6: Building] INFO  o.e.m.c.i.e.AbstractTransferListenerAdapter - Downloaded http://maven.vie.sst.stp/content/groups/approved/org/hibernate/common/hibernate-commons-annotations/6.0.6.Final/hibernate-commons-annotations-6.0.6.Final.pom
2024-10-04 11:28:20,694 [Worker-6: Building] INFO  o.e.m.c.i.e.AbstractTransferListenerAdapter - Downloading http://maven.vie.sst.stp/content/groups/approved/io/smallrye/jandex/3.1.2/jandex-3.1.2.pom
2024-10-04 11:28:20,950 [Worker-6: Building] INFO  o.e.m.c.i.e.AbstractTransferListenerAdapter - Downloaded http://maven.vie.sst.stp/content/groups/approved/io/smallrye/jandex/3.1.2/jandex-3.1.2.pom
2024-10-04 11:28:21,118 [Worker-6: Building] INFO  o.e.m.c.i.e.AbstractTransferListenerAdapter - Downloading http://maven.vie.sst.stp/content/groups/approved/io/smallrye/jandex-parent/3.1.2/jandex-parent-3.1.2.pom
2024-10-04 11:28:21,365 [Worker-6: Building] INFO  o.e.m.c.i.e.AbstractTransferListenerAdapter - Downloaded http://maven.vie.sst.stp/content/groups/approved/io/smallrye/jandex-parent/3.1.2/jandex-parent-3.1.2.pom
2024-10-04 11:28:21,611 [Worker-6: Building] INFO  o.e.m.c.i.e.AbstractTransferListenerAdapter - Downloading http://maven.vie.sst.stp/content/groups/approved/io/smallrye/smallrye-build-parent/39/smallrye-build-parent-39.pom
2024-10-04 11:28:22,022 [Worker-6: Building] INFO  o.e.m.c.i.e.AbstractTransferListenerAdapter - Downloaded http://maven.vie.sst.stp/content/groups/approved/io/smallrye/smallrye-build-parent/39/smallrye-build-parent-39.pom
2024-10-04 11:28:22,280 [Worker-6: Building] INFO  o.e.m.c.i.e.AbstractTransferListenerAdapter - Downloading http://maven.vie.sst.stp/content/groups/approved/com/fasterxml/classmate/1.6.0/classmate-1.6.0.pom
2024-10-04 11:28:22,538 [Worker-6: Building] INFO  o.e.m.c.i.e.AbstractTransferListenerAdapter - Downloaded http://maven.vie.sst.stp/content/groups/approved/com/fasterxml/classmate/1.6.0/classmate-1.6.0.pom
2024-10-04 11:28:22,793 [Worker-6: Building] INFO  o.e.m.c.i.e.AbstractTransferListenerAdapter - Downloading http://maven.vie.sst.stp/content/groups/approved/com/fasterxml/oss-parent/55/oss-parent-55.pom
2024-10-04 11:28:23,047 [Worker-6: Building] INFO  o.e.m.c.i.e.AbstractTransferListenerAdapter - Downloaded http://maven.vie.sst.stp/content/groups/approved/com/fasterxml/oss-parent/55/oss-parent-55.pom
2024-10-04 11:28:23,311 [Worker-6: Building] INFO  o.e.m.c.i.e.AbstractTransferListenerAdapter - Downloading http://maven.vie.sst.stp/content/groups/approved/net/bytebuddy/byte-buddy/1.14.18/byte-buddy-1.14.18.pom
2024-10-04 11:28:23,573 [Worker-6: Building] INFO  o.e.m.c.i.e.AbstractTransferListenerAdapter - Downloaded http://maven.vie.sst.stp/content/groups/approved/net/bytebuddy/byte-buddy/1.14.18/byte-buddy-1.14.18.pom
2024-10-04 11:28:23,833 [Worker-6: Building] INFO  o.e.m.c.i.e.AbstractTransferListenerAdapter - Downloading http://maven.vie.sst.stp/content/groups/approved/net/bytebuddy/byte-buddy-parent/1.14.18/byte-buddy-parent-1.14.18.pom
2024-10-04 11:28:24,242 [Worker-6: Building] INFO  o.e.m.c.i.e.AbstractTransferListenerAdapter - Downloaded http://maven.vie.sst.stp/content/groups/approved/net/bytebuddy/byte-buddy-parent/1.14.18/byte-buddy-parent-1.14.18.pom
2024-10-04 11:28:24,414 [Worker-6: Building] INFO  o.e.m.c.i.e.AbstractTransferListenerAdapter - Downloading http://maven.vie.sst.stp/content/groups/approved/jakarta/xml/bind/jakarta.xml.bind-api/4.0.2/jakarta.xml.bind-api-4.0.2.pom
2024-10-04 11:28:24,587 [Worker-6: Building] INFO  o.e.m.c.i.e.AbstractTransferListenerAdapter - Downloaded http://maven.vie.sst.stp/content/groups/approved/jakarta/xml/bind/jakarta.xml.bind-api/4.0.2/jakarta.xml.bind-api-4.0.2.pom
2024-10-04 11:28:24,759 [Worker-6: Building] INFO  o.e.m.c.i.e.AbstractTransferListenerAdapter - Downloading http://maven.vie.sst.stp/content/groups/approved/jakarta/xml/bind/jakarta.xml.bind-api-parent/4.0.2/jakarta.xml.bind-api-parent-4.0.2.pom
2024-10-04 11:28:24,935 [Worker-6: Building] INFO  o.e.m.c.i.e.AbstractTransferListenerAdapter - Downloaded http://maven.vie.sst.stp/content/groups/approved/jakarta/xml/bind/jakarta.xml.bind-api-parent/4.0.2/jakarta.xml.bind-api-parent-4.0.2.pom
2024-10-04 11:28:25,115 [Worker-6: Building] INFO  o.e.m.c.i.e.AbstractTransferListenerAdapter - Downloading http://maven.vie.sst.stp/content/groups/approved/jakarta/activation/jakarta.activation-api/2.1.3/jakarta.activation-api-2.1.3.pom
2024-10-04 11:28:25,372 [Worker-6: Building] INFO  o.e.m.c.i.e.AbstractTransferListenerAdapter - Downloaded http://maven.vie.sst.stp/content/groups/approved/jakarta/activation/jakarta.activation-api/2.1.3/jakarta.activation-api-2.1.3.pom
2024-10-04 11:28:25,543 [Worker-6: Building] INFO  o.e.m.c.i.e.AbstractTransferListenerAdapter - Downloading http://maven.vie.sst.stp/content/groups/approved/org/glassfish/jaxb/jaxb-runtime/4.0.5/jaxb-runtime-4.0.5.pom
2024-10-04 11:28:25,795 [Worker-6: Building] INFO  o.e.m.c.i.e.AbstractTransferListenerAdapter - Downloaded http://maven.vie.sst.stp/content/groups/approved/org/glassfish/jaxb/jaxb-runtime/4.0.5/jaxb-runtime-4.0.5.pom
2024-10-04 11:28:25,973 [Worker-6: Building] INFO  o.e.m.c.i.e.AbstractTransferListenerAdapter - Downloading http://maven.vie.sst.stp/content/groups/approved/com/sun/xml/bind/mvn/jaxb-runtime-parent/4.0.5/jaxb-runtime-parent-4.0.5.pom
2024-10-04 11:28:26,143 [Worker-6: Building] INFO  o.e.m.c.i.e.AbstractTransferListenerAdapter - Downloaded http://maven.vie.sst.stp/content/groups/approved/com/sun/xml/bind/mvn/jaxb-runtime-parent/4.0.5/jaxb-runtime-parent-4.0.5.pom
2024-10-04 11:28:26,308 [Worker-6: Building] INFO  o.e.m.c.i.e.AbstractTransferListenerAdapter - Downloading http://maven.vie.sst.stp/content/groups/approved/com/sun/xml/bind/mvn/jaxb-parent/4.0.5/jaxb-parent-4.0.5.pom
2024-10-04 11:28:26,483 [Worker-6: Building] INFO  o.e.m.c.i.e.AbstractTransferListenerAdapter - Downloaded http://maven.vie.sst.stp/content/groups/approved/com/sun/xml/bind/mvn/jaxb-parent/4.0.5/jaxb-parent-4.0.5.pom
2024-10-04 11:28:26,653 [Worker-6: Building] INFO  o.e.m.c.i.e.AbstractTransferListenerAdapter - Downloading http://maven.vie.sst.stp/content/groups/approved/com/sun/xml/bind/jaxb-bom-ext/4.0.5/jaxb-bom-ext-4.0.5.pom
2024-10-04 11:28:26,822 [Worker-6: Building] INFO  o.e.m.c.i.e.AbstractTransferListenerAdapter - Downloaded http://maven.vie.sst.stp/content/groups/approved/com/sun/xml/bind/jaxb-bom-ext/4.0.5/jaxb-bom-ext-4.0.5.pom
2024-10-04 11:28:26,996 [Worker-6: Building] INFO  o.e.m.c.i.e.AbstractTransferListenerAdapter - Downloading http://maven.vie.sst.stp/content/groups/approved/org/glassfish/jaxb/jaxb-core/4.0.5/jaxb-core-4.0.5.pom
2024-10-04 11:28:27,241 [Worker-6: Building] INFO  o.e.m.c.i.e.AbstractTransferListenerAdapter - Downloaded http://maven.vie.sst.stp/content/groups/approved/org/glassfish/jaxb/jaxb-core/4.0.5/jaxb-core-4.0.5.pom
2024-10-04 11:28:27,495 [Worker-6: Building] INFO  o.e.m.c.i.e.AbstractTransferListenerAdapter - Downloading http://maven.vie.sst.stp/content/groups/approved/org/eclipse/angus/angus-activation/2.0.2/angus-activation-2.0.2.pom
2024-10-04 11:28:27,741 [Worker-6: Building] INFO  o.e.m.c.i.e.AbstractTransferListenerAdapter - Downloaded http://maven.vie.sst.stp/content/groups/approved/org/eclipse/angus/angus-activation/2.0.2/angus-activation-2.0.2.pom
2024-10-04 11:28:27,917 [Worker-6: Building] INFO  o.e.m.c.i.e.AbstractTransferListenerAdapter - Downloading http://maven.vie.sst.stp/content/groups/approved/org/eclipse/angus/angus-activation-project/2.0.2/angus-activation-project-2.0.2.pom
2024-10-04 11:28:28,083 [Worker-6: Building] INFO  o.e.m.c.i.e.AbstractTransferListenerAdapter - Downloaded http://maven.vie.sst.stp/content/groups/approved/org/eclipse/angus/angus-activation-project/2.0.2/angus-activation-project-2.0.2.pom
2024-10-04 11:28:28,251 [Worker-6: Building] INFO  o.e.m.c.i.e.AbstractTransferListenerAdapter - Downloading http://maven.vie.sst.stp/content/groups/approved/org/glassfish/jaxb/txw2/4.0.5/txw2-4.0.5.pom
2024-10-04 11:28:28,530 [Worker-6: Building] INFO  o.e.m.c.i.e.AbstractTransferListenerAdapter - Downloaded http://maven.vie.sst.stp/content/groups/approved/org/glassfish/jaxb/txw2/4.0.5/txw2-4.0.5.pom
2024-10-04 11:28:28,697 [Worker-6: Building] INFO  o.e.m.c.i.e.AbstractTransferListenerAdapter - Downloading http://maven.vie.sst.stp/content/groups/approved/com/sun/xml/bind/mvn/jaxb-txw-parent/4.0.5/jaxb-txw-parent-4.0.5.pom
2024-10-04 11:28:28,861 [Worker-6: Building] INFO  o.e.m.c.i.e.AbstractTransferListenerAdapter - Downloaded http://maven.vie.sst.stp/content/groups/approved/com/sun/xml/bind/mvn/jaxb-txw-parent/4.0.5/jaxb-txw-parent-4.0.5.pom
2024-10-04 11:28:29,033 [Worker-6: Building] INFO  o.e.m.c.i.e.AbstractTransferListenerAdapter - Downloading http://maven.vie.sst.stp/content/groups/approved/com/sun/istack/istack-commons-runtime/4.1.2/istack-commons-runtime-4.1.2.pom
2024-10-04 11:28:29,292 [Worker-6: Building] INFO  o.e.m.c.i.e.AbstractTransferListenerAdapter - Downloaded http://maven.vie.sst.stp/content/groups/approved/com/sun/istack/istack-commons-runtime/4.1.2/istack-commons-runtime-4.1.2.pom
2024-10-04 11:28:29,465 [Worker-6: Building] INFO  o.e.m.c.i.e.AbstractTransferListenerAdapter - Downloading http://maven.vie.sst.stp/content/groups/approved/com/sun/istack/istack-commons/4.1.2/istack-commons-4.1.2.pom
2024-10-04 11:28:29,721 [Worker-6: Building] INFO  o.e.m.c.i.e.AbstractTransferListenerAdapter - Downloaded http://maven.vie.sst.stp/content/groups/approved/com/sun/istack/istack-commons/4.1.2/istack-commons-4.1.2.pom
2024-10-04 11:28:29,975 [Worker-6: Building] INFO  o.e.m.c.i.e.AbstractTransferListenerAdapter - Downloading http://maven.vie.sst.stp/content/groups/approved/jakarta/inject/jakarta.inject-api/2.0.1/jakarta.inject-api-2.0.1.pom
2024-10-04 11:28:30,224 [Worker-6: Building] INFO  o.e.m.c.i.e.AbstractTransferListenerAdapter - Downloaded http://maven.vie.sst.stp/content/groups/approved/jakarta/inject/jakarta.inject-api/2.0.1/jakarta.inject-api-2.0.1.pom
2024-10-04 11:28:30,393 [Worker-6: Building] INFO  o.e.m.c.i.e.AbstractTransferListenerAdapter - Downloading http://maven.vie.sst.stp/content/groups/approved/org/antlr/antlr4-runtime/4.13.0/antlr4-runtime-4.13.0.pom
2024-10-04 11:28:30,639 [Worker-6: Building] INFO  o.e.m.c.i.e.AbstractTransferListenerAdapter - Downloaded http://maven.vie.sst.stp/content/groups/approved/org/antlr/antlr4-runtime/4.13.0/antlr4-runtime-4.13.0.pom
2024-10-04 11:28:30,816 [Worker-6: Building] INFO  o.e.m.c.i.e.AbstractTransferListenerAdapter - Downloading http://maven.vie.sst.stp/content/groups/approved/org/antlr/antlr4-master/4.13.0/antlr4-master-4.13.0.pom
2024-10-04 11:28:31,065 [Worker-6: Building] INFO  o.e.m.c.i.e.AbstractTransferListenerAdapter - Downloaded http://maven.vie.sst.stp/content/groups/approved/org/antlr/antlr4-master/4.13.0/antlr4-master-4.13.0.pom
2024-10-04 11:28:31,323 [Worker-6: Building] INFO  o.e.m.c.i.e.AbstractTransferListenerAdapter - Downloading http://maven.vie.sst.stp/content/groups/approved/org/springframework/data/spring-data-jpa/3.2.8/spring-data-jpa-3.2.8.pom
2024-10-04 11:28:31,572 [Worker-6: Building] INFO  o.e.m.c.i.e.AbstractTransferListenerAdapter - Downloaded http://maven.vie.sst.stp/content/groups/approved/org/springframework/data/spring-data-jpa/3.2.8/spring-data-jpa-3.2.8.pom
2024-10-04 11:28:31,834 [Worker-6: Building] INFO  o.e.m.c.i.e.AbstractTransferListenerAdapter - Downloading http://maven.vie.sst.stp/content/groups/approved/org/springframework/data/spring-data-jpa-parent/3.2.8/spring-data-jpa-parent-3.2.8.pom
2024-10-04 11:28:32,083 [Worker-6: Building] INFO  o.e.m.c.i.e.AbstractTransferListenerAdapter - Downloaded http://maven.vie.sst.stp/content/groups/approved/org/springframework/data/spring-data-jpa-parent/3.2.8/spring-data-jpa-parent-3.2.8.pom
2024-10-04 11:28:32,346 [Worker-6: Building] INFO  o.e.m.c.i.e.AbstractTransferListenerAdapter - Downloading http://maven.vie.sst.stp/content/groups/approved/org/springframework/data/build/spring-data-parent/3.2.8/spring-data-parent-3.2.8.pom
2024-10-04 11:28:32,595 [Worker-6: Building] INFO  o.e.m.c.i.e.AbstractTransferListenerAdapter - Downloaded http://maven.vie.sst.stp/content/groups/approved/org/springframework/data/build/spring-data-parent/3.2.8/spring-data-parent-3.2.8.pom
2024-10-04 11:28:32,876 [Worker-6: Building] INFO  o.e.m.c.i.e.AbstractTransferListenerAdapter - Downloading http://maven.vie.sst.stp/content/groups/approved/org/springframework/data/build/spring-data-build/3.2.8/spring-data-build-3.2.8.pom
2024-10-04 11:28:33,125 [Worker-6: Building] INFO  o.e.m.c.i.e.AbstractTransferListenerAdapter - Downloaded http://maven.vie.sst.stp/content/groups/approved/org/springframework/data/build/spring-data-build/3.2.8/spring-data-build-3.2.8.pom
2024-10-04 11:28:33,375 [Worker-6: Building] INFO  o.e.m.c.i.e.AbstractTransferListenerAdapter - Downloading http://maven.vie.sst.stp/content/groups/approved/io/projectreactor/reactor-bom/2023.0.7/reactor-bom-2023.0.7.pom
2024-10-04 11:28:33,539 [Worker-6: Building] INFO  o.e.m.c.i.e.AbstractTransferListenerAdapter - Downloaded http://maven.vie.sst.stp/content/groups/approved/io/projectreactor/reactor-bom/2023.0.7/reactor-bom-2023.0.7.pom
2024-10-04 11:28:33,799 [Worker-6: Building] INFO  o.e.m.c.i.e.AbstractTransferListenerAdapter - Downloading http://maven.vie.sst.stp/content/groups/approved/org/springframework/spring-framework-bom/6.1.9/spring-framework-bom-6.1.9.pom
2024-10-04 11:28:34,047 [Worker-6: Building] INFO  o.e.m.c.i.e.AbstractTransferListenerAdapter - Downloaded http://maven.vie.sst.stp/content/groups/approved/org/springframework/spring-framework-bom/6.1.9/spring-framework-bom-6.1.9.pom
2024-10-04 11:28:34,310 [Worker-6: Building] INFO  o.e.m.c.i.e.AbstractTransferListenerAdapter - Downloading http://maven.vie.sst.stp/content/groups/approved/org/springframework/data/spring-data-commons/3.2.8/spring-data-commons-3.2.8.pom
2024-10-04 11:28:34,562 [Worker-6: Building] INFO  o.e.m.c.i.e.AbstractTransferListenerAdapter - Downloaded http://maven.vie.sst.stp/content/groups/approved/org/springframework/data/spring-data-commons/3.2.8/spring-data-commons-3.2.8.pom
2024-10-04 11:28:34,822 [Worker-6: Building] INFO  o.e.m.c.i.e.AbstractTransferListenerAdapter - Downloading http://maven.vie.sst.stp/content/groups/approved/org/springframework/spring-orm/6.1.11/spring-orm-6.1.11.pom
2024-10-04 11:28:35,071 [Worker-6: Building] INFO  o.e.m.c.i.e.AbstractTransferListenerAdapter - Downloaded http://maven.vie.sst.stp/content/groups/approved/org/springframework/spring-orm/6.1.11/spring-orm-6.1.11.pom
2024-10-04 11:28:35,330 [Worker-6: Building] INFO  o.e.m.c.i.e.AbstractTransferListenerAdapter - Downloading http://maven.vie.sst.stp/content/groups/approved/org/springframework/spring-aspects/6.1.11/spring-aspects-6.1.11.pom
2024-10-04 11:28:35,579 [Worker-6: Building] INFO  o.e.m.c.i.e.AbstractTransferListenerAdapter - Downloaded http://maven.vie.sst.stp/content/groups/approved/org/springframework/spring-aspects/6.1.11/spring-aspects-6.1.11.pom
2024-10-04 11:28:35,841 [Worker-6: Building] INFO  o.e.m.c.i.e.AbstractTransferListenerAdapter - Downloading http://maven.vie.sst.stp/content/groups/approved/org/springframework/boot/spring-boot-starter-web/3.2.8/spring-boot-starter-web-3.2.8.pom
2024-10-04 11:28:36,090 [Worker-6: Building] INFO  o.e.m.c.i.e.AbstractTransferListenerAdapter - Downloaded http://maven.vie.sst.stp/content/groups/approved/org/springframework/boot/spring-boot-starter-web/3.2.8/spring-boot-starter-web-3.2.8.pom
2024-10-04 11:28:36,351 [Worker-6: Building] INFO  o.e.m.c.i.e.AbstractTransferListenerAdapter - Downloading http://maven.vie.sst.stp/content/groups/approved/org/springframework/boot/spring-boot-starter-json/3.2.8/spring-boot-starter-json-3.2.8.pom
2024-10-04 11:28:36,599 [Worker-6: Building] INFO  o.e.m.c.i.e.AbstractTransferListenerAdapter - Downloaded http://maven.vie.sst.stp/content/groups/approved/org/springframework/boot/spring-boot-starter-json/3.2.8/spring-boot-starter-json-3.2.8.pom
2024-10-04 11:28:36,859 [Worker-6: Building] INFO  o.e.m.c.i.e.AbstractTransferListenerAdapter - Downloading http://maven.vie.sst.stp/content/groups/approved/org/springframework/spring-web/6.1.11/spring-web-6.1.11.pom
2024-10-04 11:28:37,106 [Worker-6: Building] INFO  o.e.m.c.i.e.AbstractTransferListenerAdapter - Downloaded http://maven.vie.sst.stp/content/groups/approved/org/springframework/spring-web/6.1.11/spring-web-6.1.11.pom
2024-10-04 11:28:37,370 [Worker-6: Building] INFO  o.e.m.c.i.e.AbstractTransferListenerAdapter - Downloading http://maven.vie.sst.stp/content/groups/approved/com/fasterxml/jackson/core/jackson-databind/2.15.4/jackson-databind-2.15.4.pom
2024-10-04 11:28:37,776 [Worker-6: Building] INFO  o.e.m.c.i.e.AbstractTransferListenerAdapter - Downloaded http://maven.vie.sst.stp/content/groups/approved/com/fasterxml/jackson/core/jackson-databind/2.15.4/jackson-databind-2.15.4.pom
2024-10-04 11:28:38,191 [Worker-6: Building] INFO  o.e.m.c.i.e.AbstractTransferListenerAdapter - Downloading http://maven.vie.sst.stp/content/groups/approved/com/fasterxml/jackson/jackson-base/2.15.4/jackson-base-2.15.4.pom
2024-10-04 11:28:38,442 [Worker-6: Building] INFO  o.e.m.c.i.e.AbstractTransferListenerAdapter - Downloaded http://maven.vie.sst.stp/content/groups/approved/com/fasterxml/jackson/jackson-base/2.15.4/jackson-base-2.15.4.pom
2024-10-04 11:28:38,630 [Worker-6: Building] INFO  o.e.m.c.i.e.AbstractTransferListenerAdapter - Downloading http://maven.vie.sst.stp/content/groups/approved/org/junit/junit-bom/5.9.2/junit-bom-5.9.2.pom
2024-10-04 11:28:38,796 [Worker-6: Building] INFO  o.e.m.c.i.e.AbstractTransferListenerAdapter - Downloaded http://maven.vie.sst.stp/content/groups/approved/org/junit/junit-bom/5.9.2/junit-bom-5.9.2.pom
2024-10-04 11:28:39,055 [Worker-6: Building] INFO  o.e.m.c.i.e.AbstractTransferListenerAdapter - Downloading http://maven.vie.sst.stp/content/groups/approved/com/fasterxml/jackson/core/jackson-annotations/2.15.4/jackson-annotations-2.15.4.pom
2024-10-04 11:28:39,303 [Worker-6: Building] INFO  o.e.m.c.i.e.AbstractTransferListenerAdapter - Downloaded http://maven.vie.sst.stp/content/groups/approved/com/fasterxml/jackson/core/jackson-annotations/2.15.4/jackson-annotations-2.15.4.pom
2024-10-04 11:28:39,562 [Worker-6: Building] INFO  o.e.m.c.i.e.AbstractTransferListenerAdapter - Downloading http://maven.vie.sst.stp/content/groups/approved/com/fasterxml/jackson/core/jackson-core/2.15.4/jackson-core-2.15.4.pom
2024-10-04 11:28:39,815 [Worker-6: Building] INFO  o.e.m.c.i.e.AbstractTransferListenerAdapter - Downloaded http://maven.vie.sst.stp/content/groups/approved/com/fasterxml/jackson/core/jackson-core/2.15.4/jackson-core-2.15.4.pom
2024-10-04 11:28:40,076 [Worker-6: Building] INFO  o.e.m.c.i.e.AbstractTransferListenerAdapter - Downloading http://maven.vie.sst.stp/content/groups/approved/com/fasterxml/jackson/datatype/jackson-datatype-jdk8/2.15.4/jackson-datatype-jdk8-2.15.4.pom
2024-10-04 11:28:40,325 [Worker-6: Building] INFO  o.e.m.c.i.e.AbstractTransferListenerAdapter - Downloaded http://maven.vie.sst.stp/content/groups/approved/com/fasterxml/jackson/datatype/jackson-datatype-jdk8/2.15.4/jackson-datatype-jdk8-2.15.4.pom
2024-10-04 11:28:40,585 [Worker-6: Building] INFO  o.e.m.c.i.e.AbstractTransferListenerAdapter - Downloading http://maven.vie.sst.stp/content/groups/approved/com/fasterxml/jackson/module/jackson-modules-java8/2.15.4/jackson-modules-java8-2.15.4.pom
2024-10-04 11:28:40,834 [Worker-6: Building] INFO  o.e.m.c.i.e.AbstractTransferListenerAdapter - Downloaded http://maven.vie.sst.stp/content/groups/approved/com/fasterxml/jackson/module/jackson-modules-java8/2.15.4/jackson-modules-java8-2.15.4.pom
2024-10-04 11:28:41,096 [Worker-6: Building] INFO  o.e.m.c.i.e.AbstractTransferListenerAdapter - Downloading http://maven.vie.sst.stp/content/groups/approved/com/fasterxml/jackson/datatype/jackson-datatype-jsr310/2.15.4/jackson-datatype-jsr310-2.15.4.pom
2024-10-04 11:28:41,350 [Worker-6: Building] INFO  o.e.m.c.i.e.AbstractTransferListenerAdapter - Downloaded http://maven.vie.sst.stp/content/groups/approved/com/fasterxml/jackson/datatype/jackson-datatype-jsr310/2.15.4/jackson-datatype-jsr310-2.15.4.pom
2024-10-04 11:28:41,611 [Worker-6: Building] INFO  o.e.m.c.i.e.AbstractTransferListenerAdapter - Downloading http://maven.vie.sst.stp/content/groups/approved/com/fasterxml/jackson/module/jackson-module-parameter-names/2.15.4/jackson-module-parameter-names-2.15.4.pom
2024-10-04 11:28:41,858 [Worker-6: Building] INFO  o.e.m.c.i.e.AbstractTransferListenerAdapter - Downloaded http://maven.vie.sst.stp/content/groups/approved/com/fasterxml/jackson/module/jackson-module-parameter-names/2.15.4/jackson-module-parameter-names-2.15.4.pom
2024-10-04 11:28:42,119 [Worker-6: Building] INFO  o.e.m.c.i.e.AbstractTransferListenerAdapter - Downloading http://maven.vie.sst.stp/content/groups/approved/org/springframework/boot/spring-boot-starter-tomcat/3.2.8/spring-boot-starter-tomcat-3.2.8.pom
2024-10-04 11:28:42,367 [Worker-6: Building] INFO  o.e.m.c.i.e.AbstractTransferListenerAdapter - Downloaded http://maven.vie.sst.stp/content/groups/approved/org/springframework/boot/spring-boot-starter-tomcat/3.2.8/spring-boot-starter-tomcat-3.2.8.pom
2024-10-04 11:28:42,552 [Worker-6: Building] INFO  o.e.m.c.i.e.AbstractTransferListenerAdapter - Downloading http://maven.vie.sst.stp/content/groups/approved/org/apache/tomcat/embed/tomcat-embed-core/10.1.26/tomcat-embed-core-10.1.26.pom
2024-10-04 11:28:42,718 [Worker-6: Building] INFO  o.e.m.c.i.e.AbstractTransferListenerAdapter - Downloaded http://maven.vie.sst.stp/content/groups/approved/org/apache/tomcat/embed/tomcat-embed-core/10.1.26/tomcat-embed-core-10.1.26.pom
2024-10-04 11:28:42,900 [Worker-6: Building] INFO  o.e.m.c.i.e.AbstractTransferListenerAdapter - Downloading http://maven.vie.sst.stp/content/groups/approved/org/apache/tomcat/embed/tomcat-embed-el/10.1.26/tomcat-embed-el-10.1.26.pom
2024-10-04 11:28:43,066 [Worker-6: Building] INFO  o.e.m.c.i.e.AbstractTransferListenerAdapter - Downloaded http://maven.vie.sst.stp/content/groups/approved/org/apache/tomcat/embed/tomcat-embed-el/10.1.26/tomcat-embed-el-10.1.26.pom
2024-10-04 11:28:43,244 [Worker-6: Building] INFO  o.e.m.c.i.e.AbstractTransferListenerAdapter - Downloading http://maven.vie.sst.stp/content/groups/approved/org/apache/tomcat/embed/tomcat-embed-websocket/10.1.26/tomcat-embed-websocket-10.1.26.pom
2024-10-04 11:28:43,410 [Worker-6: Building] INFO  o.e.m.c.i.e.AbstractTransferListenerAdapter - Downloaded http://maven.vie.sst.stp/content/groups/approved/org/apache/tomcat/embed/tomcat-embed-websocket/10.1.26/tomcat-embed-websocket-10.1.26.pom
2024-10-04 11:28:43,668 [Worker-6: Building] INFO  o.e.m.c.i.e.AbstractTransferListenerAdapter - Downloading http://maven.vie.sst.stp/content/groups/approved/org/springframework/spring-webmvc/6.1.11/spring-webmvc-6.1.11.pom
2024-10-04 11:28:43,916 [Worker-6: Building] INFO  o.e.m.c.i.e.AbstractTransferListenerAdapter - Downloaded http://maven.vie.sst.stp/content/groups/approved/org/springframework/spring-webmvc/6.1.11/spring-webmvc-6.1.11.pom
2024-10-04 11:28:44,176 [Worker-6: Building] INFO  o.e.m.c.i.e.AbstractTransferListenerAdapter - Downloading http://maven.vie.sst.stp/content/groups/approved/org/springframework/boot/spring-boot-devtools/3.2.8/spring-boot-devtools-3.2.8.pom
2024-10-04 11:28:44,425 [Worker-6: Building] INFO  o.e.m.c.i.e.AbstractTransferListenerAdapter - Downloaded http://maven.vie.sst.stp/content/groups/approved/org/springframework/boot/spring-boot-devtools/3.2.8/spring-boot-devtools-3.2.8.pom
2024-10-04 11:28:44,689 [Worker-6: Building] INFO  o.e.m.c.i.e.AbstractTransferListenerAdapter - Downloading http://maven.vie.sst.stp/content/groups/approved/org/postgresql/postgresql/42.6.2/postgresql-42.6.2.pom
2024-10-04 11:28:44,937 [Worker-6: Building] INFO  o.e.m.c.i.e.AbstractTransferListenerAdapter - Downloaded http://maven.vie.sst.stp/content/groups/approved/org/postgresql/postgresql/42.6.2/postgresql-42.6.2.pom
2024-10-04 11:28:45,195 [Worker-6: Building] INFO  o.e.m.c.i.e.AbstractTransferListenerAdapter - Downloading http://maven.vie.sst.stp/content/groups/approved/org/checkerframework/checker-qual/3.31.0/checker-qual-3.31.0.pom
2024-10-04 11:28:45,442 [Worker-6: Building] INFO  o.e.m.c.i.e.AbstractTransferListenerAdapter - Downloaded http://maven.vie.sst.stp/content/groups/approved/org/checkerframework/checker-qual/3.31.0/checker-qual-3.31.0.pom
2024-10-04 11:28:45,702 [Worker-6: Building] INFO  o.e.m.c.i.e.AbstractTransferListenerAdapter - Downloading http://maven.vie.sst.stp/content/groups/approved/org/springframework/boot/spring-boot-starter-test/3.2.8/spring-boot-starter-test-3.2.8.pom
2024-10-04 11:28:45,951 [Worker-6: Building] INFO  o.e.m.c.i.e.AbstractTransferListenerAdapter - Downloaded http://maven.vie.sst.stp/content/groups/approved/org/springframework/boot/spring-boot-starter-test/3.2.8/spring-boot-starter-test-3.2.8.pom
2024-10-04 11:28:46,212 [Worker-6: Building] INFO  o.e.m.c.i.e.AbstractTransferListenerAdapter - Downloading http://maven.vie.sst.stp/content/groups/approved/org/springframework/boot/spring-boot-test/3.2.8/spring-boot-test-3.2.8.pom
2024-10-04 11:28:46,460 [Worker-6: Building] INFO  o.e.m.c.i.e.AbstractTransferListenerAdapter - Downloaded http://maven.vie.sst.stp/content/groups/approved/org/springframework/boot/spring-boot-test/3.2.8/spring-boot-test-3.2.8.pom
2024-10-04 11:28:46,719 [Worker-6: Building] INFO  o.e.m.c.i.e.AbstractTransferListenerAdapter - Downloading http://maven.vie.sst.stp/content/groups/approved/org/springframework/boot/spring-boot-test-autoconfigure/3.2.8/spring-boot-test-autoconfigure-3.2.8.pom
2024-10-04 11:28:46,968 [Worker-6: Building] INFO  o.e.m.c.i.e.AbstractTransferListenerAdapter - Downloaded http://maven.vie.sst.stp/content/groups/approved/org/springframework/boot/spring-boot-test-autoconfigure/3.2.8/spring-boot-test-autoconfigure-3.2.8.pom
2024-10-04 11:28:47,140 [Worker-6: Building] INFO  o.e.m.c.i.e.AbstractTransferListenerAdapter - Downloading http://maven.vie.sst.stp/content/groups/approved/com/jayway/jsonpath/json-path/2.9.0/json-path-2.9.0.pom
2024-10-04 11:28:47,389 [Worker-6: Building] INFO  o.e.m.c.i.e.AbstractTransferListenerAdapter - Downloaded http://maven.vie.sst.stp/content/groups/approved/com/jayway/jsonpath/json-path/2.9.0/json-path-2.9.0.pom
2024-10-04 11:28:47,559 [Worker-6: Building] INFO  o.e.m.c.i.e.AbstractTransferListenerAdapter - Downloading http://maven.vie.sst.stp/content/groups/approved/net/minidev/json-smart/2.5.1/json-smart-2.5.1.pom
2024-10-04 11:28:47,809 [Worker-6: Building] INFO  o.e.m.c.i.e.AbstractTransferListenerAdapter - Downloaded http://maven.vie.sst.stp/content/groups/approved/net/minidev/json-smart/2.5.1/json-smart-2.5.1.pom
2024-10-04 11:28:47,977 [Worker-6: Building] INFO  o.e.m.c.i.e.AbstractTransferListenerAdapter - Downloading http://maven.vie.sst.stp/content/groups/approved/net/minidev/accessors-smart/2.5.1/accessors-smart-2.5.1.pom
2024-10-04 11:28:48,143 [Worker-6: Building] INFO  o.e.m.c.i.e.AbstractTransferListenerAdapter - Downloaded http://maven.vie.sst.stp/content/groups/approved/net/minidev/accessors-smart/2.5.1/accessors-smart-2.5.1.pom
2024-10-04 11:28:48,392 [Worker-6: Building] INFO  o.e.m.c.i.e.AbstractTransferListenerAdapter - Downloading http://maven.vie.sst.stp/content/groups/approved/org/ow2/asm/asm/9.6/asm-9.6.pom
2024-10-04 11:28:48,637 [Worker-6: Building] INFO  o.e.m.c.i.e.AbstractTransferListenerAdapter - Downloaded http://maven.vie.sst.stp/content/groups/approved/org/ow2/asm/asm/9.6/asm-9.6.pom
2024-10-04 11:28:48,899 [Worker-6: Building] INFO  o.e.m.c.i.e.AbstractTransferListenerAdapter - Downloading http://maven.vie.sst.stp/content/groups/approved/org/assertj/assertj-core/3.24.2/assertj-core-3.24.2.pom
2024-10-04 11:28:49,147 [Worker-6: Building] INFO  o.e.m.c.i.e.AbstractTransferListenerAdapter - Downloaded http://maven.vie.sst.stp/content/groups/approved/org/assertj/assertj-core/3.24.2/assertj-core-3.24.2.pom
2024-10-04 11:28:49,406 [Worker-6: Building] INFO  o.e.m.c.i.e.AbstractTransferListenerAdapter - Downloading http://maven.vie.sst.stp/content/groups/approved/org/assertj/assertj-parent/3.24.2/assertj-parent-3.24.2.pom
2024-10-04 11:28:49,654 [Worker-6: Building] INFO  o.e.m.c.i.e.AbstractTransferListenerAdapter - Downloaded http://maven.vie.sst.stp/content/groups/approved/org/assertj/assertj-parent/3.24.2/assertj-parent-3.24.2.pom
2024-10-04 11:28:49,911 [Worker-6: Building] INFO  o.e.m.c.i.e.AbstractTransferListenerAdapter - Downloading http://maven.vie.sst.stp/content/groups/approved/org/assertj/assertj-build/3.24.2/assertj-build-3.24.2.pom
2024-10-04 11:28:50,160 [Worker-6: Building] INFO  o.e.m.c.i.e.AbstractTransferListenerAdapter - Downloaded http://maven.vie.sst.stp/content/groups/approved/org/assertj/assertj-build/3.24.2/assertj-build-3.24.2.pom
2024-10-04 11:28:50,328 [Worker-6: Building] INFO  o.e.m.c.i.e.AbstractTransferListenerAdapter - Downloading http://maven.vie.sst.stp/content/groups/approved/org/junit/junit-bom/5.9.1/junit-bom-5.9.1.pom
2024-10-04 11:28:50,493 [Worker-6: Building] INFO  o.e.m.c.i.e.AbstractTransferListenerAdapter - Downloaded http://maven.vie.sst.stp/content/groups/approved/org/junit/junit-bom/5.9.1/junit-bom-5.9.1.pom
2024-10-04 11:28:50,759 [Worker-6: Building] INFO  o.e.m.c.i.e.AbstractTransferListenerAdapter - Downloading http://maven.vie.sst.stp/content/groups/approved/org/awaitility/awaitility/4.2.1/awaitility-4.2.1.pom
2024-10-04 11:28:51,006 [Worker-6: Building] INFO  o.e.m.c.i.e.AbstractTransferListenerAdapter - Downloaded http://maven.vie.sst.stp/content/groups/approved/org/awaitility/awaitility/4.2.1/awaitility-4.2.1.pom
2024-10-04 11:28:51,264 [Worker-6: Building] INFO  o.e.m.c.i.e.AbstractTransferListenerAdapter - Downloading http://maven.vie.sst.stp/content/groups/approved/org/awaitility/awaitility-parent/4.2.1/awaitility-parent-4.2.1.pom
2024-10-04 11:28:51,514 [Worker-6: Building] INFO  o.e.m.c.i.e.AbstractTransferListenerAdapter - Downloaded http://maven.vie.sst.stp/content/groups/approved/org/awaitility/awaitility-parent/4.2.1/awaitility-parent-4.2.1.pom
2024-10-04 11:28:51,845 [Worker-6: Building] INFO  o.e.m.c.i.e.AbstractTransferListenerAdapter - Downloading http://maven.vie.sst.stp/content/groups/approved/org/hamcrest/hamcrest/2.2/hamcrest-2.2.pom
2024-10-04 11:28:52,010 [Worker-6: Building] INFO  o.e.m.c.i.e.AbstractTransferListenerAdapter - Downloaded http://maven.vie.sst.stp/content/groups/approved/org/hamcrest/hamcrest/2.2/hamcrest-2.2.pom
2024-10-04 11:28:52,185 [Worker-6: Building] INFO  o.e.m.c.i.e.AbstractTransferListenerAdapter - Downloading http://maven.vie.sst.stp/content/groups/approved/org/junit/jupiter/junit-jupiter/5.10.3/junit-jupiter-5.10.3.pom
2024-10-04 11:28:52,431 [Worker-6: Building] INFO  o.e.m.c.i.e.AbstractTransferListenerAdapter - Downloaded http://maven.vie.sst.stp/content/groups/approved/org/junit/jupiter/junit-jupiter/5.10.3/junit-jupiter-5.10.3.pom
2024-10-04 11:28:52,600 [Worker-6: Building] INFO  o.e.m.c.i.e.AbstractTransferListenerAdapter - Downloading http://maven.vie.sst.stp/content/groups/approved/org/junit/jupiter/junit-jupiter-api/5.10.3/junit-jupiter-api-5.10.3.pom
2024-10-04 11:28:52,847 [Worker-6: Building] INFO  o.e.m.c.i.e.AbstractTransferListenerAdapter - Downloaded http://maven.vie.sst.stp/content/groups/approved/org/junit/jupiter/junit-jupiter-api/5.10.3/junit-jupiter-api-5.10.3.pom
2024-10-04 11:28:53,023 [Worker-6: Building] INFO  o.e.m.c.i.e.AbstractTransferListenerAdapter - Downloading http://maven.vie.sst.stp/content/groups/approved/org/opentest4j/opentest4j/1.3.0/opentest4j-1.3.0.pom
2024-10-04 11:28:53,187 [Worker-6: Building] INFO  o.e.m.c.i.e.AbstractTransferListenerAdapter - Downloaded http://maven.vie.sst.stp/content/groups/approved/org/opentest4j/opentest4j/1.3.0/opentest4j-1.3.0.pom
2024-10-04 11:28:53,357 [Worker-6: Building] INFO  o.e.m.c.i.e.AbstractTransferListenerAdapter - Downloading http://maven.vie.sst.stp/content/groups/approved/org/junit/platform/junit-platform-commons/1.10.3/junit-platform-commons-1.10.3.pom
2024-10-04 11:28:53,524 [Worker-6: Building] INFO  o.e.m.c.i.e.AbstractTransferListenerAdapter - Downloaded http://maven.vie.sst.stp/content/groups/approved/org/junit/platform/junit-platform-commons/1.10.3/junit-platform-commons-1.10.3.pom
2024-10-04 11:28:53,694 [Worker-6: Building] INFO  o.e.m.c.i.e.AbstractTransferListenerAdapter - Downloading http://maven.vie.sst.stp/content/groups/approved/org/apiguardian/apiguardian-api/1.1.2/apiguardian-api-1.1.2.pom
2024-10-04 11:28:53,857 [Worker-6: Building] INFO  o.e.m.c.i.e.AbstractTransferListenerAdapter - Downloaded http://maven.vie.sst.stp/content/groups/approved/org/apiguardian/apiguardian-api/1.1.2/apiguardian-api-1.1.2.pom
2024-10-04 11:28:54,028 [Worker-6: Building] INFO  o.e.m.c.i.e.AbstractTransferListenerAdapter - Downloading http://maven.vie.sst.stp/content/groups/approved/org/junit/jupiter/junit-jupiter-params/5.10.3/junit-jupiter-params-5.10.3.pom
2024-10-04 11:28:54,274 [Worker-6: Building] INFO  o.e.m.c.i.e.AbstractTransferListenerAdapter - Downloaded http://maven.vie.sst.stp/content/groups/approved/org/junit/jupiter/junit-jupiter-params/5.10.3/junit-jupiter-params-5.10.3.pom
2024-10-04 11:28:54,443 [Worker-6: Building] INFO  o.e.m.c.i.e.AbstractTransferListenerAdapter - Downloading http://maven.vie.sst.stp/content/groups/approved/org/junit/jupiter/junit-jupiter-engine/5.10.3/junit-jupiter-engine-5.10.3.pom
2024-10-04 11:28:54,610 [Worker-6: Building] INFO  o.e.m.c.i.e.AbstractTransferListenerAdapter - Downloaded http://maven.vie.sst.stp/content/groups/approved/org/junit/jupiter/junit-jupiter-engine/5.10.3/junit-jupiter-engine-5.10.3.pom
2024-10-04 11:28:54,782 [Worker-6: Building] INFO  o.e.m.c.i.e.AbstractTransferListenerAdapter - Downloading http://maven.vie.sst.stp/content/groups/approved/org/junit/platform/junit-platform-engine/1.10.3/junit-platform-engine-1.10.3.pom
2024-10-04 11:28:55,027 [Worker-6: Building] INFO  o.e.m.c.i.e.AbstractTransferListenerAdapter - Downloaded http://maven.vie.sst.stp/content/groups/approved/org/junit/platform/junit-platform-engine/1.10.3/junit-platform-engine-1.10.3.pom
2024-10-04 11:28:55,289 [Worker-6: Building] INFO  o.e.m.c.i.e.AbstractTransferListenerAdapter - Downloading http://maven.vie.sst.stp/content/groups/approved/org/mockito/mockito-core/5.7.0/mockito-core-5.7.0.pom
2024-10-04 11:28:55,537 [Worker-6: Building] INFO  o.e.m.c.i.e.AbstractTransferListenerAdapter - Downloaded http://maven.vie.sst.stp/content/groups/approved/org/mockito/mockito-core/5.7.0/mockito-core-5.7.0.pom
2024-10-04 11:28:55,797 [Worker-6: Building] INFO  o.e.m.c.i.e.AbstractTransferListenerAdapter - Downloading http://maven.vie.sst.stp/content/groups/approved/net/bytebuddy/byte-buddy-agent/1.14.18/byte-buddy-agent-1.14.18.pom
2024-10-04 11:28:56,047 [Worker-6: Building] INFO  o.e.m.c.i.e.AbstractTransferListenerAdapter - Downloaded http://maven.vie.sst.stp/content/groups/approved/net/bytebuddy/byte-buddy-agent/1.14.18/byte-buddy-agent-1.14.18.pom
2024-10-04 11:28:56,215 [Worker-6: Building] INFO  o.e.m.c.i.e.AbstractTransferListenerAdapter - Downloading http://maven.vie.sst.stp/content/groups/approved/org/objenesis/objenesis/3.3/objenesis-3.3.pom
2024-10-04 11:28:56,461 [Worker-6: Building] INFO  o.e.m.c.i.e.AbstractTransferListenerAdapter - Downloaded http://maven.vie.sst.stp/content/groups/approved/org/objenesis/objenesis/3.3/objenesis-3.3.pom
2024-10-04 11:28:56,627 [Worker-6: Building] INFO  o.e.m.c.i.e.AbstractTransferListenerAdapter - Downloading http://maven.vie.sst.stp/content/groups/approved/org/objenesis/objenesis-parent/3.3/objenesis-parent-3.3.pom
2024-10-04 11:28:56,874 [Worker-6: Building] INFO  o.e.m.c.i.e.AbstractTransferListenerAdapter - Downloaded http://maven.vie.sst.stp/content/groups/approved/org/objenesis/objenesis-parent/3.3/objenesis-parent-3.3.pom
2024-10-04 11:28:57,149 [Worker-6: Building] INFO  o.e.m.c.i.e.AbstractTransferListenerAdapter - Downloading http://maven.vie.sst.stp/content/groups/approved/org/mockito/mockito-junit-jupiter/5.7.0/mockito-junit-jupiter-5.7.0.pom
2024-10-04 11:28:57,398 [Worker-6: Building] INFO  o.e.m.c.i.e.AbstractTransferListenerAdapter - Downloaded http://maven.vie.sst.stp/content/groups/approved/org/mockito/mockito-junit-jupiter/5.7.0/mockito-junit-jupiter-5.7.0.pom
2024-10-04 11:28:57,570 [Worker-6: Building] INFO  o.e.m.c.i.e.AbstractTransferListenerAdapter - Downloading http://maven.vie.sst.stp/content/groups/approved/org/skyscreamer/jsonassert/1.5.3/jsonassert-1.5.3.pom
2024-10-04 11:28:57,735 [Worker-6: Building] INFO  o.e.m.c.i.e.AbstractTransferListenerAdapter - Downloaded http://maven.vie.sst.stp/content/groups/approved/org/skyscreamer/jsonassert/1.5.3/jsonassert-1.5.3.pom
2024-10-04 11:28:57,908 [Worker-6: Building] INFO  o.e.m.c.i.e.AbstractTransferListenerAdapter - Downloading http://maven.vie.sst.stp/content/groups/approved/com/vaadin/external/google/android-json/0.0.20131108.vaadin1/android-json-0.0.20131108.vaadin1.pom
2024-10-04 11:28:58,072 [Worker-6: Building] INFO  o.e.m.c.i.e.AbstractTransferListenerAdapter - Downloaded http://maven.vie.sst.stp/content/groups/approved/com/vaadin/external/google/android-json/0.0.20131108.vaadin1/android-json-0.0.20131108.vaadin1.pom
2024-10-04 11:28:58,333 [Worker-6: Building] INFO  o.e.m.c.i.e.AbstractTransferListenerAdapter - Downloading http://maven.vie.sst.stp/content/groups/approved/org/springframework/spring-test/6.1.11/spring-test-6.1.11.pom
2024-10-04 11:28:58,581 [Worker-6: Building] INFO  o.e.m.c.i.e.AbstractTransferListenerAdapter - Downloaded http://maven.vie.sst.stp/content/groups/approved/org/springframework/spring-test/6.1.11/spring-test-6.1.11.pom
2024-10-04 11:28:58,752 [Worker-6: Building] INFO  o.e.m.c.i.e.AbstractTransferListenerAdapter - Downloading http://maven.vie.sst.stp/content/groups/approved/org/xmlunit/xmlunit-core/2.9.1/xmlunit-core-2.9.1.pom
2024-10-04 11:28:58,917 [Worker-6: Building] INFO  o.e.m.c.i.e.AbstractTransferListenerAdapter - Downloaded http://maven.vie.sst.stp/content/groups/approved/org/xmlunit/xmlunit-core/2.9.1/xmlunit-core-2.9.1.pom
2024-10-04 11:28:59,082 [Worker-6: Building] INFO  o.e.m.c.i.e.AbstractTransferListenerAdapter - Downloading http://maven.vie.sst.stp/content/groups/approved/org/xmlunit/xmlunit-parent/2.9.1/xmlunit-parent-2.9.1.pom
2024-10-04 11:28:59,248 [Worker-6: Building] INFO  o.e.m.c.i.e.AbstractTransferListenerAdapter - Downloaded http://maven.vie.sst.stp/content/groups/approved/org/xmlunit/xmlunit-parent/2.9.1/xmlunit-parent-2.9.1.pom
2024-10-04 11:28:59,507 [Worker-6: Building] INFO  o.e.m.c.i.e.AbstractTransferListenerAdapter - Downloading http://maven.vie.sst.stp/content/groups/approved/org/projectlombok/lombok/1.18.34/lombok-1.18.34.pom
2024-10-04 11:28:59,755 [Worker-6: Building] INFO  o.e.m.c.i.e.AbstractTransferListenerAdapter - Downloaded http://maven.vie.sst.stp/content/groups/approved/org/projectlombok/lombok/1.18.34/lombok-1.18.34.pom
2024-10-04 11:29:00,019 [Worker-6: Building] INFO  o.e.m.c.i.e.AbstractTransferListenerAdapter - Downloading http://maven.vie.sst.stp/content/groups/approved/javax/validation/validation-api/2.0.1.Final/validation-api-2.0.1.Final.pom
2024-10-04 11:29:00,189 [Worker-6: Building] INFO  o.e.m.c.i.e.AbstractTransferListenerAdapter - Downloaded http://maven.vie.sst.stp/content/groups/approved/javax/validation/validation-api/2.0.1.Final/validation-api-2.0.1.Final.pom
2024-10-04 11:29:00,465 [AetherRepositoryConnector-maven.vie.sst.stp-0-0] INFO  o.e.m.c.i.e.AbstractTransferListenerAdapter - Downloading http://maven.vie.sst.stp/content/groups/approved/org/springframework/boot/spring-boot-starter-data-jpa/3.2.8/spring-boot-starter-data-jpa-3.2.8.jar
2024-10-04 11:29:00,597 [AetherRepositoryConnector-maven.vie.sst.stp-0-3] INFO  o.e.m.c.i.e.AbstractTransferListenerAdapter - Downloading http://maven.vie.sst.stp/content/groups/approved/org/aspectj/aspectjweaver/1.9.22.1/aspectjweaver-1.9.22.1.jar
2024-10-04 11:29:00,688 [AetherRepositoryConnector-maven.vie.sst.stp-0-4] INFO  o.e.m.c.i.e.AbstractTransferListenerAdapter - Downloading http://maven.vie.sst.stp/content/groups/approved/org/springframework/boot/spring-boot-starter-jdbc/3.2.8/spring-boot-starter-jdbc-3.2.8.jar
2024-10-04 11:29:00,790 [AetherRepositoryConnector-maven.vie.sst.stp-0-2] INFO  o.e.m.c.i.e.AbstractTransferListenerAdapter - Downloading http://maven.vie.sst.stp/content/groups/approved/org/springframework/spring-aop/6.1.11/spring-aop-6.1.11.jar
2024-10-04 11:29:00,795 [AetherRepositoryConnector-maven.vie.sst.stp-0-1] INFO  o.e.m.c.i.e.AbstractTransferListenerAdapter - Downloading http://maven.vie.sst.stp/content/groups/approved/org/springframework/boot/spring-boot-starter-aop/3.2.8/spring-boot-starter-aop-3.2.8.jar
2024-10-04 11:29:00,803 [AetherRepositoryConnector-maven.vie.sst.stp-0-0] INFO  o.e.m.c.i.e.AbstractTransferListenerAdapter - Downloaded http://maven.vie.sst.stp/content/groups/approved/org/springframework/boot/spring-boot-starter-data-jpa/3.2.8/spring-boot-starter-data-jpa-3.2.8.jar
2024-10-04 11:29:00,938 [AetherRepositoryConnector-maven.vie.sst.stp-0-4] INFO  o.e.m.c.i.e.AbstractTransferListenerAdapter - Downloaded http://maven.vie.sst.stp/content/groups/approved/org/springframework/boot/spring-boot-starter-jdbc/3.2.8/spring-boot-starter-jdbc-3.2.8.jar
2024-10-04 11:29:01,044 [AetherRepositoryConnector-maven.vie.sst.stp-0-1] INFO  o.e.m.c.i.e.AbstractTransferListenerAdapter - Downloaded http://maven.vie.sst.stp/content/groups/approved/org/springframework/boot/spring-boot-starter-aop/3.2.8/spring-boot-starter-aop-3.2.8.jar
2024-10-04 11:29:01,056 [AetherRepositoryConnector-maven.vie.sst.stp-0-0] INFO  o.e.m.c.i.e.AbstractTransferListenerAdapter - Downloading http://maven.vie.sst.stp/content/groups/approved/com/zaxxer/HikariCP/5.0.1/HikariCP-5.0.1.jar
2024-10-04 11:29:01,191 [AetherRepositoryConnector-maven.vie.sst.stp-0-4] INFO  o.e.m.c.i.e.AbstractTransferListenerAdapter - Downloading http://maven.vie.sst.stp/content/groups/approved/org/springframework/spring-jdbc/6.1.11/spring-jdbc-6.1.11.jar
2024-10-04 11:29:01,297 [AetherRepositoryConnector-maven.vie.sst.stp-0-1] INFO  o.e.m.c.i.e.AbstractTransferListenerAdapter - Downloading http://maven.vie.sst.stp/content/groups/approved/org/hibernate/orm/hibernate-core/6.4.9.Final/hibernate-core-6.4.9.Final.jar
2024-10-04 11:29:01,612 [AetherRepositoryConnector-maven.vie.sst.stp-0-0] INFO  o.e.m.c.i.e.AbstractTransferListenerAdapter - Downloaded http://maven.vie.sst.stp/content/groups/approved/com/zaxxer/HikariCP/5.0.1/HikariCP-5.0.1.jar
2024-10-04 11:29:01,657 [AetherRepositoryConnector-maven.vie.sst.stp-0-2] INFO  o.e.m.c.i.e.AbstractTransferListenerAdapter - Downloaded http://maven.vie.sst.stp/content/groups/approved/org/springframework/spring-aop/6.1.11/spring-aop-6.1.11.jar
2024-10-04 11:29:01,774 [AetherRepositoryConnector-maven.vie.sst.stp-0-0] INFO  o.e.m.c.i.e.AbstractTransferListenerAdapter - Downloading http://maven.vie.sst.stp/content/groups/approved/jakarta/persistence/jakarta.persistence-api/3.1.0/jakarta.persistence-api-3.1.0.jar
2024-10-04 11:29:01,899 [AetherRepositoryConnector-maven.vie.sst.stp-0-2] INFO  o.e.m.c.i.e.AbstractTransferListenerAdapter - Downloading http://maven.vie.sst.stp/content/groups/approved/jakarta/transaction/jakarta.transaction-api/2.0.1/jakarta.transaction-api-2.0.1.jar
2024-10-04 11:29:02,024 [AetherRepositoryConnector-maven.vie.sst.stp-0-0] INFO  o.e.m.c.i.e.AbstractTransferListenerAdapter - Downloaded http://maven.vie.sst.stp/content/groups/approved/jakarta/persistence/jakarta.persistence-api/3.1.0/jakarta.persistence-api-3.1.0.jar
2024-10-04 11:29:02,151 [AetherRepositoryConnector-maven.vie.sst.stp-0-2] INFO  o.e.m.c.i.e.AbstractTransferListenerAdapter - Downloaded http://maven.vie.sst.stp/content/groups/approved/jakarta/transaction/jakarta.transaction-api/2.0.1/jakarta.transaction-api-2.0.1.jar
2024-10-04 11:29:02,208 [AetherRepositoryConnector-maven.vie.sst.stp-0-4] INFO  o.e.m.c.i.e.AbstractTransferListenerAdapter - Downloaded http://maven.vie.sst.stp/content/groups/approved/org/springframework/spring-jdbc/6.1.11/spring-jdbc-6.1.11.jar
2024-10-04 11:29:02,267 [AetherRepositoryConnector-maven.vie.sst.stp-0-0] INFO  o.e.m.c.i.e.AbstractTransferListenerAdapter - Downloading http://maven.vie.sst.stp/content/groups/approved/org/jboss/logging/jboss-logging/3.5.3.Final/jboss-logging-3.5.3.Final.jar
2024-10-04 11:29:02,310 [AetherRepositoryConnector-maven.vie.sst.stp-0-2] INFO  o.e.m.c.i.e.AbstractTransferListenerAdapter - Downloading http://maven.vie.sst.stp/content/groups/approved/org/hibernate/common/hibernate-commons-annotations/6.0.6.Final/hibernate-commons-annotations-6.0.6.Final.jar
2024-10-04 11:29:02,373 [AetherRepositoryConnector-maven.vie.sst.stp-0-4] INFO  o.e.m.c.i.e.AbstractTransferListenerAdapter - Downloading http://maven.vie.sst.stp/content/groups/approved/io/smallrye/jandex/3.1.2/jandex-3.1.2.jar
2024-10-04 11:29:02,517 [AetherRepositoryConnector-maven.vie.sst.stp-0-0] INFO  o.e.m.c.i.e.AbstractTransferListenerAdapter - Downloaded http://maven.vie.sst.stp/content/groups/approved/org/jboss/logging/jboss-logging/3.5.3.Final/jboss-logging-3.5.3.Final.jar
2024-10-04 11:29:02,560 [AetherRepositoryConnector-maven.vie.sst.stp-0-2] INFO  o.e.m.c.i.e.AbstractTransferListenerAdapter - Downloaded http://maven.vie.sst.stp/content/groups/approved/org/hibernate/common/hibernate-commons-annotations/6.0.6.Final/hibernate-commons-annotations-6.0.6.Final.jar
2024-10-04 11:29:02,625 [AetherRepositoryConnector-maven.vie.sst.stp-0-4] INFO  o.e.m.c.i.e.AbstractTransferListenerAdapter - Downloaded http://maven.vie.sst.stp/content/groups/approved/io/smallrye/jandex/3.1.2/jandex-3.1.2.jar
2024-10-04 11:29:02,770 [AetherRepositoryConnector-maven.vie.sst.stp-0-0] INFO  o.e.m.c.i.e.AbstractTransferListenerAdapter - Downloading http://maven.vie.sst.stp/content/groups/approved/com/fasterxml/classmate/1.6.0/classmate-1.6.0.jar
2024-10-04 11:29:02,787 [AetherRepositoryConnector-maven.vie.sst.stp-0-4] INFO  o.e.m.c.i.e.AbstractTransferListenerAdapter - Downloading http://maven.vie.sst.stp/content/groups/approved/org/glassfish/jaxb/jaxb-runtime/4.0.5/jaxb-runtime-4.0.5.jar
2024-10-04 11:29:02,812 [AetherRepositoryConnector-maven.vie.sst.stp-0-3] INFO  o.e.m.c.i.e.AbstractTransferListenerAdapter - Downloaded http://maven.vie.sst.stp/content/groups/approved/org/aspectj/aspectjweaver/1.9.22.1/aspectjweaver-1.9.22.1.jar
2024-10-04 11:29:02,818 [AetherRepositoryConnector-maven.vie.sst.stp-0-2] INFO  o.e.m.c.i.e.AbstractTransferListenerAdapter - Downloading http://maven.vie.sst.stp/content/groups/approved/net/bytebuddy/byte-buddy/1.14.18/byte-buddy-1.14.18.jar
2024-10-04 11:29:02,972 [AetherRepositoryConnector-maven.vie.sst.stp-0-3] INFO  o.e.m.c.i.e.AbstractTransferListenerAdapter - Downloading http://maven.vie.sst.stp/content/groups/approved/org/glassfish/jaxb/jaxb-core/4.0.5/jaxb-core-4.0.5.jar
2024-10-04 11:29:03,018 [AetherRepositoryConnector-maven.vie.sst.stp-0-0] INFO  o.e.m.c.i.e.AbstractTransferListenerAdapter - Downloaded http://maven.vie.sst.stp/content/groups/approved/com/fasterxml/classmate/1.6.0/classmate-1.6.0.jar
2024-10-04 11:29:03,139 [AetherRepositoryConnector-maven.vie.sst.stp-0-3] INFO  o.e.m.c.i.e.AbstractTransferListenerAdapter - Downloaded http://maven.vie.sst.stp/content/groups/approved/org/glassfish/jaxb/jaxb-core/4.0.5/jaxb-core-4.0.5.jar
2024-10-04 11:29:03,209 [AetherRepositoryConnector-maven.vie.sst.stp-0-4] INFO  o.e.m.c.i.e.AbstractTransferListenerAdapter - Downloaded http://maven.vie.sst.stp/content/groups/approved/org/glassfish/jaxb/jaxb-runtime/4.0.5/jaxb-runtime-4.0.5.jar
2024-10-04 11:29:03,300 [AetherRepositoryConnector-maven.vie.sst.stp-0-3] INFO  o.e.m.c.i.e.AbstractTransferListenerAdapter - Downloading http://maven.vie.sst.stp/content/groups/approved/org/glassfish/jaxb/txw2/4.0.5/txw2-4.0.5.jar
2024-10-04 11:29:03,370 [AetherRepositoryConnector-maven.vie.sst.stp-0-4] INFO  o.e.m.c.i.e.AbstractTransferListenerAdapter - Downloading http://maven.vie.sst.stp/content/groups/approved/com/sun/istack/istack-commons-runtime/4.1.2/istack-commons-runtime-4.1.2.jar
2024-10-04 11:29:03,417 [AetherRepositoryConnector-maven.vie.sst.stp-0-0] INFO  o.e.m.c.i.e.AbstractTransferListenerAdapter - Downloading http://maven.vie.sst.stp/content/groups/approved/org/eclipse/angus/angus-activation/2.0.2/angus-activation-2.0.2.jar
2024-10-04 11:29:03,535 [AetherRepositoryConnector-maven.vie.sst.stp-0-4] INFO  o.e.m.c.i.e.AbstractTransferListenerAdapter - Downloaded http://maven.vie.sst.stp/content/groups/approved/com/sun/istack/istack-commons-runtime/4.1.2/istack-commons-runtime-4.1.2.jar
2024-10-04 11:29:03,543 [AetherRepositoryConnector-maven.vie.sst.stp-0-3] INFO  o.e.m.c.i.e.AbstractTransferListenerAdapter - Downloaded http://maven.vie.sst.stp/content/groups/approved/org/glassfish/jaxb/txw2/4.0.5/txw2-4.0.5.jar
2024-10-04 11:29:03,695 [AetherRepositoryConnector-maven.vie.sst.stp-0-4] INFO  o.e.m.c.i.e.AbstractTransferListenerAdapter - Downloading http://maven.vie.sst.stp/content/groups/approved/jakarta/inject/jakarta.inject-api/2.0.1/jakarta.inject-api-2.0.1.jar
2024-10-04 11:29:03,702 [AetherRepositoryConnector-maven.vie.sst.stp-0-3] INFO  o.e.m.c.i.e.AbstractTransferListenerAdapter - Downloading http://maven.vie.sst.stp/content/groups/approved/org/antlr/antlr4-runtime/4.13.0/antlr4-runtime-4.13.0.jar
2024-10-04 11:29:03,735 [AetherRepositoryConnector-maven.vie.sst.stp-0-0] INFO  o.e.m.c.i.e.AbstractTransferListenerAdapter - Downloaded http://maven.vie.sst.stp/content/groups/approved/org/eclipse/angus/angus-activation/2.0.2/angus-activation-2.0.2.jar
2024-10-04 11:29:03,939 [AetherRepositoryConnector-maven.vie.sst.stp-0-4] INFO  o.e.m.c.i.e.AbstractTransferListenerAdapter - Downloaded http://maven.vie.sst.stp/content/groups/approved/jakarta/inject/jakarta.inject-api/2.0.1/jakarta.inject-api-2.0.1.jar
2024-10-04 11:29:03,956 [AetherRepositoryConnector-maven.vie.sst.stp-0-3] INFO  o.e.m.c.i.e.AbstractTransferListenerAdapter - Downloaded http://maven.vie.sst.stp/content/groups/approved/org/antlr/antlr4-runtime/4.13.0/antlr4-runtime-4.13.0.jar
2024-10-04 11:29:03,989 [AetherRepositoryConnector-maven.vie.sst.stp-0-0] INFO  o.e.m.c.i.e.AbstractTransferListenerAdapter - Downloading http://maven.vie.sst.stp/content/groups/approved/org/springframework/data/spring-data-jpa/3.2.8/spring-data-jpa-3.2.8.jar
2024-10-04 11:29:04,199 [AetherRepositoryConnector-maven.vie.sst.stp-0-4] INFO  o.e.m.c.i.e.AbstractTransferListenerAdapter - Downloading http://maven.vie.sst.stp/content/groups/approved/org/springframework/data/spring-data-commons/3.2.8/spring-data-commons-3.2.8.jar
2024-10-04 11:29:04,207 [AetherRepositoryConnector-maven.vie.sst.stp-0-3] INFO  o.e.m.c.i.e.AbstractTransferListenerAdapter - Downloading http://maven.vie.sst.stp/content/groups/approved/org/springframework/spring-orm/6.1.11/spring-orm-6.1.11.jar
2024-10-04 11:29:04,461 [AetherRepositoryConnector-maven.vie.sst.stp-0-3] INFO  o.e.m.c.i.e.AbstractTransferListenerAdapter - Downloaded http://maven.vie.sst.stp/content/groups/approved/org/springframework/spring-orm/6.1.11/spring-orm-6.1.11.jar
2024-10-04 11:29:04,717 [AetherRepositoryConnector-maven.vie.sst.stp-0-3] INFO  o.e.m.c.i.e.AbstractTransferListenerAdapter - Downloading http://maven.vie.sst.stp/content/groups/approved/org/springframework/spring-context/6.1.11/spring-context-6.1.11.jar
2024-10-04 11:29:04,940 [AetherRepositoryConnector-maven.vie.sst.stp-0-4] INFO  o.e.m.c.i.e.AbstractTransferListenerAdapter - Downloaded http://maven.vie.sst.stp/content/groups/approved/org/springframework/data/spring-data-commons/3.2.8/spring-data-commons-3.2.8.jar
2024-10-04 11:29:04,953 [AetherRepositoryConnector-maven.vie.sst.stp-0-2] INFO  o.e.m.c.i.e.AbstractTransferListenerAdapter - Downloaded http://maven.vie.sst.stp/content/groups/approved/net/bytebuddy/byte-buddy/1.14.18/byte-buddy-1.14.18.jar
2024-10-04 11:29:05,027 [AetherRepositoryConnector-maven.vie.sst.stp-0-0] INFO  o.e.m.c.i.e.AbstractTransferListenerAdapter - Downloaded http://maven.vie.sst.stp/content/groups/approved/org/springframework/data/spring-data-jpa/3.2.8/spring-data-jpa-3.2.8.jar
2024-10-04 11:29:05,187 [AetherRepositoryConnector-maven.vie.sst.stp-0-0] INFO  o.e.m.c.i.e.AbstractTransferListenerAdapter - Downloading http://maven.vie.sst.stp/content/groups/approved/jakarta/annotation/jakarta.annotation-api/2.1.1/jakarta.annotation-api-2.1.1.jar
2024-10-04 11:29:05,214 [AetherRepositoryConnector-maven.vie.sst.stp-0-4] INFO  o.e.m.c.i.e.AbstractTransferListenerAdapter - Downloading http://maven.vie.sst.stp/content/groups/approved/org/springframework/spring-tx/6.1.11/spring-tx-6.1.11.jar
2024-10-04 11:29:05,368 [AetherRepositoryConnector-maven.vie.sst.stp-0-0] INFO  o.e.m.c.i.e.AbstractTransferListenerAdapter - Downloaded http://maven.vie.sst.stp/content/groups/approved/jakarta/annotation/jakarta.annotation-api/2.1.1/jakarta.annotation-api-2.1.1.jar
2024-10-04 11:29:05,439 [AetherRepositoryConnector-maven.vie.sst.stp-0-3] INFO  o.e.m.c.i.e.AbstractTransferListenerAdapter - Downloaded http://maven.vie.sst.stp/content/groups/approved/org/springframework/spring-context/6.1.11/spring-context-6.1.11.jar
2024-10-04 11:29:05,539 [AetherRepositoryConnector-maven.vie.sst.stp-0-0] INFO  o.e.m.c.i.e.AbstractTransferListenerAdapter - Downloading http://maven.vie.sst.stp/content/groups/approved/org/slf4j/slf4j-api/2.0.13/slf4j-api-2.0.13.jar
2024-10-04 11:29:05,672 [AetherRepositoryConnector-maven.vie.sst.stp-0-2] INFO  o.e.m.c.i.e.AbstractTransferListenerAdapter - Downloading http://maven.vie.sst.stp/content/groups/approved/org/springframework/spring-beans/6.1.11/spring-beans-6.1.11.jar
2024-10-04 11:29:05,693 [AetherRepositoryConnector-maven.vie.sst.stp-0-3] INFO  o.e.m.c.i.e.AbstractTransferListenerAdapter - Downloading http://maven.vie.sst.stp/content/groups/approved/org/springframework/spring-aspects/6.1.11/spring-aspects-6.1.11.jar
2024-10-04 11:29:05,790 [AetherRepositoryConnector-maven.vie.sst.stp-0-0] INFO  o.e.m.c.i.e.AbstractTransferListenerAdapter - Downloaded http://maven.vie.sst.stp/content/groups/approved/org/slf4j/slf4j-api/2.0.13/slf4j-api-2.0.13.jar
2024-10-04 11:29:05,942 [AetherRepositoryConnector-maven.vie.sst.stp-0-3] INFO  o.e.m.c.i.e.AbstractTransferListenerAdapter - Downloaded http://maven.vie.sst.stp/content/groups/approved/org/springframework/spring-aspects/6.1.11/spring-aspects-6.1.11.jar
2024-10-04 11:29:06,042 [AetherRepositoryConnector-maven.vie.sst.stp-0-0] INFO  o.e.m.c.i.e.AbstractTransferListenerAdapter - Downloading http://maven.vie.sst.stp/content/groups/approved/org/springframework/boot/spring-boot-starter-web/3.2.8/spring-boot-starter-web-3.2.8.jar
2024-10-04 11:29:06,196 [AetherRepositoryConnector-maven.vie.sst.stp-0-3] INFO  o.e.m.c.i.e.AbstractTransferListenerAdapter - Downloading http://maven.vie.sst.stp/content/groups/approved/org/springframework/boot/spring-boot-starter/3.2.8/spring-boot-starter-3.2.8.jar
2024-10-04 11:29:06,291 [AetherRepositoryConnector-maven.vie.sst.stp-0-0] INFO  o.e.m.c.i.e.AbstractTransferListenerAdapter - Downloaded http://maven.vie.sst.stp/content/groups/approved/org/springframework/boot/spring-boot-starter-web/3.2.8/spring-boot-starter-web-3.2.8.jar
2024-10-04 11:29:06,445 [AetherRepositoryConnector-maven.vie.sst.stp-0-3] INFO  o.e.m.c.i.e.AbstractTransferListenerAdapter - Downloaded http://maven.vie.sst.stp/content/groups/approved/org/springframework/boot/spring-boot-starter/3.2.8/spring-boot-starter-3.2.8.jar
2024-10-04 11:29:06,543 [AetherRepositoryConnector-maven.vie.sst.stp-0-0] INFO  o.e.m.c.i.e.AbstractTransferListenerAdapter - Downloading http://maven.vie.sst.stp/content/groups/approved/org/springframework/boot/spring-boot-starter-logging/3.2.8/spring-boot-starter-logging-3.2.8.jar
2024-10-04 11:29:06,702 [AetherRepositoryConnector-maven.vie.sst.stp-0-3] INFO  o.e.m.c.i.e.AbstractTransferListenerAdapter - Downloading http://maven.vie.sst.stp/content/groups/approved/ch/qos/logback/logback-classic/1.4.14/logback-classic-1.4.14.jar
2024-10-04 11:29:06,794 [AetherRepositoryConnector-maven.vie.sst.stp-0-0] INFO  o.e.m.c.i.e.AbstractTransferListenerAdapter - Downloaded http://maven.vie.sst.stp/content/groups/approved/org/springframework/boot/spring-boot-starter-logging/3.2.8/spring-boot-starter-logging-3.2.8.jar
2024-10-04 11:29:06,956 [AetherRepositoryConnector-maven.vie.sst.stp-0-3] INFO  o.e.m.c.i.e.AbstractTransferListenerAdapter - Downloaded http://maven.vie.sst.stp/content/groups/approved/ch/qos/logback/logback-classic/1.4.14/logback-classic-1.4.14.jar
2024-10-04 11:29:07,049 [AetherRepositoryConnector-maven.vie.sst.stp-0-0] INFO  o.e.m.c.i.e.AbstractTransferListenerAdapter - Downloading http://maven.vie.sst.stp/content/groups/approved/ch/qos/logback/logback-core/1.4.14/logback-core-1.4.14.jar
2024-10-04 11:29:07,129 [AetherRepositoryConnector-maven.vie.sst.stp-0-3] INFO  o.e.m.c.i.e.AbstractTransferListenerAdapter - Downloading http://maven.vie.sst.stp/content/groups/approved/org/apache/logging/log4j/log4j-to-slf4j/2.21.1/log4j-to-slf4j-2.21.1.jar
2024-10-04 11:29:07,296 [AetherRepositoryConnector-maven.vie.sst.stp-0-3] INFO  o.e.m.c.i.e.AbstractTransferListenerAdapter - Downloaded http://maven.vie.sst.stp/content/groups/approved/org/apache/logging/log4j/log4j-to-slf4j/2.21.1/log4j-to-slf4j-2.21.1.jar
2024-10-04 11:29:07,466 [AetherRepositoryConnector-maven.vie.sst.stp-0-3] INFO  o.e.m.c.i.e.AbstractTransferListenerAdapter - Downloading http://maven.vie.sst.stp/content/groups/approved/org/apache/logging/log4j/log4j-api/2.21.1/log4j-api-2.21.1.jar
2024-10-04 11:29:07,611 [AetherRepositoryConnector-maven.vie.sst.stp-0-0] INFO  o.e.m.c.i.e.AbstractTransferListenerAdapter - Downloaded http://maven.vie.sst.stp/content/groups/approved/ch/qos/logback/logback-core/1.4.14/logback-core-1.4.14.jar
2024-10-04 11:29:07,853 [AetherRepositoryConnector-maven.vie.sst.stp-0-4] INFO  o.e.m.c.i.e.AbstractTransferListenerAdapter - Downloaded http://maven.vie.sst.stp/content/groups/approved/org/springframework/spring-tx/6.1.11/spring-tx-6.1.11.jar
2024-10-04 11:29:07,872 [AetherRepositoryConnector-maven.vie.sst.stp-0-0] INFO  o.e.m.c.i.e.AbstractTransferListenerAdapter - Downloading http://maven.vie.sst.stp/content/groups/approved/org/slf4j/jul-to-slf4j/2.0.13/jul-to-slf4j-2.0.13.jar
2024-10-04 11:29:08,014 [AetherRepositoryConnector-maven.vie.sst.stp-0-4] INFO  o.e.m.c.i.e.AbstractTransferListenerAdapter - Downloading http://maven.vie.sst.stp/content/groups/approved/org/yaml/snakeyaml/2.2/snakeyaml-2.2.jar
2024-10-04 11:29:08,121 [AetherRepositoryConnector-maven.vie.sst.stp-0-0] INFO  o.e.m.c.i.e.AbstractTransferListenerAdapter - Downloaded http://maven.vie.sst.stp/content/groups/approved/org/slf4j/jul-to-slf4j/2.0.13/jul-to-slf4j-2.0.13.jar
2024-10-04 11:29:08,272 [AetherRepositoryConnector-maven.vie.sst.stp-0-4] INFO  o.e.m.c.i.e.AbstractTransferListenerAdapter - Downloaded http://maven.vie.sst.stp/content/groups/approved/org/yaml/snakeyaml/2.2/snakeyaml-2.2.jar
2024-10-04 11:29:08,372 [AetherRepositoryConnector-maven.vie.sst.stp-0-0] INFO  o.e.m.c.i.e.AbstractTransferListenerAdapter - Downloading http://maven.vie.sst.stp/content/groups/approved/org/springframework/boot/spring-boot-starter-json/3.2.8/spring-boot-starter-json-3.2.8.jar
2024-10-04 11:29:08,385 [AetherRepositoryConnector-maven.vie.sst.stp-0-2] INFO  o.e.m.c.i.e.AbstractTransferListenerAdapter - Downloaded http://maven.vie.sst.stp/content/groups/approved/org/springframework/spring-beans/6.1.11/spring-beans-6.1.11.jar
2024-10-04 11:29:08,509 [AetherRepositoryConnector-maven.vie.sst.stp-0-3] INFO  o.e.m.c.i.e.AbstractTransferListenerAdapter - Downloaded http://maven.vie.sst.stp/content/groups/approved/org/apache/logging/log4j/log4j-api/2.21.1/log4j-api-2.21.1.jar
2024-10-04 11:29:08,524 [AetherRepositoryConnector-maven.vie.sst.stp-0-4] INFO  o.e.m.c.i.e.AbstractTransferListenerAdapter - Downloading http://maven.vie.sst.stp/content/groups/approved/com/fasterxml/jackson/core/jackson-databind/2.15.4/jackson-databind-2.15.4.jar
2024-10-04 11:29:08,623 [AetherRepositoryConnector-maven.vie.sst.stp-0-0] INFO  o.e.m.c.i.e.AbstractTransferListenerAdapter - Downloaded http://maven.vie.sst.stp/content/groups/approved/org/springframework/boot/spring-boot-starter-json/3.2.8/spring-boot-starter-json-3.2.8.jar
2024-10-04 11:29:08,635 [AetherRepositoryConnector-maven.vie.sst.stp-0-2] INFO  o.e.m.c.i.e.AbstractTransferListenerAdapter - Downloading http://maven.vie.sst.stp/content/groups/approved/com/fasterxml/jackson/core/jackson-annotations/2.15.4/jackson-annotations-2.15.4.jar
2024-10-04 11:29:08,762 [AetherRepositoryConnector-maven.vie.sst.stp-0-3] INFO  o.e.m.c.i.e.AbstractTransferListenerAdapter - Downloading http://maven.vie.sst.stp/content/groups/approved/com/fasterxml/jackson/core/jackson-core/2.15.4/jackson-core-2.15.4.jar
2024-10-04 11:29:08,875 [AetherRepositoryConnector-maven.vie.sst.stp-0-0] INFO  o.e.m.c.i.e.AbstractTransferListenerAdapter - Downloading http://maven.vie.sst.stp/content/groups/approved/com/fasterxml/jackson/datatype/jackson-datatype-jdk8/2.15.4/jackson-datatype-jdk8-2.15.4.jar
2024-10-04 11:29:08,885 [AetherRepositoryConnector-maven.vie.sst.stp-0-2] INFO  o.e.m.c.i.e.AbstractTransferListenerAdapter - Downloaded http://maven.vie.sst.stp/content/groups/approved/com/fasterxml/jackson/core/jackson-annotations/2.15.4/jackson-annotations-2.15.4.jar
2024-10-04 11:29:09,127 [AetherRepositoryConnector-maven.vie.sst.stp-0-0] INFO  o.e.m.c.i.e.AbstractTransferListenerAdapter - Downloaded http://maven.vie.sst.stp/content/groups/approved/com/fasterxml/jackson/datatype/jackson-datatype-jdk8/2.15.4/jackson-datatype-jdk8-2.15.4.jar
2024-10-04 11:29:09,137 [AetherRepositoryConnector-maven.vie.sst.stp-0-2] INFO  o.e.m.c.i.e.AbstractTransferListenerAdapter - Downloading http://maven.vie.sst.stp/content/groups/approved/com/fasterxml/jackson/datatype/jackson-datatype-jsr310/2.15.4/jackson-datatype-jsr310-2.15.4.jar
2024-10-04 11:29:09,377 [AetherRepositoryConnector-maven.vie.sst.stp-0-0] INFO  o.e.m.c.i.e.AbstractTransferListenerAdapter - Downloading http://maven.vie.sst.stp/content/groups/approved/com/fasterxml/jackson/module/jackson-module-parameter-names/2.15.4/jackson-module-parameter-names-2.15.4.jar
2024-10-04 11:29:09,386 [AetherRepositoryConnector-maven.vie.sst.stp-0-2] INFO  o.e.m.c.i.e.AbstractTransferListenerAdapter - Downloaded http://maven.vie.sst.stp/content/groups/approved/com/fasterxml/jackson/datatype/jackson-datatype-jsr310/2.15.4/jackson-datatype-jsr310-2.15.4.jar
2024-10-04 11:29:09,559 [AetherRepositoryConnector-maven.vie.sst.stp-0-4] INFO  o.e.m.c.i.e.AbstractTransferListenerAdapter - Downloaded http://maven.vie.sst.stp/content/groups/approved/com/fasterxml/jackson/core/jackson-databind/2.15.4/jackson-databind-2.15.4.jar
2024-10-04 11:29:09,624 [AetherRepositoryConnector-maven.vie.sst.stp-0-0] INFO  o.e.m.c.i.e.AbstractTransferListenerAdapter - Downloaded http://maven.vie.sst.stp/content/groups/approved/com/fasterxml/jackson/module/jackson-module-parameter-names/2.15.4/jackson-module-parameter-names-2.15.4.jar
2024-10-04 11:29:09,634 [AetherRepositoryConnector-maven.vie.sst.stp-0-2] INFO  o.e.m.c.i.e.AbstractTransferListenerAdapter - Downloading http://maven.vie.sst.stp/content/groups/approved/org/springframework/boot/spring-boot-starter-tomcat/3.2.8/spring-boot-starter-tomcat-3.2.8.jar
2024-10-04 11:29:09,728 [AetherRepositoryConnector-maven.vie.sst.stp-0-4] INFO  o.e.m.c.i.e.AbstractTransferListenerAdapter - Downloading http://maven.vie.sst.stp/content/groups/approved/org/apache/tomcat/embed/tomcat-embed-core/10.1.26/tomcat-embed-core-10.1.26.jar
2024-10-04 11:29:09,792 [AetherRepositoryConnector-maven.vie.sst.stp-0-0] INFO  o.e.m.c.i.e.AbstractTransferListenerAdapter - Downloading http://maven.vie.sst.stp/content/groups/approved/org/apache/tomcat/embed/tomcat-embed-el/10.1.26/tomcat-embed-el-10.1.26.jar
2024-10-04 11:29:09,879 [AetherRepositoryConnector-maven.vie.sst.stp-0-2] INFO  o.e.m.c.i.e.AbstractTransferListenerAdapter - Downloaded http://maven.vie.sst.stp/content/groups/approved/org/springframework/boot/spring-boot-starter-tomcat/3.2.8/spring-boot-starter-tomcat-3.2.8.jar
2024-10-04 11:29:09,965 [AetherRepositoryConnector-maven.vie.sst.stp-0-0] INFO  o.e.m.c.i.e.AbstractTransferListenerAdapter - Downloaded http://maven.vie.sst.stp/content/groups/approved/org/apache/tomcat/embed/tomcat-embed-el/10.1.26/tomcat-embed-el-10.1.26.jar
2024-10-04 11:29:10,048 [AetherRepositoryConnector-maven.vie.sst.stp-0-2] INFO  o.e.m.c.i.e.AbstractTransferListenerAdapter - Downloading http://maven.vie.sst.stp/content/groups/approved/org/apache/tomcat/embed/tomcat-embed-websocket/10.1.26/tomcat-embed-websocket-10.1.26.jar
2024-10-04 11:29:10,214 [AetherRepositoryConnector-maven.vie.sst.stp-0-0] INFO  o.e.m.c.i.e.AbstractTransferListenerAdapter - Downloading http://maven.vie.sst.stp/content/groups/approved/org/springframework/spring-web/6.1.11/spring-web-6.1.11.jar
2024-10-04 11:29:10,221 [AetherRepositoryConnector-maven.vie.sst.stp-0-2] INFO  o.e.m.c.i.e.AbstractTransferListenerAdapter - Downloaded http://maven.vie.sst.stp/content/groups/approved/org/apache/tomcat/embed/tomcat-embed-websocket/10.1.26/tomcat-embed-websocket-10.1.26.jar
2024-10-04 11:29:10,404 [AetherRepositoryConnector-maven.vie.sst.stp-0-3] INFO  o.e.m.c.i.e.AbstractTransferListenerAdapter - Downloaded http://maven.vie.sst.stp/content/groups/approved/com/fasterxml/jackson/core/jackson-core/2.15.4/jackson-core-2.15.4.jar
2024-10-04 11:29:10,475 [AetherRepositoryConnector-maven.vie.sst.stp-0-2] INFO  o.e.m.c.i.e.AbstractTransferListenerAdapter - Downloading http://maven.vie.sst.stp/content/groups/approved/io/micrometer/micrometer-observation/1.12.8/micrometer-observation-1.12.8.jar
2024-10-04 11:29:10,655 [AetherRepositoryConnector-maven.vie.sst.stp-0-3] INFO  o.e.m.c.i.e.AbstractTransferListenerAdapter - Downloading http://maven.vie.sst.stp/content/groups/approved/io/micrometer/micrometer-commons/1.12.8/micrometer-commons-1.12.8.jar
2024-10-04 11:29:10,723 [AetherRepositoryConnector-maven.vie.sst.stp-0-2] INFO  o.e.m.c.i.e.AbstractTransferListenerAdapter - Downloaded http://maven.vie.sst.stp/content/groups/approved/io/micrometer/micrometer-observation/1.12.8/micrometer-observation-1.12.8.jar
2024-10-04 11:29:10,889 [AetherRepositoryConnector-maven.vie.sst.stp-0-1] INFO  o.e.m.c.i.e.AbstractTransferListenerAdapter - Downloaded http://maven.vie.sst.stp/content/groups/approved/org/hibernate/orm/hibernate-core/6.4.9.Final/hibernate-core-6.4.9.Final.jar
2024-10-04 11:29:10,905 [AetherRepositoryConnector-maven.vie.sst.stp-0-3] INFO  o.e.m.c.i.e.AbstractTransferListenerAdapter - Downloaded http://maven.vie.sst.stp/content/groups/approved/io/micrometer/micrometer-commons/1.12.8/micrometer-commons-1.12.8.jar
2024-10-04 11:29:10,974 [AetherRepositoryConnector-maven.vie.sst.stp-0-2] INFO  o.e.m.c.i.e.AbstractTransferListenerAdapter - Downloading http://maven.vie.sst.stp/content/groups/approved/org/springframework/spring-webmvc/6.1.11/spring-webmvc-6.1.11.jar
2024-10-04 11:29:11,098 [AetherRepositoryConnector-maven.vie.sst.stp-0-0] INFO  o.e.m.c.i.e.AbstractTransferListenerAdapter - Downloaded http://maven.vie.sst.stp/content/groups/approved/org/springframework/spring-web/6.1.11/spring-web-6.1.11.jar
2024-10-04 11:29:11,143 [AetherRepositoryConnector-maven.vie.sst.stp-0-1] INFO  o.e.m.c.i.e.AbstractTransferListenerAdapter - Downloading http://maven.vie.sst.stp/content/groups/approved/org/springframework/spring-expression/6.1.11/spring-expression-6.1.11.jar
2024-10-04 11:29:11,157 [AetherRepositoryConnector-maven.vie.sst.stp-0-3] INFO  o.e.m.c.i.e.AbstractTransferListenerAdapter - Downloading http://maven.vie.sst.stp/content/groups/approved/org/springframework/boot/spring-boot-devtools/3.2.8/spring-boot-devtools-3.2.8.jar
2024-10-04 11:29:11,372 [AetherRepositoryConnector-maven.vie.sst.stp-0-0] INFO  o.e.m.c.i.e.AbstractTransferListenerAdapter - Downloading http://maven.vie.sst.stp/content/groups/approved/org/springframework/boot/spring-boot/3.2.8/spring-boot-3.2.8.jar
2024-10-04 11:29:11,549 [AetherRepositoryConnector-maven.vie.sst.stp-0-1] INFO  o.e.m.c.i.e.AbstractTransferListenerAdapter - Downloaded http://maven.vie.sst.stp/content/groups/approved/org/springframework/spring-expression/6.1.11/spring-expression-6.1.11.jar
2024-10-04 11:29:11,762 [AetherRepositoryConnector-maven.vie.sst.stp-0-3] INFO  o.e.m.c.i.e.AbstractTransferListenerAdapter - Downloaded http://maven.vie.sst.stp/content/groups/approved/org/springframework/boot/spring-boot-devtools/3.2.8/spring-boot-devtools-3.2.8.jar
2024-10-04 11:29:11,803 [AetherRepositoryConnector-maven.vie.sst.stp-0-1] INFO  o.e.m.c.i.e.AbstractTransferListenerAdapter - Downloading http://maven.vie.sst.stp/content/groups/approved/org/springframework/boot/spring-boot-autoconfigure/3.2.8/spring-boot-autoconfigure-3.2.8.jar
2024-10-04 11:29:12,013 [AetherRepositoryConnector-maven.vie.sst.stp-0-3] INFO  o.e.m.c.i.e.AbstractTransferListenerAdapter - Downloading http://maven.vie.sst.stp/content/groups/approved/org/postgresql/postgresql/42.6.2/postgresql-42.6.2.jar
2024-10-04 11:29:12,659 [AetherRepositoryConnector-maven.vie.sst.stp-0-0] INFO  o.e.m.c.i.e.AbstractTransferListenerAdapter - Downloaded http://maven.vie.sst.stp/content/groups/approved/org/springframework/boot/spring-boot/3.2.8/spring-boot-3.2.8.jar
2024-10-04 11:29:12,923 [AetherRepositoryConnector-maven.vie.sst.stp-0-0] INFO  o.e.m.c.i.e.AbstractTransferListenerAdapter - Downloading http://maven.vie.sst.stp/content/groups/approved/org/checkerframework/checker-qual/3.31.0/checker-qual-3.31.0.jar
2024-10-04 11:29:13,035 [AetherRepositoryConnector-maven.vie.sst.stp-0-3] INFO  o.e.m.c.i.e.AbstractTransferListenerAdapter - Downloaded http://maven.vie.sst.stp/content/groups/approved/org/postgresql/postgresql/42.6.2/postgresql-42.6.2.jar
2024-10-04 11:29:13,176 [AetherRepositoryConnector-maven.vie.sst.stp-0-0] INFO  o.e.m.c.i.e.AbstractTransferListenerAdapter - Downloaded http://maven.vie.sst.stp/content/groups/approved/org/checkerframework/checker-qual/3.31.0/checker-qual-3.31.0.jar
2024-10-04 11:29:13,276 [AetherRepositoryConnector-maven.vie.sst.stp-0-2] INFO  o.e.m.c.i.e.AbstractTransferListenerAdapter - Downloaded http://maven.vie.sst.stp/content/groups/approved/org/springframework/spring-webmvc/6.1.11/spring-webmvc-6.1.11.jar
2024-10-04 11:29:13,286 [AetherRepositoryConnector-maven.vie.sst.stp-0-3] INFO  o.e.m.c.i.e.AbstractTransferListenerAdapter - Downloading http://maven.vie.sst.stp/content/groups/approved/org/springframework/boot/spring-boot-starter-test/3.2.8/spring-boot-starter-test-3.2.8.jar
2024-10-04 11:29:13,291 [AetherRepositoryConnector-maven.vie.sst.stp-0-1] INFO  o.e.m.c.i.e.AbstractTransferListenerAdapter - Downloaded http://maven.vie.sst.stp/content/groups/approved/org/springframework/boot/spring-boot-autoconfigure/3.2.8/spring-boot-autoconfigure-3.2.8.jar
2024-10-04 11:29:13,423 [AetherRepositoryConnector-maven.vie.sst.stp-0-0] INFO  o.e.m.c.i.e.AbstractTransferListenerAdapter - Downloading http://maven.vie.sst.stp/content/groups/approved/org/springframework/boot/spring-boot-test/3.2.8/spring-boot-test-3.2.8.jar
2024-10-04 11:29:13,451 [AetherRepositoryConnector-maven.vie.sst.stp-0-1] INFO  o.e.m.c.i.e.AbstractTransferListenerAdapter - Downloading http://maven.vie.sst.stp/content/groups/approved/com/jayway/jsonpath/json-path/2.9.0/json-path-2.9.0.jar
2024-10-04 11:29:13,523 [AetherRepositoryConnector-maven.vie.sst.stp-0-2] INFO  o.e.m.c.i.e.AbstractTransferListenerAdapter - Downloading http://maven.vie.sst.stp/content/groups/approved/org/springframework/boot/spring-boot-test-autoconfigure/3.2.8/spring-boot-test-autoconfigure-3.2.8.jar
2024-10-04 11:29:13,538 [AetherRepositoryConnector-maven.vie.sst.stp-0-3] INFO  o.e.m.c.i.e.AbstractTransferListenerAdapter - Downloaded http://maven.vie.sst.stp/content/groups/approved/org/springframework/boot/spring-boot-starter-test/3.2.8/spring-boot-starter-test-3.2.8.jar
2024-10-04 11:29:13,677 [AetherRepositoryConnector-maven.vie.sst.stp-0-0] INFO  o.e.m.c.i.e.AbstractTransferListenerAdapter - Downloaded http://maven.vie.sst.stp/content/groups/approved/org/springframework/boot/spring-boot-test/3.2.8/spring-boot-test-3.2.8.jar
2024-10-04 11:29:13,782 [AetherRepositoryConnector-maven.vie.sst.stp-0-3] INFO  o.e.m.c.i.e.AbstractTransferListenerAdapter - Downloading http://maven.vie.sst.stp/content/groups/approved/jakarta/xml/bind/jakarta.xml.bind-api/4.0.2/jakarta.xml.bind-api-4.0.2.jar
2024-10-04 11:29:13,836 [AetherRepositoryConnector-maven.vie.sst.stp-0-0] INFO  o.e.m.c.i.e.AbstractTransferListenerAdapter - Downloading http://maven.vie.sst.stp/content/groups/approved/jakarta/activation/jakarta.activation-api/2.1.3/jakarta.activation-api-2.1.3.jar
2024-10-04 11:29:13,852 [AetherRepositoryConnector-maven.vie.sst.stp-0-1] INFO  o.e.m.c.i.e.AbstractTransferListenerAdapter - Downloaded http://maven.vie.sst.stp/content/groups/approved/com/jayway/jsonpath/json-path/2.9.0/json-path-2.9.0.jar
2024-10-04 11:29:13,927 [AetherRepositoryConnector-maven.vie.sst.stp-0-2] INFO  o.e.m.c.i.e.AbstractTransferListenerAdapter - Downloaded http://maven.vie.sst.stp/content/groups/approved/org/springframework/boot/spring-boot-test-autoconfigure/3.2.8/spring-boot-test-autoconfigure-3.2.8.jar
2024-10-04 11:29:14,002 [AetherRepositoryConnector-maven.vie.sst.stp-0-0] INFO  o.e.m.c.i.e.AbstractTransferListenerAdapter - Downloaded http://maven.vie.sst.stp/content/groups/approved/jakarta/activation/jakarta.activation-api/2.1.3/jakarta.activation-api-2.1.3.jar
2024-10-04 11:29:14,010 [AetherRepositoryConnector-maven.vie.sst.stp-0-1] INFO  o.e.m.c.i.e.AbstractTransferListenerAdapter - Downloading http://maven.vie.sst.stp/content/groups/approved/net/minidev/json-smart/2.5.1/json-smart-2.5.1.jar
2024-10-04 11:29:14,031 [AetherRepositoryConnector-maven.vie.sst.stp-0-3] INFO  o.e.m.c.i.e.AbstractTransferListenerAdapter - Downloaded http://maven.vie.sst.stp/content/groups/approved/jakarta/xml/bind/jakarta.xml.bind-api/4.0.2/jakarta.xml.bind-api-4.0.2.jar
2024-10-04 11:29:14,088 [AetherRepositoryConnector-maven.vie.sst.stp-0-2] INFO  o.e.m.c.i.e.AbstractTransferListenerAdapter - Downloading http://maven.vie.sst.stp/content/groups/approved/net/minidev/accessors-smart/2.5.1/accessors-smart-2.5.1.jar
2024-10-04 11:29:14,165 [AetherRepositoryConnector-maven.vie.sst.stp-0-0] INFO  o.e.m.c.i.e.AbstractTransferListenerAdapter - Downloading http://maven.vie.sst.stp/content/groups/approved/org/ow2/asm/asm/9.6/asm-9.6.jar
2024-10-04 11:29:14,254 [AetherRepositoryConnector-maven.vie.sst.stp-0-2] INFO  o.e.m.c.i.e.AbstractTransferListenerAdapter - Downloaded http://maven.vie.sst.stp/content/groups/approved/net/minidev/accessors-smart/2.5.1/accessors-smart-2.5.1.jar
2024-10-04 11:29:14,261 [AetherRepositoryConnector-maven.vie.sst.stp-0-1] INFO  o.e.m.c.i.e.AbstractTransferListenerAdapter - Downloaded http://maven.vie.sst.stp/content/groups/approved/net/minidev/json-smart/2.5.1/json-smart-2.5.1.jar
2024-10-04 11:29:14,279 [AetherRepositoryConnector-maven.vie.sst.stp-0-3] INFO  o.e.m.c.i.e.AbstractTransferListenerAdapter - Downloading http://maven.vie.sst.stp/content/groups/approved/org/assertj/assertj-core/3.24.2/assertj-core-3.24.2.jar
2024-10-04 11:29:14,408 [AetherRepositoryConnector-maven.vie.sst.stp-0-0] INFO  o.e.m.c.i.e.AbstractTransferListenerAdapter - Downloaded http://maven.vie.sst.stp/content/groups/approved/org/ow2/asm/asm/9.6/asm-9.6.jar
2024-10-04 11:29:14,419 [AetherRepositoryConnector-maven.vie.sst.stp-0-1] INFO  o.e.m.c.i.e.AbstractTransferListenerAdapter - Downloading http://maven.vie.sst.stp/content/groups/approved/org/hamcrest/hamcrest/2.2/hamcrest-2.2.jar
2024-10-04 11:29:14,450 [AetherRepositoryConnector-maven.vie.sst.stp-0-4] INFO  o.e.m.c.i.e.AbstractTransferListenerAdapter - Downloaded http://maven.vie.sst.stp/content/groups/approved/org/apache/tomcat/embed/tomcat-embed-core/10.1.26/tomcat-embed-core-10.1.26.jar
2024-10-04 11:29:14,501 [AetherRepositoryConnector-maven.vie.sst.stp-0-2] INFO  o.e.m.c.i.e.AbstractTransferListenerAdapter - Downloading http://maven.vie.sst.stp/content/groups/approved/org/awaitility/awaitility/4.2.1/awaitility-4.2.1.jar
2024-10-04 11:29:14,568 [AetherRepositoryConnector-maven.vie.sst.stp-0-0] INFO  o.e.m.c.i.e.AbstractTransferListenerAdapter - Downloading http://maven.vie.sst.stp/content/groups/approved/org/junit/jupiter/junit-jupiter/5.10.3/junit-jupiter-5.10.3.jar
2024-10-04 11:29:14,584 [AetherRepositoryConnector-maven.vie.sst.stp-0-1] INFO  o.e.m.c.i.e.AbstractTransferListenerAdapter - Downloaded http://maven.vie.sst.stp/content/groups/approved/org/hamcrest/hamcrest/2.2/hamcrest-2.2.jar
2024-10-04 11:29:14,616 [AetherRepositoryConnector-maven.vie.sst.stp-0-4] INFO  o.e.m.c.i.e.AbstractTransferListenerAdapter - Downloading http://maven.vie.sst.stp/content/groups/approved/org/junit/jupiter/junit-jupiter-api/5.10.3/junit-jupiter-api-5.10.3.jar
2024-10-04 11:29:14,743 [AetherRepositoryConnector-maven.vie.sst.stp-0-1] INFO  o.e.m.c.i.e.AbstractTransferListenerAdapter - Downloading http://maven.vie.sst.stp/content/groups/approved/org/opentest4j/opentest4j/1.3.0/opentest4j-1.3.0.jar
2024-10-04 11:29:14,745 [AetherRepositoryConnector-maven.vie.sst.stp-0-2] INFO  o.e.m.c.i.e.AbstractTransferListenerAdapter - Downloaded http://maven.vie.sst.stp/content/groups/approved/org/awaitility/awaitility/4.2.1/awaitility-4.2.1.jar
2024-10-04 11:29:14,818 [AetherRepositoryConnector-maven.vie.sst.stp-0-0] INFO  o.e.m.c.i.e.AbstractTransferListenerAdapter - Downloaded http://maven.vie.sst.stp/content/groups/approved/org/junit/jupiter/junit-jupiter/5.10.3/junit-jupiter-5.10.3.jar
2024-10-04 11:29:14,905 [AetherRepositoryConnector-maven.vie.sst.stp-0-2] INFO  o.e.m.c.i.e.AbstractTransferListenerAdapter - Downloading http://maven.vie.sst.stp/content/groups/approved/org/junit/platform/junit-platform-commons/1.10.3/junit-platform-commons-1.10.3.jar
2024-10-04 11:29:14,978 [AetherRepositoryConnector-maven.vie.sst.stp-0-0] INFO  o.e.m.c.i.e.AbstractTransferListenerAdapter - Downloading http://maven.vie.sst.stp/content/groups/approved/org/apiguardian/apiguardian-api/1.1.2/apiguardian-api-1.1.2.jar
2024-10-04 11:29:14,991 [AetherRepositoryConnector-maven.vie.sst.stp-0-1] INFO  o.e.m.c.i.e.AbstractTransferListenerAdapter - Downloaded http://maven.vie.sst.stp/content/groups/approved/org/opentest4j/opentest4j/1.3.0/opentest4j-1.3.0.jar
2024-10-04 11:29:15,071 [AetherRepositoryConnector-maven.vie.sst.stp-0-2] INFO  o.e.m.c.i.e.AbstractTransferListenerAdapter - Downloaded http://maven.vie.sst.stp/content/groups/approved/org/junit/platform/junit-platform-commons/1.10.3/junit-platform-commons-1.10.3.jar
2024-10-04 11:29:15,141 [AetherRepositoryConnector-maven.vie.sst.stp-0-0] INFO  o.e.m.c.i.e.AbstractTransferListenerAdapter - Downloaded http://maven.vie.sst.stp/content/groups/approved/org/apiguardian/apiguardian-api/1.1.2/apiguardian-api-1.1.2.jar
2024-10-04 11:29:15,151 [AetherRepositoryConnector-maven.vie.sst.stp-0-1] INFO  o.e.m.c.i.e.AbstractTransferListenerAdapter - Downloading http://maven.vie.sst.stp/content/groups/approved/org/junit/jupiter/junit-jupiter-params/5.10.3/junit-jupiter-params-5.10.3.jar
2024-10-04 11:29:15,230 [AetherRepositoryConnector-maven.vie.sst.stp-0-2] INFO  o.e.m.c.i.e.AbstractTransferListenerAdapter - Downloading http://maven.vie.sst.stp/content/groups/approved/org/junit/jupiter/junit-jupiter-engine/5.10.3/junit-jupiter-engine-5.10.3.jar
2024-10-04 11:29:15,300 [AetherRepositoryConnector-maven.vie.sst.stp-0-0] INFO  o.e.m.c.i.e.AbstractTransferListenerAdapter - Downloading http://maven.vie.sst.stp/content/groups/approved/org/junit/platform/junit-platform-engine/1.10.3/junit-platform-engine-1.10.3.jar
2024-10-04 11:29:15,305 [AetherRepositoryConnector-maven.vie.sst.stp-0-3] INFO  o.e.m.c.i.e.AbstractTransferListenerAdapter - Downloaded http://maven.vie.sst.stp/content/groups/approved/org/assertj/assertj-core/3.24.2/assertj-core-3.24.2.jar
2024-10-04 11:29:15,556 [AetherRepositoryConnector-maven.vie.sst.stp-0-3] INFO  o.e.m.c.i.e.AbstractTransferListenerAdapter - Downloading http://maven.vie.sst.stp/content/groups/approved/org/mockito/mockito-core/5.7.0/mockito-core-5.7.0.jar
2024-10-04 11:29:15,644 [AetherRepositoryConnector-maven.vie.sst.stp-0-2] INFO  o.e.m.c.i.e.AbstractTransferListenerAdapter - Downloaded http://maven.vie.sst.stp/content/groups/approved/org/junit/jupiter/junit-jupiter-engine/5.10.3/junit-jupiter-engine-5.10.3.jar
2024-10-04 11:29:15,700 [AetherRepositoryConnector-maven.vie.sst.stp-0-0] INFO  o.e.m.c.i.e.AbstractTransferListenerAdapter - Downloaded http://maven.vie.sst.stp/content/groups/approved/org/junit/platform/junit-platform-engine/1.10.3/junit-platform-engine-1.10.3.jar
2024-10-04 11:29:15,858 [AetherRepositoryConnector-maven.vie.sst.stp-0-1] INFO  o.e.m.c.i.e.AbstractTransferListenerAdapter - Downloaded http://maven.vie.sst.stp/content/groups/approved/org/junit/jupiter/junit-jupiter-params/5.10.3/junit-jupiter-params-5.10.3.jar
2024-10-04 11:29:15,860 [AetherRepositoryConnector-maven.vie.sst.stp-0-0] INFO  o.e.m.c.i.e.AbstractTransferListenerAdapter - Downloading http://maven.vie.sst.stp/content/groups/approved/org/objenesis/objenesis/3.3/objenesis-3.3.jar
2024-10-04 11:29:15,896 [AetherRepositoryConnector-maven.vie.sst.stp-0-2] INFO  o.e.m.c.i.e.AbstractTransferListenerAdapter - Downloading http://maven.vie.sst.stp/content/groups/approved/net/bytebuddy/byte-buddy-agent/1.14.18/byte-buddy-agent-1.14.18.jar
2024-10-04 11:29:16,104 [AetherRepositoryConnector-maven.vie.sst.stp-0-0] INFO  o.e.m.c.i.e.AbstractTransferListenerAdapter - Downloaded http://maven.vie.sst.stp/content/groups/approved/org/objenesis/objenesis/3.3/objenesis-3.3.jar
2024-10-04 11:29:16,112 [AetherRepositoryConnector-maven.vie.sst.stp-0-4] INFO  o.e.m.c.i.e.AbstractTransferListenerAdapter - Downloaded http://maven.vie.sst.stp/content/groups/approved/org/junit/jupiter/junit-jupiter-api/5.10.3/junit-jupiter-api-5.10.3.jar
2024-10-04 11:29:16,115 [AetherRepositoryConnector-maven.vie.sst.stp-0-1] INFO  o.e.m.c.i.e.AbstractTransferListenerAdapter - Downloading http://maven.vie.sst.stp/content/groups/approved/org/mockito/mockito-junit-jupiter/5.7.0/mockito-junit-jupiter-5.7.0.jar
2024-10-04 11:29:16,262 [AetherRepositoryConnector-maven.vie.sst.stp-0-0] INFO  o.e.m.c.i.e.AbstractTransferListenerAdapter - Downloading http://maven.vie.sst.stp/content/groups/approved/org/skyscreamer/jsonassert/1.5.3/jsonassert-1.5.3.jar
2024-10-04 11:29:16,269 [AetherRepositoryConnector-maven.vie.sst.stp-0-4] INFO  o.e.m.c.i.e.AbstractTransferListenerAdapter - Downloading http://maven.vie.sst.stp/content/groups/approved/com/vaadin/external/google/android-json/0.0.20131108.vaadin1/android-json-0.0.20131108.vaadin1.jar
2024-10-04 11:29:16,272 [AetherRepositoryConnector-maven.vie.sst.stp-0-3] INFO  o.e.m.c.i.e.AbstractTransferListenerAdapter - Downloaded http://maven.vie.sst.stp/content/groups/approved/org/mockito/mockito-core/5.7.0/mockito-core-5.7.0.jar
2024-10-04 11:29:16,300 [AetherRepositoryConnector-maven.vie.sst.stp-0-2] INFO  o.e.m.c.i.e.AbstractTransferListenerAdapter - Downloaded http://maven.vie.sst.stp/content/groups/approved/net/bytebuddy/byte-buddy-agent/1.14.18/byte-buddy-agent-1.14.18.jar
2024-10-04 11:29:16,361 [AetherRepositoryConnector-maven.vie.sst.stp-0-1] INFO  o.e.m.c.i.e.AbstractTransferListenerAdapter - Downloaded http://maven.vie.sst.stp/content/groups/approved/org/mockito/mockito-junit-jupiter/5.7.0/mockito-junit-jupiter-5.7.0.jar
2024-10-04 11:29:16,433 [AetherRepositoryConnector-maven.vie.sst.stp-0-4] INFO  o.e.m.c.i.e.AbstractTransferListenerAdapter - Downloaded http://maven.vie.sst.stp/content/groups/approved/com/vaadin/external/google/android-json/0.0.20131108.vaadin1/android-json-0.0.20131108.vaadin1.jar
2024-10-04 11:29:16,512 [AetherRepositoryConnector-maven.vie.sst.stp-0-0] INFO  o.e.m.c.i.e.AbstractTransferListenerAdapter - Downloaded http://maven.vie.sst.stp/content/groups/approved/org/skyscreamer/jsonassert/1.5.3/jsonassert-1.5.3.jar
2024-10-04 11:29:16,526 [AetherRepositoryConnector-maven.vie.sst.stp-0-3] INFO  o.e.m.c.i.e.AbstractTransferListenerAdapter - Downloading http://maven.vie.sst.stp/content/groups/approved/org/springframework/spring-core/6.1.11/spring-core-6.1.11.jar
2024-10-04 11:29:16,550 [AetherRepositoryConnector-maven.vie.sst.stp-0-2] INFO  o.e.m.c.i.e.AbstractTransferListenerAdapter - Downloading http://maven.vie.sst.stp/content/groups/approved/org/springframework/spring-jcl/6.1.11/spring-jcl-6.1.11.jar
2024-10-04 11:29:16,593 [AetherRepositoryConnector-maven.vie.sst.stp-0-4] INFO  o.e.m.c.i.e.AbstractTransferListenerAdapter - Downloading http://maven.vie.sst.stp/content/groups/approved/org/xmlunit/xmlunit-core/2.9.1/xmlunit-core-2.9.1.jar
2024-10-04 11:29:16,614 [AetherRepositoryConnector-maven.vie.sst.stp-0-1] INFO  o.e.m.c.i.e.AbstractTransferListenerAdapter - Downloading http://maven.vie.sst.stp/content/groups/approved/org/springframework/spring-test/6.1.11/spring-test-6.1.11.jar
2024-10-04 11:29:16,761 [AetherRepositoryConnector-maven.vie.sst.stp-0-4] INFO  o.e.m.c.i.e.AbstractTransferListenerAdapter - Downloaded http://maven.vie.sst.stp/content/groups/approved/org/xmlunit/xmlunit-core/2.9.1/xmlunit-core-2.9.1.jar
2024-10-04 11:29:16,762 [AetherRepositoryConnector-maven.vie.sst.stp-0-0] INFO  o.e.m.c.i.e.AbstractTransferListenerAdapter - Downloading http://maven.vie.sst.stp/content/groups/approved/org/projectlombok/lombok/1.18.34/lombok-1.18.34.jar
2024-10-04 11:29:16,794 [AetherRepositoryConnector-maven.vie.sst.stp-0-2] INFO  o.e.m.c.i.e.AbstractTransferListenerAdapter - Downloaded http://maven.vie.sst.stp/content/groups/approved/org/springframework/spring-jcl/6.1.11/spring-jcl-6.1.11.jar
2024-10-04 11:29:17,009 [AetherRepositoryConnector-maven.vie.sst.stp-0-4] INFO  o.e.m.c.i.e.AbstractTransferListenerAdapter - Downloading http://maven.vie.sst.stp/content/groups/approved/javax/validation/validation-api/2.0.1.Final/validation-api-2.0.1.Final.jar
2024-10-04 11:29:17,255 [AetherRepositoryConnector-maven.vie.sst.stp-0-4] INFO  o.e.m.c.i.e.AbstractTransferListenerAdapter - Downloaded http://maven.vie.sst.stp/content/groups/approved/javax/validation/validation-api/2.0.1.Final/validation-api-2.0.1.Final.jar
2024-10-04 11:29:17,629 [AetherRepositoryConnector-maven.vie.sst.stp-0-1] INFO  o.e.m.c.i.e.AbstractTransferListenerAdapter - Downloaded http://maven.vie.sst.stp/content/groups/approved/org/springframework/spring-test/6.1.11/spring-test-6.1.11.jar
2024-10-04 11:29:17,712 [AetherRepositoryConnector-maven.vie.sst.stp-0-3] INFO  o.e.m.c.i.e.AbstractTransferListenerAdapter - Downloaded http://maven.vie.sst.stp/content/groups/approved/org/springframework/spring-core/6.1.11/spring-core-6.1.11.jar
2024-10-04 11:29:18,725 [AetherRepositoryConnector-maven.vie.sst.stp-0-0] INFO  o.e.m.c.i.e.AbstractTransferListenerAdapter - Downloaded http://maven.vie.sst.stp/content/groups/approved/org/projectlombok/lombok/1.18.34/lombok-1.18.34.jar
2024-10-04 11:29:25,761 [Worker-6: Building] INFO  o.e.m.c.i.e.AbstractTransferListenerAdapter - Downloading http://maven.vie.sst.stp/content/groups/approved/org/springframework/boot/spring-boot-maven-plugin/3.2.8/spring-boot-maven-plugin-3.2.8.pom
2024-10-04 11:29:26,020 [Worker-6: Building] INFO  o.e.m.c.i.e.AbstractTransferListenerAdapter - Downloaded http://maven.vie.sst.stp/content/groups/approved/org/springframework/boot/spring-boot-maven-plugin/3.2.8/spring-boot-maven-plugin-3.2.8.pom
2024-10-04 11:29:26,278 [Worker-6: Building] INFO  o.e.m.c.i.e.AbstractTransferListenerAdapter - Downloading http://maven.vie.sst.stp/content/groups/approved/org/springframework/boot/spring-boot-maven-plugin/3.2.8/spring-boot-maven-plugin-3.2.8.jar
2024-10-04 11:29:26,989 [Worker-6: Building] INFO  o.e.m.c.i.e.AbstractTransferListenerAdapter - Downloaded http://maven.vie.sst.stp/content/groups/approved/org/springframework/boot/spring-boot-maven-plugin/3.2.8/spring-boot-maven-plugin-3.2.8.jar
2024-10-04 11:29:27,233 [Worker-6: Building] INFO  o.e.m.c.i.e.AbstractTransferListenerAdapter - Downloading http://maven.vie.sst.stp/content/groups/approved/org/apache/maven/plugins/maven-resources-plugin/3.3.1/maven-resources-plugin-3.3.1.pom
2024-10-04 11:29:27,402 [Worker-6: Building] INFO  o.e.m.c.i.e.AbstractTransferListenerAdapter - Downloaded http://maven.vie.sst.stp/content/groups/approved/org/apache/maven/plugins/maven-resources-plugin/3.3.1/maven-resources-plugin-3.3.1.pom
2024-10-04 11:29:27,578 [Worker-6: Building] INFO  o.e.m.c.i.e.AbstractTransferListenerAdapter - Downloading http://maven.vie.sst.stp/content/groups/approved/org/apache/maven/plugins/maven-plugins/39/maven-plugins-39.pom
2024-10-04 11:29:27,746 [Worker-6: Building] INFO  o.e.m.c.i.e.AbstractTransferListenerAdapter - Downloaded http://maven.vie.sst.stp/content/groups/approved/org/apache/maven/plugins/maven-plugins/39/maven-plugins-39.pom
2024-10-04 11:29:27,924 [Worker-6: Building] INFO  o.e.m.c.i.e.AbstractTransferListenerAdapter - Downloading http://maven.vie.sst.stp/content/groups/approved/org/apache/maven/maven-parent/39/maven-parent-39.pom
2024-10-04 11:29:28,091 [Worker-6: Building] INFO  o.e.m.c.i.e.AbstractTransferListenerAdapter - Downloaded http://maven.vie.sst.stp/content/groups/approved/org/apache/maven/maven-parent/39/maven-parent-39.pom
2024-10-04 11:29:28,421 [Worker-6: Building] INFO  o.e.m.c.i.e.AbstractTransferListenerAdapter - Downloading http://maven.vie.sst.stp/content/groups/approved/org/apache/apache/29/apache-29.pom
2024-10-04 11:29:28,739 [Worker-6: Building] INFO  o.e.m.c.i.e.AbstractTransferListenerAdapter - Downloaded http://maven.vie.sst.stp/content/groups/approved/org/apache/apache/29/apache-29.pom
2024-10-04 11:29:28,914 [Worker-6: Building] INFO  o.e.m.c.i.e.AbstractTransferListenerAdapter - Downloading http://maven.vie.sst.stp/content/groups/approved/org/apache/maven/plugins/maven-resources-plugin/3.3.1/maven-resources-plugin-3.3.1.jar
2024-10-04 11:29:29,080 [Worker-6: Building] INFO  o.e.m.c.i.e.AbstractTransferListenerAdapter - Downloaded http://maven.vie.sst.stp/content/groups/approved/org/apache/maven/plugins/maven-resources-plugin/3.3.1/maven-resources-plugin-3.3.1.jar
2024-10-04 11:29:29,367 [Worker-6: Building] INFO  o.e.m.c.i.e.AbstractTransferListenerAdapter - Downloading http://maven.vie.sst.stp/content/groups/approved/org/apache/maven/plugins/maven-compiler-plugin/3.11.0/maven-compiler-plugin-3.11.0.pom
2024-10-04 11:29:29,535 [Worker-6: Building] INFO  o.e.m.c.i.e.AbstractTransferListenerAdapter - Downloaded http://maven.vie.sst.stp/content/groups/approved/org/apache/maven/plugins/maven-compiler-plugin/3.11.0/maven-compiler-plugin-3.11.0.pom
2024-10-04 11:29:29,709 [Worker-6: Building] INFO  o.e.m.c.i.e.AbstractTransferListenerAdapter - Downloading http://maven.vie.sst.stp/content/groups/approved/org/apache/maven/plugins/maven-compiler-plugin/3.11.0/maven-compiler-plugin-3.11.0.jar
2024-10-04 11:29:30,035 [Worker-6: Building] INFO  o.e.m.c.i.e.AbstractTransferListenerAdapter - Downloaded http://maven.vie.sst.stp/content/groups/approved/org/apache/maven/plugins/maven-compiler-plugin/3.11.0/maven-compiler-plugin-3.11.0.jar
2024-10-04 11:29:30,246 [Worker-6: Building] INFO  o.e.m.c.i.e.AbstractTransferListenerAdapter - Downloading http://maven.vie.sst.stp/content/groups/approved/org/apache/maven/plugins/maven-jar-plugin/3.3.0/maven-jar-plugin-3.3.0.pom
2024-10-04 11:29:30,412 [Worker-6: Building] INFO  o.e.m.c.i.e.AbstractTransferListenerAdapter - Downloaded http://maven.vie.sst.stp/content/groups/approved/org/apache/maven/plugins/maven-jar-plugin/3.3.0/maven-jar-plugin-3.3.0.pom
2024-10-04 11:29:30,580 [Worker-6: Building] INFO  o.e.m.c.i.e.AbstractTransferListenerAdapter - Downloading http://maven.vie.sst.stp/content/groups/approved/org/apache/maven/plugins/maven-plugins/37/maven-plugins-37.pom
2024-10-04 11:29:30,748 [Worker-6: Building] INFO  o.e.m.c.i.e.AbstractTransferListenerAdapter - Downloaded http://maven.vie.sst.stp/content/groups/approved/org/apache/maven/plugins/maven-plugins/37/maven-plugins-37.pom
2024-10-04 11:29:30,913 [Worker-6: Building] INFO  o.e.m.c.i.e.AbstractTransferListenerAdapter - Downloading http://maven.vie.sst.stp/content/groups/approved/org/apache/maven/maven-parent/37/maven-parent-37.pom
2024-10-04 11:29:31,084 [Worker-6: Building] INFO  o.e.m.c.i.e.AbstractTransferListenerAdapter - Downloaded http://maven.vie.sst.stp/content/groups/approved/org/apache/maven/maven-parent/37/maven-parent-37.pom
2024-10-04 11:29:31,249 [Worker-6: Building] INFO  o.e.m.c.i.e.AbstractTransferListenerAdapter - Downloading http://maven.vie.sst.stp/content/groups/approved/org/apache/apache/27/apache-27.pom
2024-10-04 11:29:31,568 [Worker-6: Building] INFO  o.e.m.c.i.e.AbstractTransferListenerAdapter - Downloaded http://maven.vie.sst.stp/content/groups/approved/org/apache/apache/27/apache-27.pom
2024-10-04 11:29:31,739 [Worker-6: Building] INFO  o.e.m.c.i.e.AbstractTransferListenerAdapter - Downloading http://maven.vie.sst.stp/content/groups/approved/org/apache/maven/plugins/maven-jar-plugin/3.3.0/maven-jar-plugin-3.3.0.jar
2024-10-04 11:29:31,906 [Worker-6: Building] INFO  o.e.m.c.i.e.AbstractTransferListenerAdapter - Downloaded http://maven.vie.sst.stp/content/groups/approved/org/apache/maven/plugins/maven-jar-plugin/3.3.0/maven-jar-plugin-3.3.0.jar
2024-10-04 11:29:32,129 [Worker-6: Building] INFO  o.e.m.c.i.e.AbstractTransferListenerAdapter - Downloading http://maven.vie.sst.stp/content/groups/approved/org/codehaus/plexus/plexus-interpolation/1.26/plexus-interpolation-1.26.pom
2024-10-04 11:29:32,294 [Worker-6: Building] INFO  o.e.m.c.i.e.AbstractTransferListenerAdapter - Downloaded http://maven.vie.sst.stp/content/groups/approved/org/codehaus/plexus/plexus-interpolation/1.26/plexus-interpolation-1.26.pom
2024-10-04 11:29:32,464 [Worker-6: Building] INFO  o.e.m.c.i.e.AbstractTransferListenerAdapter - Downloading http://maven.vie.sst.stp/content/groups/approved/org/codehaus/plexus/plexus-utils/3.5.1/plexus-utils-3.5.1.pom
2024-10-04 11:29:32,898 [Worker-6: Building] INFO  o.e.m.c.i.e.AbstractTransferListenerAdapter - Downloaded http://maven.vie.sst.stp/content/groups/approved/org/codehaus/plexus/plexus-utils/3.5.1/plexus-utils-3.5.1.pom
2024-10-04 11:29:33,116 [Worker-6: Building] INFO  o.e.m.c.i.e.AbstractTransferListenerAdapter - Downloading http://maven.vie.sst.stp/content/groups/approved/org/codehaus/plexus/plexus/10/plexus-10.pom
2024-10-04 11:29:33,437 [Worker-6: Building] INFO  o.e.m.c.i.e.AbstractTransferListenerAdapter - Downloaded http://maven.vie.sst.stp/content/groups/approved/org/codehaus/plexus/plexus/10/plexus-10.pom
2024-10-04 11:29:33,612 [Worker-6: Building] INFO  o.e.m.c.i.e.AbstractTransferListenerAdapter - Downloading http://maven.vie.sst.stp/content/groups/approved/org/apache/maven/shared/maven-filtering/3.3.1/maven-filtering-3.3.1.pom
2024-10-04 11:29:33,787 [Worker-6: Building] INFO  o.e.m.c.i.e.AbstractTransferListenerAdapter - Downloaded http://maven.vie.sst.stp/content/groups/approved/org/apache/maven/shared/maven-filtering/3.3.1/maven-filtering-3.3.1.pom
2024-10-04 11:29:33,953 [Worker-6: Building] INFO  o.e.m.c.i.e.AbstractTransferListenerAdapter - Downloading http://maven.vie.sst.stp/content/groups/approved/org/apache/maven/shared/maven-shared-components/39/maven-shared-components-39.pom
2024-10-04 11:29:34,120 [Worker-6: Building] INFO  o.e.m.c.i.e.AbstractTransferListenerAdapter - Downloaded http://maven.vie.sst.stp/content/groups/approved/org/apache/maven/shared/maven-shared-components/39/maven-shared-components-39.pom
2024-10-04 11:29:34,289 [Worker-6: Building] INFO  o.e.m.c.i.e.AbstractTransferListenerAdapter - Downloading http://maven.vie.sst.stp/content/groups/approved/org/slf4j/slf4j-api/1.7.36/slf4j-api-1.7.36.pom
2024-10-04 11:29:34,454 [Worker-6: Building] INFO  o.e.m.c.i.e.AbstractTransferListenerAdapter - Downloaded http://maven.vie.sst.stp/content/groups/approved/org/slf4j/slf4j-api/1.7.36/slf4j-api-1.7.36.pom
2024-10-04 11:29:34,619 [Worker-6: Building] INFO  o.e.m.c.i.e.AbstractTransferListenerAdapter - Downloading http://maven.vie.sst.stp/content/groups/approved/org/slf4j/slf4j-parent/1.7.36/slf4j-parent-1.7.36.pom
2024-10-04 11:29:34,785 [Worker-6: Building] INFO  o.e.m.c.i.e.AbstractTransferListenerAdapter - Downloaded http://maven.vie.sst.stp/content/groups/approved/org/slf4j/slf4j-parent/1.7.36/slf4j-parent-1.7.36.pom
2024-10-04 11:29:35,020 [Worker-6: Building] INFO  o.e.m.c.i.e.AbstractTransferListenerAdapter - Downloading http://maven.vie.sst.stp/content/groups/approved/org/codehaus/plexus/plexus-utils/3.5.0/plexus-utils-3.5.0.pom
2024-10-04 11:29:35,419 [Worker-6: Building] INFO  o.e.m.c.i.e.AbstractTransferListenerAdapter - Downloaded http://maven.vie.sst.stp/content/groups/approved/org/codehaus/plexus/plexus-utils/3.5.0/plexus-utils-3.5.0.pom
2024-10-04 11:29:35,588 [Worker-6: Building] INFO  o.e.m.c.i.e.AbstractTransferListenerAdapter - Downloading http://maven.vie.sst.stp/content/groups/approved/commons-io/commons-io/2.11.0/commons-io-2.11.0.pom
2024-10-04 11:29:35,753 [Worker-6: Building] INFO  o.e.m.c.i.e.AbstractTransferListenerAdapter - Downloaded http://maven.vie.sst.stp/content/groups/approved/commons-io/commons-io/2.11.0/commons-io-2.11.0.pom
2024-10-04 11:29:35,921 [Worker-6: Building] INFO  o.e.m.c.i.e.AbstractTransferListenerAdapter - Downloading http://maven.vie.sst.stp/content/groups/approved/org/apache/commons/commons-parent/52/commons-parent-52.pom
2024-10-04 11:29:36,240 [Worker-6: Building] INFO  o.e.m.c.i.e.AbstractTransferListenerAdapter - Downloaded http://maven.vie.sst.stp/content/groups/approved/org/apache/commons/commons-parent/52/commons-parent-52.pom
2024-10-04 11:29:36,411 [Worker-6: Building] INFO  o.e.m.c.i.e.AbstractTransferListenerAdapter - Downloading http://maven.vie.sst.stp/content/groups/approved/org/junit/junit-bom/5.7.2/junit-bom-5.7.2.pom
2024-10-04 11:29:36,575 [Worker-6: Building] INFO  o.e.m.c.i.e.AbstractTransferListenerAdapter - Downloaded http://maven.vie.sst.stp/content/groups/approved/org/junit/junit-bom/5.7.2/junit-bom-5.7.2.pom
2024-10-04 11:29:36,744 [Worker-6: Building] INFO  o.e.m.c.i.e.AbstractTransferListenerAdapter - Downloading http://maven.vie.sst.stp/content/groups/approved/org/apache/commons/commons-lang3/3.12.0/commons-lang3-3.12.0.pom
2024-10-04 11:29:36,909 [Worker-6: Building] INFO  o.e.m.c.i.e.AbstractTransferListenerAdapter - Downloaded http://maven.vie.sst.stp/content/groups/approved/org/apache/commons/commons-lang3/3.12.0/commons-lang3-3.12.0.pom
2024-10-04 11:29:37,081 [Worker-6: Building] INFO  o.e.m.c.i.e.AbstractTransferListenerAdapter - Downloading http://maven.vie.sst.stp/content/groups/approved/org/junit/junit-bom/5.7.1/junit-bom-5.7.1.pom
2024-10-04 11:29:37,247 [Worker-6: Building] INFO  o.e.m.c.i.e.AbstractTransferListenerAdapter - Downloaded http://maven.vie.sst.stp/content/groups/approved/org/junit/junit-bom/5.7.1/junit-bom-5.7.1.pom
2024-10-04 11:29:37,415 [AetherRepositoryConnector-maven.vie.sst.stp-1-1] INFO  o.e.m.c.i.e.AbstractTransferListenerAdapter - Downloading http://maven.vie.sst.stp/content/groups/approved/org/codehaus/plexus/plexus-utils/3.5.1/plexus-utils-3.5.1.jar
2024-10-04 11:29:37,573 [AetherRepositoryConnector-maven.vie.sst.stp-1-0] INFO  o.e.m.c.i.e.AbstractTransferListenerAdapter - Downloading http://maven.vie.sst.stp/content/groups/approved/org/codehaus/plexus/plexus-interpolation/1.26/plexus-interpolation-1.26.jar
2024-10-04 11:29:37,574 [AetherRepositoryConnector-maven.vie.sst.stp-1-4] INFO  o.e.m.c.i.e.AbstractTransferListenerAdapter - Downloading http://maven.vie.sst.stp/content/groups/approved/org/slf4j/slf4j-api/1.7.36/slf4j-api-1.7.36.jar
2024-10-04 11:29:37,582 [AetherRepositoryConnector-maven.vie.sst.stp-1-2] INFO  o.e.m.c.i.e.AbstractTransferListenerAdapter - Downloading http://maven.vie.sst.stp/content/groups/approved/org/apache/maven/shared/maven-filtering/3.3.1/maven-filtering-3.3.1.jar
2024-10-04 11:29:37,663 [AetherRepositoryConnector-maven.vie.sst.stp-1-3] INFO  o.e.m.c.i.e.AbstractTransferListenerAdapter - Downloading http://maven.vie.sst.stp/content/groups/approved/javax/inject/javax.inject/1/javax.inject-1.jar
2024-10-04 11:29:37,736 [AetherRepositoryConnector-maven.vie.sst.stp-1-1] INFO  o.e.m.c.i.e.AbstractTransferListenerAdapter - Downloaded http://maven.vie.sst.stp/content/groups/approved/org/codehaus/plexus/plexus-utils/3.5.1/plexus-utils-3.5.1.jar
2024-10-04 11:29:37,826 [AetherRepositoryConnector-maven.vie.sst.stp-1-3] INFO  o.e.m.c.i.e.AbstractTransferListenerAdapter - Downloaded http://maven.vie.sst.stp/content/groups/approved/javax/inject/javax.inject/1/javax.inject-1.jar
2024-10-04 11:29:37,895 [AetherRepositoryConnector-maven.vie.sst.stp-1-1] INFO  o.e.m.c.i.e.AbstractTransferListenerAdapter - Downloading http://maven.vie.sst.stp/content/groups/approved/commons-io/commons-io/2.11.0/commons-io-2.11.0.jar
2024-10-04 11:29:37,987 [AetherRepositoryConnector-maven.vie.sst.stp-1-3] INFO  o.e.m.c.i.e.AbstractTransferListenerAdapter - Downloading http://maven.vie.sst.stp/content/groups/approved/org/apache/commons/commons-lang3/3.12.0/commons-lang3-3.12.0.jar
2024-10-04 11:29:38,043 [AetherRepositoryConnector-maven.vie.sst.stp-1-4] INFO  o.e.m.c.i.e.AbstractTransferListenerAdapter - Downloaded http://maven.vie.sst.stp/content/groups/approved/org/slf4j/slf4j-api/1.7.36/slf4j-api-1.7.36.jar
2024-10-04 11:29:38,044 [AetherRepositoryConnector-maven.vie.sst.stp-1-0] INFO  o.e.m.c.i.e.AbstractTransferListenerAdapter - Downloaded http://maven.vie.sst.stp/content/groups/approved/org/codehaus/plexus/plexus-interpolation/1.26/plexus-interpolation-1.26.jar
2024-10-04 11:29:38,051 [AetherRepositoryConnector-maven.vie.sst.stp-1-2] INFO  o.e.m.c.i.e.AbstractTransferListenerAdapter - Downloaded http://maven.vie.sst.stp/content/groups/approved/org/apache/maven/shared/maven-filtering/3.3.1/maven-filtering-3.3.1.jar
2024-10-04 11:29:38,065 [AetherRepositoryConnector-maven.vie.sst.stp-1-1] INFO  o.e.m.c.i.e.AbstractTransferListenerAdapter - Downloaded http://maven.vie.sst.stp/content/groups/approved/commons-io/commons-io/2.11.0/commons-io-2.11.0.jar
2024-10-04 11:29:39,077 [AetherRepositoryConnector-maven.vie.sst.stp-1-3] INFO  o.e.m.c.i.e.AbstractTransferListenerAdapter - Downloaded http://maven.vie.sst.stp/content/groups/approved/org/apache/commons/commons-lang3/3.12.0/commons-lang3-3.12.0.jar
2024-10-04 11:29:39,607 [Worker-6: Building] INFO  o.a.m.s.f.DefaultMavenResourcesFiltering - Copying 1 resource from src\main\resources to target\classes
2024-10-04 11:29:39,619 [Worker-6: Building] INFO  o.a.m.s.f.DefaultMavenResourcesFiltering - Copying 0 resource from src\main\resources to target\classes
2024-10-04 11:29:39,622 [Worker-6: Building] INFO  o.a.m.s.f.DefaultMavenResourcesFiltering - skip non existing resourceDirectory C:\Users\awaikar\Documents\Self_Study\AdminManagementWorkSpace\sst-admin-management-backend\src\test\resources
2024-10-04 11:29:39,957 [Worker-6: Building] INFO  o.e.m.c.i.e.AbstractTransferListenerAdapter - Downloading http://maven.vie.sst.stp/content/groups/approved/org/apache/maven/plugins/maven-surefire-plugin/3.1.2/maven-surefire-plugin-3.1.2.pom
2024-10-04 11:29:40,123 [Worker-6: Building] INFO  o.e.m.c.i.e.AbstractTransferListenerAdapter - Downloaded http://maven.vie.sst.stp/content/groups/approved/org/apache/maven/plugins/maven-surefire-plugin/3.1.2/maven-surefire-plugin-3.1.2.pom
2024-10-04 11:29:40,297 [Worker-6: Building] INFO  o.e.m.c.i.e.AbstractTransferListenerAdapter - Downloading http://maven.vie.sst.stp/content/groups/approved/org/apache/maven/surefire/surefire/3.1.2/surefire-3.1.2.pom
2024-10-04 11:29:40,626 [Worker-6: Building] INFO  o.e.m.c.i.e.AbstractTransferListenerAdapter - Downloaded http://maven.vie.sst.stp/content/groups/approved/org/apache/maven/surefire/surefire/3.1.2/surefire-3.1.2.pom
2024-10-04 11:29:40,801 [Worker-6: Building] INFO  o.e.m.c.i.e.AbstractTransferListenerAdapter - Downloading http://maven.vie.sst.stp/content/groups/approved/org/apache/maven/plugins/maven-surefire-plugin/3.1.2/maven-surefire-plugin-3.1.2.jar
2024-10-04 11:29:41,120 [Worker-6: Building] INFO  o.e.m.c.i.e.AbstractTransferListenerAdapter - Downloaded http://maven.vie.sst.stp/content/groups/approved/org/apache/maven/plugins/maven-surefire-plugin/3.1.2/maven-surefire-plugin-3.1.2.jar
2024-10-04 11:29:41,501 [Worker-6: Building] INFO  o.e.m.c.i.e.AbstractTransferListenerAdapter - Downloading http://maven.vie.sst.stp/content/groups/approved/org/apache/maven/shared/file-management/3.1.0/file-management-3.1.0.pom
2024-10-04 11:29:41,666 [Worker-6: Building] INFO  o.e.m.c.i.e.AbstractTransferListenerAdapter - Downloaded http://maven.vie.sst.stp/content/groups/approved/org/apache/maven/shared/file-management/3.1.0/file-management-3.1.0.pom
2024-10-04 11:29:41,832 [Worker-6: Building] INFO  o.e.m.c.i.e.AbstractTransferListenerAdapter - Downloading http://maven.vie.sst.stp/content/groups/approved/org/apache/maven/shared/maven-shared-components/36/maven-shared-components-36.pom
2024-10-04 11:29:41,997 [Worker-6: Building] INFO  o.e.m.c.i.e.AbstractTransferListenerAdapter - Downloaded http://maven.vie.sst.stp/content/groups/approved/org/apache/maven/shared/maven-shared-components/36/maven-shared-components-36.pom
2024-10-04 11:29:42,163 [Worker-6: Building] INFO  o.e.m.c.i.e.AbstractTransferListenerAdapter - Downloading http://maven.vie.sst.stp/content/groups/approved/org/apache/maven/maven-parent/36/maven-parent-36.pom
2024-10-04 11:29:42,638 [Worker-6: Building] INFO  o.e.m.c.i.e.AbstractTransferListenerAdapter - Downloaded http://maven.vie.sst.stp/content/groups/approved/org/apache/maven/maven-parent/36/maven-parent-36.pom
2024-10-04 11:29:42,803 [Worker-6: Building] INFO  o.e.m.c.i.e.AbstractTransferListenerAdapter - Downloading http://maven.vie.sst.stp/content/groups/approved/org/apache/apache/26/apache-26.pom
2024-10-04 11:29:42,968 [Worker-6: Building] INFO  o.e.m.c.i.e.AbstractTransferListenerAdapter - Downloaded http://maven.vie.sst.stp/content/groups/approved/org/apache/apache/26/apache-26.pom
2024-10-04 11:29:43,148 [Worker-6: Building] INFO  o.e.m.c.i.e.AbstractTransferListenerAdapter - Downloading http://maven.vie.sst.stp/content/groups/approved/org/apache/maven/maven-archiver/3.6.0/maven-archiver-3.6.0.pom
2024-10-04 11:29:43,312 [Worker-6: Building] INFO  o.e.m.c.i.e.AbstractTransferListenerAdapter - Downloaded http://maven.vie.sst.stp/content/groups/approved/org/apache/maven/maven-archiver/3.6.0/maven-archiver-3.6.0.pom
2024-10-04 11:29:43,479 [Worker-6: Building] INFO  o.e.m.c.i.e.AbstractTransferListenerAdapter - Downloading http://maven.vie.sst.stp/content/groups/approved/org/codehaus/plexus/plexus-io/3.4.0/plexus-io-3.4.0.pom
2024-10-04 11:29:43,727 [Worker-6: Building] INFO  o.e.m.c.i.e.AbstractTransferListenerAdapter - Downloaded http://maven.vie.sst.stp/content/groups/approved/org/codehaus/plexus/plexus-io/3.4.0/plexus-io-3.4.0.pom
2024-10-04 11:29:43,948 [Worker-6: Building] INFO  o.e.m.c.i.e.AbstractTransferListenerAdapter - Downloading http://maven.vie.sst.stp/content/groups/approved/org/codehaus/plexus/plexus-archiver/4.4.0/plexus-archiver-4.4.0.pom
2024-10-04 11:29:44,115 [Worker-6: Building] INFO  o.e.m.c.i.e.AbstractTransferListenerAdapter - Downloaded http://maven.vie.sst.stp/content/groups/approved/org/codehaus/plexus/plexus-archiver/4.4.0/plexus-archiver-4.4.0.pom
2024-10-04 11:29:44,284 [Worker-6: Building] INFO  o.e.m.c.i.e.AbstractTransferListenerAdapter - Downloading http://maven.vie.sst.stp/content/groups/approved/org/apache/commons/commons-compress/1.21/commons-compress-1.21.pom
2024-10-04 11:29:44,449 [Worker-6: Building] INFO  o.e.m.c.i.e.AbstractTransferListenerAdapter - Downloaded http://maven.vie.sst.stp/content/groups/approved/org/apache/commons/commons-compress/1.21/commons-compress-1.21.pom
2024-10-04 11:29:44,619 [Worker-6: Building] INFO  o.e.m.c.i.e.AbstractTransferListenerAdapter - Downloading http://maven.vie.sst.stp/content/groups/approved/org/iq80/snappy/snappy/0.4/snappy-0.4.pom
2024-10-04 11:29:44,783 [Worker-6: Building] INFO  o.e.m.c.i.e.AbstractTransferListenerAdapter - Downloaded http://maven.vie.sst.stp/content/groups/approved/org/iq80/snappy/snappy/0.4/snappy-0.4.pom
2024-10-04 11:29:44,952 [Worker-6: Building] INFO  o.e.m.c.i.e.AbstractTransferListenerAdapter - Downloading http://maven.vie.sst.stp/content/groups/approved/org/tukaani/xz/1.9/xz-1.9.pom
2024-10-04 11:29:45,114 [Worker-6: Building] INFO  o.e.m.c.i.e.AbstractTransferListenerAdapter - Downloaded http://maven.vie.sst.stp/content/groups/approved/org/tukaani/xz/1.9/xz-1.9.pom
2024-10-04 11:29:45,281 [Worker-6: Building] INFO  o.e.m.c.i.e.AbstractTransferListenerAdapter - Downloading http://maven.vie.sst.stp/content/groups/approved/org/codehaus/plexus/plexus-utils/3.4.2/plexus-utils-3.4.2.pom
2024-10-04 11:29:45,448 [Worker-6: Building] INFO  o.e.m.c.i.e.AbstractTransferListenerAdapter - Downloaded http://maven.vie.sst.stp/content/groups/approved/org/codehaus/plexus/plexus-utils/3.4.2/plexus-utils-3.4.2.pom
2024-10-04 11:29:45,615 [Worker-6: Building] INFO  o.e.m.c.i.e.AbstractTransferListenerAdapter - Downloading http://maven.vie.sst.stp/content/groups/approved/org/codehaus/plexus/plexus/8/plexus-8.pom
2024-10-04 11:29:45,782 [Worker-6: Building] INFO  o.e.m.c.i.e.AbstractTransferListenerAdapter - Downloaded http://maven.vie.sst.stp/content/groups/approved/org/codehaus/plexus/plexus/8/plexus-8.pom
2024-10-04 11:29:45,950 [AetherRepositoryConnector-maven.vie.sst.stp-2-0] INFO  o.e.m.c.i.e.AbstractTransferListenerAdapter - Downloading http://maven.vie.sst.stp/content/groups/approved/org/apache/maven/shared/file-management/3.1.0/file-management-3.1.0.jar
2024-10-04 11:29:46,108 [AetherRepositoryConnector-maven.vie.sst.stp-2-1] INFO  o.e.m.c.i.e.AbstractTransferListenerAdapter - Downloading http://maven.vie.sst.stp/content/groups/approved/org/apache/maven/maven-archiver/3.6.0/maven-archiver-3.6.0.jar
2024-10-04 11:29:46,113 [AetherRepositoryConnector-maven.vie.sst.stp-2-4] INFO  o.e.m.c.i.e.AbstractTransferListenerAdapter - Downloading http://maven.vie.sst.stp/content/groups/approved/org/apache/commons/commons-compress/1.21/commons-compress-1.21.jar
2024-10-04 11:29:46,114 [AetherRepositoryConnector-maven.vie.sst.stp-2-0] INFO  o.e.m.c.i.e.AbstractTransferListenerAdapter - Downloaded http://maven.vie.sst.stp/content/groups/approved/org/apache/maven/shared/file-management/3.1.0/file-management-3.1.0.jar
2024-10-04 11:29:46,116 [AetherRepositoryConnector-maven.vie.sst.stp-2-2] INFO  o.e.m.c.i.e.AbstractTransferListenerAdapter - Downloading http://maven.vie.sst.stp/content/groups/approved/org/codehaus/plexus/plexus-io/3.4.0/plexus-io-3.4.0.jar
2024-10-04 11:29:46,242 [AetherRepositoryConnector-maven.vie.sst.stp-2-3] INFO  o.e.m.c.i.e.AbstractTransferListenerAdapter - Downloading http://maven.vie.sst.stp/content/groups/approved/org/codehaus/plexus/plexus-archiver/4.4.0/plexus-archiver-4.4.0.jar
2024-10-04 11:29:46,274 [AetherRepositoryConnector-maven.vie.sst.stp-2-0] INFO  o.e.m.c.i.e.AbstractTransferListenerAdapter - Downloading http://maven.vie.sst.stp/content/groups/approved/org/iq80/snappy/snappy/0.4/snappy-0.4.jar
2024-10-04 11:29:46,439 [AetherRepositoryConnector-maven.vie.sst.stp-2-1] INFO  o.e.m.c.i.e.AbstractTransferListenerAdapter - Downloaded http://maven.vie.sst.stp/content/groups/approved/org/apache/maven/maven-archiver/3.6.0/maven-archiver-3.6.0.jar
2024-10-04 11:29:46,442 [AetherRepositoryConnector-maven.vie.sst.stp-2-0] INFO  o.e.m.c.i.e.AbstractTransferListenerAdapter - Downloaded http://maven.vie.sst.stp/content/groups/approved/org/iq80/snappy/snappy/0.4/snappy-0.4.jar
2024-10-04 11:29:46,600 [AetherRepositoryConnector-maven.vie.sst.stp-2-1] INFO  o.e.m.c.i.e.AbstractTransferListenerAdapter - Downloading http://maven.vie.sst.stp/content/groups/approved/org/tukaani/xz/1.9/xz-1.9.jar
2024-10-04 11:29:46,601 [AetherRepositoryConnector-maven.vie.sst.stp-2-0] INFO  o.e.m.c.i.e.AbstractTransferListenerAdapter - Downloading http://maven.vie.sst.stp/content/groups/approved/org/codehaus/plexus/plexus-utils/3.4.2/plexus-utils-3.4.2.jar
2024-10-04 11:29:46,603 [AetherRepositoryConnector-maven.vie.sst.stp-2-2] INFO  o.e.m.c.i.e.AbstractTransferListenerAdapter - Downloaded http://maven.vie.sst.stp/content/groups/approved/org/codehaus/plexus/plexus-io/3.4.0/plexus-io-3.4.0.jar
2024-10-04 11:29:46,922 [AetherRepositoryConnector-maven.vie.sst.stp-2-0] INFO  o.e.m.c.i.e.AbstractTransferListenerAdapter - Downloaded http://maven.vie.sst.stp/content/groups/approved/org/codehaus/plexus/plexus-utils/3.4.2/plexus-utils-3.4.2.jar
2024-10-04 11:29:47,072 [AetherRepositoryConnector-maven.vie.sst.stp-2-1] INFO  o.e.m.c.i.e.AbstractTransferListenerAdapter - Downloaded http://maven.vie.sst.stp/content/groups/approved/org/tukaani/xz/1.9/xz-1.9.jar
2024-10-04 11:29:47,105 [AetherRepositoryConnector-maven.vie.sst.stp-2-3] INFO  o.e.m.c.i.e.AbstractTransferListenerAdapter - Downloaded http://maven.vie.sst.stp/content/groups/approved/org/codehaus/plexus/plexus-archiver/4.4.0/plexus-archiver-4.4.0.jar
2024-10-04 11:29:47,207 [AetherRepositoryConnector-maven.vie.sst.stp-2-4] INFO  o.e.m.c.i.e.AbstractTransferListenerAdapter - Downloaded http://maven.vie.sst.stp/content/groups/approved/org/apache/commons/commons-compress/1.21/commons-compress-1.21.jar
2024-10-04 11:29:51,959 [Worker-10: Download sources and javadoc] INFO  o.e.m.c.i.e.AbstractTransferListenerAdapter - Downloading http://maven.vie.sst.stp/content/groups/approved/org/springframework/boot/spring-boot-starter-data-jpa/3.2.8/spring-boot-starter-data-jpa-3.2.8-sources.jar
2024-10-04 11:29:52,210 [Worker-10: Download sources and javadoc] INFO  o.e.m.c.i.e.AbstractTransferListenerAdapter - Downloaded http://maven.vie.sst.stp/content/groups/approved/org/springframework/boot/spring-boot-starter-data-jpa/3.2.8/spring-boot-starter-data-jpa-3.2.8-sources.jar
2024-10-04 11:29:52,257 [Worker-10: Download sources and javadoc] INFO  o.e.m.j.internal.DownloadSourcesJob - Downloaded sources for org.springframework.boot:spring-boot-starter-data-jpa:3.2.8
2024-10-04 11:29:52,676 [Worker-10: Download sources and javadoc] INFO  o.e.m.c.i.e.AbstractTransferListenerAdapter - Downloading http://maven.vie.sst.stp/content/groups/approved/org/springframework/boot/spring-boot-starter-aop/3.2.8/spring-boot-starter-aop-3.2.8-sources.jar
2024-10-04 11:29:52,926 [Worker-10: Download sources and javadoc] INFO  o.e.m.c.i.e.AbstractTransferListenerAdapter - Downloaded http://maven.vie.sst.stp/content/groups/approved/org/springframework/boot/spring-boot-starter-aop/3.2.8/spring-boot-starter-aop-3.2.8-sources.jar
2024-10-04 11:29:52,974 [Worker-10: Download sources and javadoc] INFO  o.e.m.j.internal.DownloadSourcesJob - Downloaded sources for org.springframework.boot:spring-boot-starter-aop:3.2.8
2024-10-04 11:29:53,399 [Worker-10: Download sources and javadoc] INFO  o.e.m.c.i.e.AbstractTransferListenerAdapter - Downloading http://maven.vie.sst.stp/content/groups/approved/org/springframework/spring-aop/6.1.11/spring-aop-6.1.11-sources.jar
2024-10-04 11:29:54,359 [Worker-10: Download sources and javadoc] INFO  o.e.m.c.i.e.AbstractTransferListenerAdapter - Downloaded http://maven.vie.sst.stp/content/groups/approved/org/springframework/spring-aop/6.1.11/spring-aop-6.1.11-sources.jar
2024-10-04 11:29:54,407 [Worker-10: Download sources and javadoc] INFO  o.e.m.j.internal.DownloadSourcesJob - Downloaded sources for org.springframework:spring-aop:6.1.11
2024-10-04 11:29:54,826 [Worker-10: Download sources and javadoc] INFO  o.e.m.c.i.e.AbstractTransferListenerAdapter - Downloading http://maven.vie.sst.stp/content/groups/approved/org/aspectj/aspectjweaver/1.9.22.1/aspectjweaver-1.9.22.1-sources.jar
2024-10-04 11:29:57,532 [Worker-10: Download sources and javadoc] INFO  o.e.m.c.i.e.AbstractTransferListenerAdapter - Downloaded http://maven.vie.sst.stp/content/groups/approved/org/aspectj/aspectjweaver/1.9.22.1/aspectjweaver-1.9.22.1-sources.jar
2024-10-04 11:29:57,587 [Worker-10: Download sources and javadoc] INFO  o.e.m.j.internal.DownloadSourcesJob - Downloaded sources for org.aspectj:aspectjweaver:1.9.22.1
2024-10-04 11:29:58,005 [Worker-10: Download sources and javadoc] INFO  o.e.m.c.i.e.AbstractTransferListenerAdapter - Downloading http://maven.vie.sst.stp/content/groups/approved/org/springframework/boot/spring-boot-starter-jdbc/3.2.8/spring-boot-starter-jdbc-3.2.8-sources.jar
2024-10-04 11:29:58,258 [Worker-10: Download sources and javadoc] INFO  o.e.m.c.i.e.AbstractTransferListenerAdapter - Downloaded http://maven.vie.sst.stp/content/groups/approved/org/springframework/boot/spring-boot-starter-jdbc/3.2.8/spring-boot-starter-jdbc-3.2.8-sources.jar
2024-10-04 11:29:58,381 [Worker-10: Download sources and javadoc] INFO  o.e.m.j.internal.DownloadSourcesJob - Downloaded sources for org.springframework.boot:spring-boot-starter-jdbc:3.2.8
2024-10-04 11:29:58,811 [Worker-10: Download sources and javadoc] INFO  o.e.m.c.i.e.AbstractTransferListenerAdapter - Downloading http://maven.vie.sst.stp/content/groups/approved/com/zaxxer/HikariCP/5.0.1/HikariCP-5.0.1-sources.jar
2024-10-04 11:29:59,675 [Worker-10: Download sources and javadoc] INFO  o.e.m.c.i.e.AbstractTransferListenerAdapter - Downloaded http://maven.vie.sst.stp/content/groups/approved/com/zaxxer/HikariCP/5.0.1/HikariCP-5.0.1-sources.jar
2024-10-04 11:29:59,714 [Worker-10: Download sources and javadoc] INFO  o.e.m.j.internal.DownloadSourcesJob - Downloaded sources for com.zaxxer:HikariCP:5.0.1
2024-10-04 11:30:00,137 [Worker-10: Download sources and javadoc] INFO  o.e.m.c.i.e.AbstractTransferListenerAdapter - Downloading http://maven.vie.sst.stp/content/groups/approved/org/springframework/spring-jdbc/6.1.11/spring-jdbc-6.1.11-sources.jar
2024-10-04 11:30:01,158 [Worker-10: Download sources and javadoc] INFO  o.e.m.c.i.e.AbstractTransferListenerAdapter - Downloaded http://maven.vie.sst.stp/content/groups/approved/org/springframework/spring-jdbc/6.1.11/spring-jdbc-6.1.11-sources.jar
2024-10-04 11:30:01,197 [Worker-10: Download sources and javadoc] INFO  o.e.m.j.internal.DownloadSourcesJob - Downloaded sources for org.springframework:spring-jdbc:6.1.11
2024-10-04 11:30:01,611 [Worker-10: Download sources and javadoc] INFO  o.e.m.c.i.e.AbstractTransferListenerAdapter - Downloading http://maven.vie.sst.stp/content/groups/approved/org/hibernate/orm/hibernate-core/6.4.9.Final/hibernate-core-6.4.9.Final-sources.jar
2024-10-04 11:30:05,507 [Worker-10: Download sources and javadoc] INFO  o.e.m.c.i.e.AbstractTransferListenerAdapter - Downloaded http://maven.vie.sst.stp/content/groups/approved/org/hibernate/orm/hibernate-core/6.4.9.Final/hibernate-core-6.4.9.Final-sources.jar
2024-10-04 11:30:05,544 [Worker-10: Download sources and javadoc] INFO  o.e.m.j.internal.DownloadSourcesJob - Downloaded sources for org.hibernate.orm:hibernate-core:6.4.9.Final
2024-10-04 11:30:05,971 [Worker-10: Download sources and javadoc] INFO  o.e.m.c.i.e.AbstractTransferListenerAdapter - Downloading http://maven.vie.sst.stp/content/groups/approved/jakarta/persistence/jakarta.persistence-api/3.1.0/jakarta.persistence-api-3.1.0-sources.jar
2024-10-04 11:30:06,836 [Worker-10: Download sources and javadoc] INFO  o.e.m.c.i.e.AbstractTransferListenerAdapter - Downloaded http://maven.vie.sst.stp/content/groups/approved/jakarta/persistence/jakarta.persistence-api/3.1.0/jakarta.persistence-api-3.1.0-sources.jar
2024-10-04 11:30:06,873 [Worker-10: Download sources and javadoc] INFO  o.e.m.j.internal.DownloadSourcesJob - Downloaded sources for jakarta.persistence:jakarta.persistence-api:3.1.0
2024-10-04 11:30:07,297 [Worker-10: Download sources and javadoc] INFO  o.e.m.c.i.e.AbstractTransferListenerAdapter - Downloading http://maven.vie.sst.stp/content/groups/approved/jakarta/transaction/jakarta.transaction-api/2.0.1/jakarta.transaction-api-2.0.1-sources.jar
2024-10-04 11:30:07,703 [Worker-10: Download sources and javadoc] INFO  o.e.m.c.i.e.AbstractTransferListenerAdapter - Downloaded http://maven.vie.sst.stp/content/groups/approved/jakarta/transaction/jakarta.transaction-api/2.0.1/jakarta.transaction-api-2.0.1-sources.jar
2024-10-04 11:30:07,735 [Worker-10: Download sources and javadoc] INFO  o.e.m.j.internal.DownloadSourcesJob - Downloaded sources for jakarta.transaction:jakarta.transaction-api:2.0.1
2024-10-04 11:30:08,148 [Worker-10: Download sources and javadoc] INFO  o.e.m.c.i.e.AbstractTransferListenerAdapter - Downloading http://maven.vie.sst.stp/content/groups/approved/org/jboss/logging/jboss-logging/3.5.3.Final/jboss-logging-3.5.3.Final-sources.jar
2024-10-04 11:30:08,708 [Worker-10: Download sources and javadoc] INFO  o.e.m.c.i.e.AbstractTransferListenerAdapter - Downloaded http://maven.vie.sst.stp/content/groups/approved/org/jboss/logging/jboss-logging/3.5.3.Final/jboss-logging-3.5.3.Final-sources.jar
2024-10-04 11:30:08,748 [Worker-10: Download sources and javadoc] INFO  o.e.m.j.internal.DownloadSourcesJob - Downloaded sources for org.jboss.logging:jboss-logging:3.5.3.Final
2024-10-04 11:30:09,187 [Worker-10: Download sources and javadoc] INFO  o.e.m.c.i.e.AbstractTransferListenerAdapter - Downloading http://maven.vie.sst.stp/content/groups/approved/org/hibernate/common/hibernate-commons-annotations/6.0.6.Final/hibernate-commons-annotations-6.0.6.Final-sources.jar
2024-10-04 11:30:09,741 [Worker-10: Download sources and javadoc] INFO  o.e.m.c.i.e.AbstractTransferListenerAdapter - Downloaded http://maven.vie.sst.stp/content/groups/approved/org/hibernate/common/hibernate-commons-annotations/6.0.6.Final/hibernate-commons-annotations-6.0.6.Final-sources.jar
2024-10-04 11:30:09,780 [Worker-10: Download sources and javadoc] INFO  o.e.m.j.internal.DownloadSourcesJob - Downloaded sources for org.hibernate.common:hibernate-commons-annotations:6.0.6.Final
2024-10-04 11:30:10,194 [Worker-10: Download sources and javadoc] INFO  o.e.m.c.i.e.AbstractTransferListenerAdapter - Downloading http://maven.vie.sst.stp/content/groups/approved/io/smallrye/jandex/3.1.2/jandex-3.1.2-sources.jar
2024-10-04 11:30:10,915 [Worker-10: Download sources and javadoc] INFO  o.e.m.c.i.e.AbstractTransferListenerAdapter - Downloaded http://maven.vie.sst.stp/content/groups/approved/io/smallrye/jandex/3.1.2/jandex-3.1.2-sources.jar
2024-10-04 11:30:10,952 [Worker-10: Download sources and javadoc] INFO  o.e.m.j.internal.DownloadSourcesJob - Downloaded sources for io.smallrye:jandex:3.1.2
2024-10-04 11:30:11,370 [Worker-10: Download sources and javadoc] INFO  o.e.m.c.i.e.AbstractTransferListenerAdapter - Downloading http://maven.vie.sst.stp/content/groups/approved/com/fasterxml/classmate/1.6.0/classmate-1.6.0-sources.jar
2024-10-04 11:30:11,926 [Worker-10: Download sources and javadoc] INFO  o.e.m.c.i.e.AbstractTransferListenerAdapter - Downloaded http://maven.vie.sst.stp/content/groups/approved/com/fasterxml/classmate/1.6.0/classmate-1.6.0-sources.jar
2024-10-04 11:30:11,996 [Worker-10: Download sources and javadoc] INFO  o.e.m.j.internal.DownloadSourcesJob - Downloaded sources for com.fasterxml:classmate:1.6.0
2024-10-04 11:30:12,413 [Worker-10: Download sources and javadoc] INFO  o.e.m.c.i.e.AbstractTransferListenerAdapter - Downloading http://maven.vie.sst.stp/content/groups/approved/net/bytebuddy/byte-buddy/1.14.18/byte-buddy-1.14.18-sources.jar
2024-10-04 11:30:14,430 [Worker-10: Download sources and javadoc] INFO  o.e.m.c.i.e.AbstractTransferListenerAdapter - Downloaded http://maven.vie.sst.stp/content/groups/approved/net/bytebuddy/byte-buddy/1.14.18/byte-buddy-1.14.18-sources.jar
2024-10-04 11:30:14,469 [Worker-10: Download sources and javadoc] INFO  o.e.m.j.internal.DownloadSourcesJob - Downloaded sources for net.bytebuddy:byte-buddy:1.14.18
2024-10-04 11:30:14,885 [Worker-10: Download sources and javadoc] INFO  o.e.m.c.i.e.AbstractTransferListenerAdapter - Downloading http://maven.vie.sst.stp/content/groups/approved/org/glassfish/jaxb/jaxb-runtime/4.0.5/jaxb-runtime-4.0.5-sources.jar
2024-10-04 11:30:15,906 [Worker-10: Download sources and javadoc] INFO  o.e.m.c.i.e.AbstractTransferListenerAdapter - Downloaded http://maven.vie.sst.stp/content/groups/approved/org/glassfish/jaxb/jaxb-runtime/4.0.5/jaxb-runtime-4.0.5-sources.jar
2024-10-04 11:30:15,943 [Worker-10: Download sources and javadoc] INFO  o.e.m.j.internal.DownloadSourcesJob - Downloaded sources for org.glassfish.jaxb:jaxb-runtime:4.0.5
2024-10-04 11:30:16,356 [Worker-10: Download sources and javadoc] INFO  o.e.m.c.i.e.AbstractTransferListenerAdapter - Downloading http://maven.vie.sst.stp/content/groups/approved/org/glassfish/jaxb/jaxb-core/4.0.5/jaxb-core-4.0.5-sources.jar
2024-10-04 11:30:17,069 [Worker-10: Download sources and javadoc] INFO  o.e.m.c.i.e.AbstractTransferListenerAdapter - Downloaded http://maven.vie.sst.stp/content/groups/approved/org/glassfish/jaxb/jaxb-core/4.0.5/jaxb-core-4.0.5-sources.jar
2024-10-04 11:30:17,101 [Worker-10: Download sources and javadoc] INFO  o.e.m.j.internal.DownloadSourcesJob - Downloaded sources for org.glassfish.jaxb:jaxb-core:4.0.5
2024-10-04 11:30:17,513 [Worker-10: Download sources and javadoc] INFO  o.e.m.c.i.e.AbstractTransferListenerAdapter - Downloading http://maven.vie.sst.stp/content/groups/approved/org/eclipse/angus/angus-activation/2.0.2/angus-activation-2.0.2-sources.jar
2024-10-04 11:30:17,928 [Worker-10: Download sources and javadoc] INFO  o.e.m.c.i.e.AbstractTransferListenerAdapter - Downloaded http://maven.vie.sst.stp/content/groups/approved/org/eclipse/angus/angus-activation/2.0.2/angus-activation-2.0.2-sources.jar
2024-10-04 11:30:17,965 [Worker-10: Download sources and javadoc] INFO  o.e.m.j.internal.DownloadSourcesJob - Downloaded sources for org.eclipse.angus:angus-activation:2.0.2
2024-10-04 11:30:18,384 [Worker-10: Download sources and javadoc] INFO  o.e.m.c.i.e.AbstractTransferListenerAdapter - Downloading http://maven.vie.sst.stp/content/groups/approved/org/glassfish/jaxb/txw2/4.0.5/txw2-4.0.5-sources.jar
2024-10-04 11:30:18,949 [Worker-10: Download sources and javadoc] INFO  o.e.m.c.i.e.AbstractTransferListenerAdapter - Downloaded http://maven.vie.sst.stp/content/groups/approved/org/glassfish/jaxb/txw2/4.0.5/txw2-4.0.5-sources.jar
2024-10-04 11:30:18,991 [Worker-10: Download sources and javadoc] INFO  o.e.m.j.internal.DownloadSourcesJob - Downloaded sources for org.glassfish.jaxb:txw2:4.0.5
2024-10-04 11:30:19,426 [Worker-10: Download sources and javadoc] INFO  o.e.m.c.i.e.AbstractTransferListenerAdapter - Downloading http://maven.vie.sst.stp/content/groups/approved/com/sun/istack/istack-commons-runtime/4.1.2/istack-commons-runtime-4.1.2-sources.jar
2024-10-04 11:30:19,835 [Worker-10: Download sources and javadoc] INFO  o.e.m.c.i.e.AbstractTransferListenerAdapter - Downloaded http://maven.vie.sst.stp/content/groups/approved/com/sun/istack/istack-commons-runtime/4.1.2/istack-commons-runtime-4.1.2-sources.jar
2024-10-04 11:30:19,876 [Worker-10: Download sources and javadoc] INFO  o.e.m.j.internal.DownloadSourcesJob - Downloaded sources for com.sun.istack:istack-commons-runtime:4.1.2
2024-10-04 11:30:20,296 [Worker-10: Download sources and javadoc] INFO  o.e.m.c.i.e.AbstractTransferListenerAdapter - Downloading http://maven.vie.sst.stp/content/groups/approved/jakarta/inject/jakarta.inject-api/2.0.1/jakarta.inject-api-2.0.1-sources.jar
2024-10-04 11:30:20,700 [Worker-10: Download sources and javadoc] INFO  o.e.m.c.i.e.AbstractTransferListenerAdapter - Downloaded http://maven.vie.sst.stp/content/groups/approved/jakarta/inject/jakarta.inject-api/2.0.1/jakarta.inject-api-2.0.1-sources.jar
2024-10-04 11:30:20,740 [Worker-10: Download sources and javadoc] INFO  o.e.m.j.internal.DownloadSourcesJob - Downloaded sources for jakarta.inject:jakarta.inject-api:2.0.1
2024-10-04 11:30:21,157 [Worker-10: Download sources and javadoc] INFO  o.e.m.c.i.e.AbstractTransferListenerAdapter - Downloading http://maven.vie.sst.stp/content/groups/approved/org/antlr/antlr4-runtime/4.13.0/antlr4-runtime-4.13.0-sources.jar
2024-10-04 11:30:22,063 [Worker-10: Download sources and javadoc] INFO  o.e.m.c.i.e.AbstractTransferListenerAdapter - Downloaded http://maven.vie.sst.stp/content/groups/approved/org/antlr/antlr4-runtime/4.13.0/antlr4-runtime-4.13.0-sources.jar
2024-10-04 11:30:22,108 [Worker-10: Download sources and javadoc] INFO  o.e.m.j.internal.DownloadSourcesJob - Downloaded sources for org.antlr:antlr4-runtime:4.13.0
2024-10-04 11:30:22,530 [Worker-10: Download sources and javadoc] INFO  o.e.m.c.i.e.AbstractTransferListenerAdapter - Downloading http://maven.vie.sst.stp/content/groups/approved/org/springframework/data/spring-data-jpa/3.2.8/spring-data-jpa-3.2.8-sources.jar
2024-10-04 11:30:23,553 [Worker-10: Download sources and javadoc] INFO  o.e.m.c.i.e.AbstractTransferListenerAdapter - Downloaded http://maven.vie.sst.stp/content/groups/approved/org/springframework/data/spring-data-jpa/3.2.8/spring-data-jpa-3.2.8-sources.jar
2024-10-04 11:30:23,636 [Worker-10: Download sources and javadoc] INFO  o.e.m.j.internal.DownloadSourcesJob - Downloaded sources for org.springframework.data:spring-data-jpa:3.2.8
2024-10-04 11:30:24,052 [Worker-10: Download sources and javadoc] INFO  o.e.m.c.i.e.AbstractTransferListenerAdapter - Downloading http://maven.vie.sst.stp/content/groups/approved/org/springframework/data/spring-data-commons/3.2.8/spring-data-commons-3.2.8-sources.jar
2024-10-04 11:30:25,237 [Worker-10: Download sources and javadoc] INFO  o.e.m.c.i.e.AbstractTransferListenerAdapter - Downloaded http://maven.vie.sst.stp/content/groups/approved/org/springframework/data/spring-data-commons/3.2.8/spring-data-commons-3.2.8-sources.jar
2024-10-04 11:30:25,270 [Worker-10: Download sources and javadoc] INFO  o.e.m.j.internal.DownloadSourcesJob - Downloaded sources for org.springframework.data:spring-data-commons:3.2.8
2024-10-04 11:30:25,688 [Worker-10: Download sources and javadoc] INFO  o.e.m.c.i.e.AbstractTransferListenerAdapter - Downloading http://maven.vie.sst.stp/content/groups/approved/org/springframework/spring-orm/6.1.11/spring-orm-6.1.11-sources.jar
2024-10-04 11:30:26,400 [Worker-10: Download sources and javadoc] INFO  o.e.m.c.i.e.AbstractTransferListenerAdapter - Downloaded http://maven.vie.sst.stp/content/groups/approved/org/springframework/spring-orm/6.1.11/spring-orm-6.1.11-sources.jar
2024-10-04 11:30:26,434 [Worker-10: Download sources and javadoc] INFO  o.e.m.j.internal.DownloadSourcesJob - Downloaded sources for org.springframework:spring-orm:6.1.11
2024-10-04 11:30:26,855 [Worker-10: Download sources and javadoc] INFO  o.e.m.c.i.e.AbstractTransferListenerAdapter - Downloading http://maven.vie.sst.stp/content/groups/approved/org/springframework/spring-context/6.1.11/spring-context-6.1.11-sources.jar
2024-10-04 11:30:28,035 [Worker-10: Download sources and javadoc] INFO  o.e.m.c.i.e.AbstractTransferListenerAdapter - Downloaded http://maven.vie.sst.stp/content/groups/approved/org/springframework/spring-context/6.1.11/spring-context-6.1.11-sources.jar
2024-10-04 11:30:28,071 [Worker-10: Download sources and javadoc] INFO  o.e.m.j.internal.DownloadSourcesJob - Downloaded sources for org.springframework:spring-context:6.1.11
2024-10-04 11:30:28,490 [Worker-10: Download sources and javadoc] INFO  o.e.m.c.i.e.AbstractTransferListenerAdapter - Downloading http://maven.vie.sst.stp/content/groups/approved/org/springframework/spring-tx/6.1.11/spring-tx-6.1.11-sources.jar
2024-10-04 11:30:29,354 [Worker-10: Download sources and javadoc] INFO  o.e.m.c.i.e.AbstractTransferListenerAdapter - Downloaded http://maven.vie.sst.stp/content/groups/approved/org/springframework/spring-tx/6.1.11/spring-tx-6.1.11-sources.jar
2024-10-04 11:30:29,395 [Worker-10: Download sources and javadoc] INFO  o.e.m.j.internal.DownloadSourcesJob - Downloaded sources for org.springframework:spring-tx:6.1.11
2024-10-04 11:30:29,812 [Worker-10: Download sources and javadoc] INFO  o.e.m.c.i.e.AbstractTransferListenerAdapter - Downloading http://maven.vie.sst.stp/content/groups/approved/org/springframework/spring-beans/6.1.11/spring-beans-6.1.11-sources.jar
2024-10-04 11:30:30,838 [Worker-10: Download sources and javadoc] INFO  o.e.m.c.i.e.AbstractTransferListenerAdapter - Downloaded http://maven.vie.sst.stp/content/groups/approved/org/springframework/spring-beans/6.1.11/spring-beans-6.1.11-sources.jar
2024-10-04 11:30:30,878 [Worker-10: Download sources and javadoc] INFO  o.e.m.j.internal.DownloadSourcesJob - Downloaded sources for org.springframework:spring-beans:6.1.11
2024-10-04 11:30:31,295 [Worker-10: Download sources and javadoc] INFO  o.e.m.c.i.e.AbstractTransferListenerAdapter - Downloading http://maven.vie.sst.stp/content/groups/approved/jakarta/annotation/jakarta.annotation-api/2.1.1/jakarta.annotation-api-2.1.1-sources.jar
2024-10-04 11:30:31,699 [Worker-10: Download sources and javadoc] INFO  o.e.m.c.i.e.AbstractTransferListenerAdapter - Downloaded http://maven.vie.sst.stp/content/groups/approved/jakarta/annotation/jakarta.annotation-api/2.1.1/jakarta.annotation-api-2.1.1-sources.jar
2024-10-04 11:30:31,746 [Worker-10: Download sources and javadoc] INFO  o.e.m.j.internal.DownloadSourcesJob - Downloaded sources for jakarta.annotation:jakarta.annotation-api:2.1.1
2024-10-04 11:30:32,169 [Worker-10: Download sources and javadoc] INFO  o.e.m.c.i.e.AbstractTransferListenerAdapter - Downloading http://maven.vie.sst.stp/content/groups/approved/org/slf4j/slf4j-api/2.0.13/slf4j-api-2.0.13-sources.jar
2024-10-04 11:30:32,740 [Worker-10: Download sources and javadoc] INFO  o.e.m.c.i.e.AbstractTransferListenerAdapter - Downloaded http://maven.vie.sst.stp/content/groups/approved/org/slf4j/slf4j-api/2.0.13/slf4j-api-2.0.13-sources.jar
2024-10-04 11:30:32,786 [Worker-10: Download sources and javadoc] INFO  o.e.m.j.internal.DownloadSourcesJob - Downloaded sources for org.slf4j:slf4j-api:2.0.13
2024-10-04 11:30:33,210 [Worker-10: Download sources and javadoc] INFO  o.e.m.c.i.e.AbstractTransferListenerAdapter - Downloading http://maven.vie.sst.stp/content/groups/approved/org/springframework/spring-aspects/6.1.11/spring-aspects-6.1.11-sources.jar
2024-10-04 11:30:33,612 [Worker-10: Download sources and javadoc] INFO  o.e.m.c.i.e.AbstractTransferListenerAdapter - Downloaded http://maven.vie.sst.stp/content/groups/approved/org/springframework/spring-aspects/6.1.11/spring-aspects-6.1.11-sources.jar
2024-10-04 11:30:33,652 [Worker-10: Download sources and javadoc] INFO  o.e.m.j.internal.DownloadSourcesJob - Downloaded sources for org.springframework:spring-aspects:6.1.11
2024-10-04 11:30:34,078 [Worker-10: Download sources and javadoc] INFO  o.e.m.c.i.e.AbstractTransferListenerAdapter - Downloading http://maven.vie.sst.stp/content/groups/approved/org/springframework/boot/spring-boot-starter-web/3.2.8/spring-boot-starter-web-3.2.8-sources.jar
2024-10-04 11:30:34,328 [Worker-10: Download sources and javadoc] INFO  o.e.m.c.i.e.AbstractTransferListenerAdapter - Downloaded http://maven.vie.sst.stp/content/groups/approved/org/springframework/boot/spring-boot-starter-web/3.2.8/spring-boot-starter-web-3.2.8-sources.jar
2024-10-04 11:30:34,403 [Worker-10: Download sources and javadoc] INFO  o.e.m.j.internal.DownloadSourcesJob - Downloaded sources for org.springframework.boot:spring-boot-starter-web:3.2.8
2024-10-04 11:30:34,821 [Worker-10: Download sources and javadoc] INFO  o.e.m.c.i.e.AbstractTransferListenerAdapter - Downloading http://maven.vie.sst.stp/content/groups/approved/org/springframework/boot/spring-boot-starter/3.2.8/spring-boot-starter-3.2.8-sources.jar
2024-10-04 11:30:35,070 [Worker-10: Download sources and javadoc] INFO  o.e.m.c.i.e.AbstractTransferListenerAdapter - Downloaded http://maven.vie.sst.stp/content/groups/approved/org/springframework/boot/spring-boot-starter/3.2.8/spring-boot-starter-3.2.8-sources.jar
2024-10-04 11:30:35,107 [Worker-10: Download sources and javadoc] INFO  o.e.m.j.internal.DownloadSourcesJob - Downloaded sources for org.springframework.boot:spring-boot-starter:3.2.8
2024-10-04 11:30:35,521 [Worker-10: Download sources and javadoc] INFO  o.e.m.c.i.e.AbstractTransferListenerAdapter - Downloading http://maven.vie.sst.stp/content/groups/approved/org/springframework/boot/spring-boot-starter-logging/3.2.8/spring-boot-starter-logging-3.2.8-sources.jar
2024-10-04 11:30:35,770 [Worker-10: Download sources and javadoc] INFO  o.e.m.c.i.e.AbstractTransferListenerAdapter - Downloaded http://maven.vie.sst.stp/content/groups/approved/org/springframework/boot/spring-boot-starter-logging/3.2.8/spring-boot-starter-logging-3.2.8-sources.jar
2024-10-04 11:30:35,810 [Worker-10: Download sources and javadoc] INFO  o.e.m.j.internal.DownloadSourcesJob - Downloaded sources for org.springframework.boot:spring-boot-starter-logging:3.2.8
2024-10-04 11:30:36,231 [Worker-10: Download sources and javadoc] INFO  o.e.m.c.i.e.AbstractTransferListenerAdapter - Downloading http://maven.vie.sst.stp/content/groups/approved/ch/qos/logback/logback-classic/1.4.14/logback-classic-1.4.14-sources.jar
2024-10-04 11:30:37,094 [Worker-10: Download sources and javadoc] INFO  o.e.m.c.i.e.AbstractTransferListenerAdapter - Downloaded http://maven.vie.sst.stp/content/groups/approved/ch/qos/logback/logback-classic/1.4.14/logback-classic-1.4.14-sources.jar
2024-10-04 11:30:37,129 [Worker-10: Download sources and javadoc] INFO  o.e.m.j.internal.DownloadSourcesJob - Downloaded sources for ch.qos.logback:logback-classic:1.4.14
2024-10-04 11:30:37,544 [Worker-10: Download sources and javadoc] INFO  o.e.m.c.i.e.AbstractTransferListenerAdapter - Downloading http://maven.vie.sst.stp/content/groups/approved/ch/qos/logback/logback-core/1.4.14/logback-core-1.4.14-sources.jar
2024-10-04 11:30:38,575 [Worker-10: Download sources and javadoc] INFO  o.e.m.c.i.e.AbstractTransferListenerAdapter - Downloaded http://maven.vie.sst.stp/content/groups/approved/ch/qos/logback/logback-core/1.4.14/logback-core-1.4.14-sources.jar
2024-10-04 11:30:38,617 [Worker-10: Download sources and javadoc] INFO  o.e.m.j.internal.DownloadSourcesJob - Downloaded sources for ch.qos.logback:logback-core:1.4.14
2024-10-04 11:30:38,966 [Worker-10: Download sources and javadoc] INFO  o.e.m.c.i.e.AbstractTransferListenerAdapter - Downloading http://maven.vie.sst.stp/content/groups/approved/org/apache/logging/log4j/log4j-to-slf4j/2.21.1/log4j-to-slf4j-2.21.1-sources.jar
2024-10-04 11:30:39,284 [Worker-10: Download sources and javadoc] INFO  o.e.m.c.i.e.AbstractTransferListenerAdapter - Downloaded http://maven.vie.sst.stp/content/groups/approved/org/apache/logging/log4j/log4j-to-slf4j/2.21.1/log4j-to-slf4j-2.21.1-sources.jar
2024-10-04 11:30:39,328 [Worker-10: Download sources and javadoc] INFO  o.e.m.j.internal.DownloadSourcesJob - Downloaded sources for org.apache.logging.log4j:log4j-to-slf4j:2.21.1
2024-10-04 11:30:39,660 [Worker-10: Download sources and javadoc] INFO  o.e.m.c.i.e.AbstractTransferListenerAdapter - Downloading http://maven.vie.sst.stp/content/groups/approved/org/apache/logging/log4j/log4j-api/2.21.1/log4j-api-2.21.1-sources.jar
2024-10-04 11:30:40,443 [Worker-10: Download sources and javadoc] INFO  o.e.m.c.i.e.AbstractTransferListenerAdapter - Downloaded http://maven.vie.sst.stp/content/groups/approved/org/apache/logging/log4j/log4j-api/2.21.1/log4j-api-2.21.1-sources.jar
2024-10-04 11:30:40,482 [Worker-10: Download sources and javadoc] INFO  o.e.m.j.internal.DownloadSourcesJob - Downloaded sources for org.apache.logging.log4j:log4j-api:2.21.1
2024-10-04 11:30:40,895 [Worker-10: Download sources and javadoc] INFO  o.e.m.c.i.e.AbstractTransferListenerAdapter - Downloading http://maven.vie.sst.stp/content/groups/approved/org/slf4j/jul-to-slf4j/2.0.13/jul-to-slf4j-2.0.13-sources.jar
2024-10-04 11:30:41,147 [Worker-10: Download sources and javadoc] INFO  o.e.m.c.i.e.AbstractTransferListenerAdapter - Downloaded http://maven.vie.sst.stp/content/groups/approved/org/slf4j/jul-to-slf4j/2.0.13/jul-to-slf4j-2.0.13-sources.jar
2024-10-04 11:30:41,186 [Worker-10: Download sources and javadoc] INFO  o.e.m.j.internal.DownloadSourcesJob - Downloaded sources for org.slf4j:jul-to-slf4j:2.0.13
2024-10-04 11:30:41,604 [Worker-10: Download sources and javadoc] INFO  o.e.m.c.i.e.AbstractTransferListenerAdapter - Downloading http://maven.vie.sst.stp/content/groups/approved/org/yaml/snakeyaml/2.2/snakeyaml-2.2-sources.jar
2024-10-04 11:30:42,468 [Worker-10: Download sources and javadoc] INFO  o.e.m.c.i.e.AbstractTransferListenerAdapter - Downloaded http://maven.vie.sst.stp/content/groups/approved/org/yaml/snakeyaml/2.2/snakeyaml-2.2-sources.jar
2024-10-04 11:30:42,516 [Worker-10: Download sources and javadoc] INFO  o.e.m.j.internal.DownloadSourcesJob - Downloaded sources for org.yaml:snakeyaml:2.2
2024-10-04 11:30:42,930 [Worker-10: Download sources and javadoc] INFO  o.e.m.c.i.e.AbstractTransferListenerAdapter - Downloading http://maven.vie.sst.stp/content/groups/approved/org/springframework/boot/spring-boot-starter-json/3.2.8/spring-boot-starter-json-3.2.8-sources.jar
2024-10-04 11:30:43,181 [Worker-10: Download sources and javadoc] INFO  o.e.m.c.i.e.AbstractTransferListenerAdapter - Downloaded http://maven.vie.sst.stp/content/groups/approved/org/springframework/boot/spring-boot-starter-json/3.2.8/spring-boot-starter-json-3.2.8-sources.jar
2024-10-04 11:30:43,253 [Worker-10: Download sources and javadoc] INFO  o.e.m.j.internal.DownloadSourcesJob - Downloaded sources for org.springframework.boot:spring-boot-starter-json:3.2.8
2024-10-04 11:30:43,686 [Worker-10: Download sources and javadoc] INFO  o.e.m.c.i.e.AbstractTransferListenerAdapter - Downloading http://maven.vie.sst.stp/content/groups/approved/com/fasterxml/jackson/core/jackson-databind/2.15.4/jackson-databind-2.15.4-sources.jar
2024-10-04 11:30:44,868 [Worker-10: Download sources and javadoc] INFO  o.e.m.c.i.e.AbstractTransferListenerAdapter - Downloaded http://maven.vie.sst.stp/content/groups/approved/com/fasterxml/jackson/core/jackson-databind/2.15.4/jackson-databind-2.15.4-sources.jar
2024-10-04 11:30:44,907 [Worker-10: Download sources and javadoc] INFO  o.e.m.j.internal.DownloadSourcesJob - Downloaded sources for com.fasterxml.jackson.core:jackson-databind:2.15.4
2024-10-04 11:30:45,325 [Worker-10: Download sources and javadoc] INFO  o.e.m.c.i.e.AbstractTransferListenerAdapter - Downloading http://maven.vie.sst.stp/content/groups/approved/com/fasterxml/jackson/core/jackson-annotations/2.15.4/jackson-annotations-2.15.4-sources.jar
2024-10-04 11:30:45,882 [Worker-10: Download sources and javadoc] INFO  o.e.m.c.i.e.AbstractTransferListenerAdapter - Downloaded http://maven.vie.sst.stp/content/groups/approved/com/fasterxml/jackson/core/jackson-annotations/2.15.4/jackson-annotations-2.15.4-sources.jar
2024-10-04 11:30:45,916 [Worker-10: Download sources and javadoc] INFO  o.e.m.j.internal.DownloadSourcesJob - Downloaded sources for com.fasterxml.jackson.core:jackson-annotations:2.15.4
2024-10-04 11:30:46,345 [Worker-10: Download sources and javadoc] INFO  o.e.m.c.i.e.AbstractTransferListenerAdapter - Downloading http://maven.vie.sst.stp/content/groups/approved/com/fasterxml/jackson/core/jackson-core/2.15.4/jackson-core-2.15.4-sources.jar
2024-10-04 11:30:47,362 [Worker-10: Download sources and javadoc] INFO  o.e.m.c.i.e.AbstractTransferListenerAdapter - Downloaded http://maven.vie.sst.stp/content/groups/approved/com/fasterxml/jackson/core/jackson-core/2.15.4/jackson-core-2.15.4-sources.jar
2024-10-04 11:30:47,397 [Worker-10: Download sources and javadoc] INFO  o.e.m.j.internal.DownloadSourcesJob - Downloaded sources for com.fasterxml.jackson.core:jackson-core:2.15.4
2024-10-04 11:30:47,813 [Worker-10: Download sources and javadoc] INFO  o.e.m.c.i.e.AbstractTransferListenerAdapter - Downloading http://maven.vie.sst.stp/content/groups/approved/com/fasterxml/jackson/datatype/jackson-datatype-jdk8/2.15.4/jackson-datatype-jdk8-2.15.4-sources.jar
2024-10-04 11:30:48,215 [Worker-10: Download sources and javadoc] INFO  o.e.m.c.i.e.AbstractTransferListenerAdapter - Downloaded http://maven.vie.sst.stp/content/groups/approved/com/fasterxml/jackson/datatype/jackson-datatype-jdk8/2.15.4/jackson-datatype-jdk8-2.15.4-sources.jar
2024-10-04 11:30:48,249 [Worker-10: Download sources and javadoc] INFO  o.e.m.j.internal.DownloadSourcesJob - Downloaded sources for com.fasterxml.jackson.datatype:jackson-datatype-jdk8:2.15.4
2024-10-04 11:30:48,664 [Worker-10: Download sources and javadoc] INFO  o.e.m.c.i.e.AbstractTransferListenerAdapter - Downloading http://maven.vie.sst.stp/content/groups/approved/com/fasterxml/jackson/datatype/jackson-datatype-jsr310/2.15.4/jackson-datatype-jsr310-2.15.4-sources.jar
2024-10-04 11:30:49,248 [Worker-10: Download sources and javadoc] INFO  o.e.m.c.i.e.AbstractTransferListenerAdapter - Downloaded http://maven.vie.sst.stp/content/groups/approved/com/fasterxml/jackson/datatype/jackson-datatype-jsr310/2.15.4/jackson-datatype-jsr310-2.15.4-sources.jar
2024-10-04 11:30:49,290 [Worker-10: Download sources and javadoc] INFO  o.e.m.j.internal.DownloadSourcesJob - Downloaded sources for com.fasterxml.jackson.datatype:jackson-datatype-jsr310:2.15.4
2024-10-04 11:30:49,705 [Worker-10: Download sources and javadoc] INFO  o.e.m.c.i.e.AbstractTransferListenerAdapter - Downloading http://maven.vie.sst.stp/content/groups/approved/com/fasterxml/jackson/module/jackson-module-parameter-names/2.15.4/jackson-module-parameter-names-2.15.4-sources.jar
2024-10-04 11:30:49,955 [Worker-10: Download sources and javadoc] INFO  o.e.m.c.i.e.AbstractTransferListenerAdapter - Downloaded http://maven.vie.sst.stp/content/groups/approved/com/fasterxml/jackson/module/jackson-module-parameter-names/2.15.4/jackson-module-parameter-names-2.15.4-sources.jar
2024-10-04 11:30:49,993 [Worker-10: Download sources and javadoc] INFO  o.e.m.j.internal.DownloadSourcesJob - Downloaded sources for com.fasterxml.jackson.module:jackson-module-parameter-names:2.15.4
2024-10-04 11:30:50,416 [Worker-10: Download sources and javadoc] INFO  o.e.m.c.i.e.AbstractTransferListenerAdapter - Downloading http://maven.vie.sst.stp/content/groups/approved/org/springframework/boot/spring-boot-starter-tomcat/3.2.8/spring-boot-starter-tomcat-3.2.8-sources.jar
2024-10-04 11:30:50,666 [Worker-10: Download sources and javadoc] INFO  o.e.m.c.i.e.AbstractTransferListenerAdapter - Downloaded http://maven.vie.sst.stp/content/groups/approved/org/springframework/boot/spring-boot-starter-tomcat/3.2.8/spring-boot-starter-tomcat-3.2.8-sources.jar
2024-10-04 11:30:50,708 [Worker-10: Download sources and javadoc] INFO  o.e.m.j.internal.DownloadSourcesJob - Downloaded sources for org.springframework.boot:spring-boot-starter-tomcat:3.2.8
2024-10-04 11:30:51,044 [Worker-10: Download sources and javadoc] INFO  o.e.m.c.i.e.AbstractTransferListenerAdapter - Downloading http://maven.vie.sst.stp/content/groups/approved/org/apache/tomcat/embed/tomcat-embed-core/10.1.26/tomcat-embed-core-10.1.26-sources.jar
2024-10-04 11:30:53,395 [Worker-10: Download sources and javadoc] INFO  o.e.m.c.i.e.AbstractTransferListenerAdapter - Downloaded http://maven.vie.sst.stp/content/groups/approved/org/apache/tomcat/embed/tomcat-embed-core/10.1.26/tomcat-embed-core-10.1.26-sources.jar
2024-10-04 11:30:53,433 [Worker-10: Download sources and javadoc] INFO  o.e.m.j.internal.DownloadSourcesJob - Downloaded sources for org.apache.tomcat.embed:tomcat-embed-core:10.1.26
2024-10-04 11:30:53,765 [Worker-10: Download sources and javadoc] INFO  o.e.m.c.i.e.AbstractTransferListenerAdapter - Downloading http://maven.vie.sst.stp/content/groups/approved/org/apache/tomcat/embed/tomcat-embed-el/10.1.26/tomcat-embed-el-10.1.26-sources.jar
2024-10-04 11:30:54,547 [Worker-10: Download sources and javadoc] INFO  o.e.m.c.i.e.AbstractTransferListenerAdapter - Downloaded http://maven.vie.sst.stp/content/groups/approved/org/apache/tomcat/embed/tomcat-embed-el/10.1.26/tomcat-embed-el-10.1.26-sources.jar
2024-10-04 11:30:54,645 [Worker-10: Download sources and javadoc] INFO  o.e.m.j.internal.DownloadSourcesJob - Downloaded sources for org.apache.tomcat.embed:tomcat-embed-el:10.1.26
2024-10-04 11:30:54,986 [Worker-10: Download sources and javadoc] INFO  o.e.m.c.i.e.AbstractTransferListenerAdapter - Downloading http://maven.vie.sst.stp/content/groups/approved/org/apache/tomcat/embed/tomcat-embed-websocket/10.1.26/tomcat-embed-websocket-10.1.26-sources.jar
2024-10-04 11:30:55,840 [Worker-10: Download sources and javadoc] INFO  o.e.m.c.i.e.AbstractTransferListenerAdapter - Downloaded http://maven.vie.sst.stp/content/groups/approved/org/apache/tomcat/embed/tomcat-embed-websocket/10.1.26/tomcat-embed-websocket-10.1.26-sources.jar
2024-10-04 11:30:55,881 [Worker-10: Download sources and javadoc] INFO  o.e.m.j.internal.DownloadSourcesJob - Downloaded sources for org.apache.tomcat.embed:tomcat-embed-websocket:10.1.26
2024-10-04 11:30:56,297 [Worker-10: Download sources and javadoc] INFO  o.e.m.c.i.e.AbstractTransferListenerAdapter - Downloading http://maven.vie.sst.stp/content/groups/approved/org/springframework/spring-web/6.1.11/spring-web-6.1.11-sources.jar
2024-10-04 11:31:00,696 [Worker-10: Download sources and javadoc] INFO  o.e.m.c.i.e.AbstractTransferListenerAdapter - Downloaded http://maven.vie.sst.stp/content/groups/approved/org/springframework/spring-web/6.1.11/spring-web-6.1.11-sources.jar
2024-10-04 11:31:00,731 [Worker-10: Download sources and javadoc] INFO  o.e.m.j.internal.DownloadSourcesJob - Downloaded sources for org.springframework:spring-web:6.1.11
2024-10-04 11:31:01,148 [Worker-10: Download sources and javadoc] INFO  o.e.m.c.i.e.AbstractTransferListenerAdapter - Downloading http://maven.vie.sst.stp/content/groups/approved/io/micrometer/micrometer-observation/1.12.8/micrometer-observation-1.12.8-sources.jar
2024-10-04 11:31:01,713 [Worker-10: Download sources and javadoc] INFO  o.e.m.c.i.e.AbstractTransferListenerAdapter - Downloaded http://maven.vie.sst.stp/content/groups/approved/io/micrometer/micrometer-observation/1.12.8/micrometer-observation-1.12.8-sources.jar
2024-10-04 11:31:01,749 [Worker-10: Download sources and javadoc] INFO  o.e.m.j.internal.DownloadSourcesJob - Downloaded sources for io.micrometer:micrometer-observation:1.12.8
2024-10-04 11:31:02,164 [Worker-10: Download sources and javadoc] INFO  o.e.m.c.i.e.AbstractTransferListenerAdapter - Downloading http://maven.vie.sst.stp/content/groups/approved/io/micrometer/micrometer-commons/1.12.8/micrometer-commons-1.12.8-sources.jar
2024-10-04 11:31:02,726 [Worker-10: Download sources and javadoc] INFO  o.e.m.c.i.e.AbstractTransferListenerAdapter - Downloaded http://maven.vie.sst.stp/content/groups/approved/io/micrometer/micrometer-commons/1.12.8/micrometer-commons-1.12.8-sources.jar
2024-10-04 11:31:02,766 [Worker-10: Download sources and javadoc] INFO  o.e.m.j.internal.DownloadSourcesJob - Downloaded sources for io.micrometer:micrometer-commons:1.12.8
2024-10-04 11:31:03,182 [Worker-10: Download sources and javadoc] INFO  o.e.m.c.i.e.AbstractTransferListenerAdapter - Downloading http://maven.vie.sst.stp/content/groups/approved/org/springframework/spring-webmvc/6.1.11/spring-webmvc-6.1.11-sources.jar
2024-10-04 11:31:04,211 [Worker-10: Download sources and javadoc] INFO  o.e.m.c.i.e.AbstractTransferListenerAdapter - Downloaded http://maven.vie.sst.stp/content/groups/approved/org/springframework/spring-webmvc/6.1.11/spring-webmvc-6.1.11-sources.jar
2024-10-04 11:31:04,243 [Worker-10: Download sources and javadoc] INFO  o.e.m.j.internal.DownloadSourcesJob - Downloaded sources for org.springframework:spring-webmvc:6.1.11
2024-10-04 11:31:04,663 [Worker-10: Download sources and javadoc] INFO  o.e.m.c.i.e.AbstractTransferListenerAdapter - Downloading http://maven.vie.sst.stp/content/groups/approved/org/springframework/spring-expression/6.1.11/spring-expression-6.1.11-sources.jar
2024-10-04 11:31:05,538 [Worker-10: Download sources and javadoc] INFO  o.e.m.c.i.e.AbstractTransferListenerAdapter - Downloaded http://maven.vie.sst.stp/content/groups/approved/org/springframework/spring-expression/6.1.11/spring-expression-6.1.11-sources.jar
2024-10-04 11:31:05,581 [Worker-10: Download sources and javadoc] INFO  o.e.m.j.internal.DownloadSourcesJob - Downloaded sources for org.springframework:spring-expression:6.1.11
2024-10-04 11:31:05,996 [Worker-10: Download sources and javadoc] INFO  o.e.m.c.i.e.AbstractTransferListenerAdapter - Downloading http://maven.vie.sst.stp/content/groups/approved/org/springframework/boot/spring-boot-devtools/3.2.8/spring-boot-devtools-3.2.8-sources.jar
2024-10-04 11:31:06,709 [Worker-10: Download sources and javadoc] INFO  o.e.m.c.i.e.AbstractTransferListenerAdapter - Downloaded http://maven.vie.sst.stp/content/groups/approved/org/springframework/boot/spring-boot-devtools/3.2.8/spring-boot-devtools-3.2.8-sources.jar
2024-10-04 11:31:06,752 [Worker-10: Download sources and javadoc] INFO  o.e.m.j.internal.DownloadSourcesJob - Downloaded sources for org.springframework.boot:spring-boot-devtools:3.2.8
2024-10-04 11:31:07,169 [Worker-10: Download sources and javadoc] INFO  o.e.m.c.i.e.AbstractTransferListenerAdapter - Downloading http://maven.vie.sst.stp/content/groups/approved/org/springframework/boot/spring-boot/3.2.8/spring-boot-3.2.8-sources.jar
2024-10-04 11:31:08,351 [Worker-10: Download sources and javadoc] INFO  o.e.m.c.i.e.AbstractTransferListenerAdapter - Downloaded http://maven.vie.sst.stp/content/groups/approved/org/springframework/boot/spring-boot/3.2.8/spring-boot-3.2.8-sources.jar
2024-10-04 11:31:08,398 [Worker-10: Download sources and javadoc] INFO  o.e.m.j.internal.DownloadSourcesJob - Downloaded sources for org.springframework.boot:spring-boot:3.2.8
2024-10-04 11:31:08,814 [Worker-10: Download sources and javadoc] INFO  o.e.m.c.i.e.AbstractTransferListenerAdapter - Downloading http://maven.vie.sst.stp/content/groups/approved/org/springframework/boot/spring-boot-autoconfigure/3.2.8/spring-boot-autoconfigure-3.2.8-sources.jar
2024-10-04 11:31:12,036 [Worker-10: Download sources and javadoc] INFO  o.e.m.c.i.e.AbstractTransferListenerAdapter - Downloaded http://maven.vie.sst.stp/content/groups/approved/org/springframework/boot/spring-boot-autoconfigure/3.2.8/spring-boot-autoconfigure-3.2.8-sources.jar
2024-10-04 11:31:12,105 [Worker-10: Download sources and javadoc] INFO  o.e.m.j.internal.DownloadSourcesJob - Downloaded sources for org.springframework.boot:spring-boot-autoconfigure:3.2.8
2024-10-04 11:31:12,525 [Worker-10: Download sources and javadoc] INFO  o.e.m.c.i.e.AbstractTransferListenerAdapter - Downloading http://maven.vie.sst.stp/content/groups/approved/org/postgresql/postgresql/42.6.2/postgresql-42.6.2-sources.jar
2024-10-04 11:31:13,708 [Worker-10: Download sources and javadoc] INFO  o.e.m.c.i.e.AbstractTransferListenerAdapter - Downloaded http://maven.vie.sst.stp/content/groups/approved/org/postgresql/postgresql/42.6.2/postgresql-42.6.2-sources.jar
2024-10-04 11:31:13,742 [Worker-10: Download sources and javadoc] INFO  o.e.m.j.internal.DownloadSourcesJob - Downloaded sources for org.postgresql:postgresql:42.6.2
2024-10-04 11:31:14,158 [Worker-10: Download sources and javadoc] INFO  o.e.m.c.i.e.AbstractTransferListenerAdapter - Downloading http://maven.vie.sst.stp/content/groups/approved/org/checkerframework/checker-qual/3.31.0/checker-qual-3.31.0-sources.jar
2024-10-04 11:31:15,025 [Worker-10: Download sources and javadoc] INFO  o.e.m.c.i.e.AbstractTransferListenerAdapter - Downloaded http://maven.vie.sst.stp/content/groups/approved/org/checkerframework/checker-qual/3.31.0/checker-qual-3.31.0-sources.jar
2024-10-04 11:31:15,063 [Worker-10: Download sources and javadoc] INFO  o.e.m.j.internal.DownloadSourcesJob - Downloaded sources for org.checkerframework:checker-qual:3.31.0
2024-10-04 11:31:15,479 [Worker-10: Download sources and javadoc] INFO  o.e.m.c.i.e.AbstractTransferListenerAdapter - Downloading http://maven.vie.sst.stp/content/groups/approved/jakarta/xml/bind/jakarta.xml.bind-api/4.0.2/jakarta.xml.bind-api-4.0.2-sources.jar
2024-10-04 11:31:16,200 [Worker-10: Download sources and javadoc] INFO  o.e.m.c.i.e.AbstractTransferListenerAdapter - Downloaded http://maven.vie.sst.stp/content/groups/approved/jakarta/xml/bind/jakarta.xml.bind-api/4.0.2/jakarta.xml.bind-api-4.0.2-sources.jar
2024-10-04 11:31:16,231 [Worker-10: Download sources and javadoc] INFO  o.e.m.j.internal.DownloadSourcesJob - Downloaded sources for jakarta.xml.bind:jakarta.xml.bind-api:4.0.2
2024-10-04 11:31:16,646 [Worker-10: Download sources and javadoc] INFO  o.e.m.c.i.e.AbstractTransferListenerAdapter - Downloading http://maven.vie.sst.stp/content/groups/approved/jakarta/activation/jakarta.activation-api/2.1.3/jakarta.activation-api-2.1.3-sources.jar
2024-10-04 11:31:17,207 [Worker-10: Download sources and javadoc] INFO  o.e.m.c.i.e.AbstractTransferListenerAdapter - Downloaded http://maven.vie.sst.stp/content/groups/approved/jakarta/activation/jakarta.activation-api/2.1.3/jakarta.activation-api-2.1.3-sources.jar
2024-10-04 11:31:17,243 [Worker-10: Download sources and javadoc] INFO  o.e.m.j.internal.DownloadSourcesJob - Downloaded sources for jakarta.activation:jakarta.activation-api:2.1.3
2024-10-04 11:31:17,659 [Worker-10: Download sources and javadoc] INFO  o.e.m.c.i.e.AbstractTransferListenerAdapter - Downloading http://maven.vie.sst.stp/content/groups/approved/org/springframework/spring-core/6.1.11/spring-core-6.1.11-sources.jar
2024-10-04 11:31:19,156 [Worker-10: Download sources and javadoc] INFO  o.e.m.c.i.e.AbstractTransferListenerAdapter - Downloaded http://maven.vie.sst.stp/content/groups/approved/org/springframework/spring-core/6.1.11/spring-core-6.1.11-sources.jar
2024-10-04 11:31:19,195 [Worker-10: Download sources and javadoc] INFO  o.e.m.j.internal.DownloadSourcesJob - Downloaded sources for org.springframework:spring-core:6.1.11
2024-10-04 11:31:19,609 [Worker-10: Download sources and javadoc] INFO  o.e.m.c.i.e.AbstractTransferListenerAdapter - Downloading http://maven.vie.sst.stp/content/groups/approved/org/springframework/spring-jcl/6.1.11/spring-jcl-6.1.11-sources.jar
2024-10-04 11:31:19,870 [Worker-10: Download sources and javadoc] INFO  o.e.m.c.i.e.AbstractTransferListenerAdapter - Downloaded http://maven.vie.sst.stp/content/groups/approved/org/springframework/spring-jcl/6.1.11/spring-jcl-6.1.11-sources.jar
2024-10-04 11:31:19,909 [Worker-10: Download sources and javadoc] INFO  o.e.m.j.internal.DownloadSourcesJob - Downloaded sources for org.springframework:spring-jcl:6.1.11
2024-10-04 11:31:20,329 [Worker-10: Download sources and javadoc] INFO  o.e.m.c.i.e.AbstractTransferListenerAdapter - Downloading http://maven.vie.sst.stp/content/groups/approved/org/projectlombok/lombok/1.18.34/lombok-1.18.34-sources.jar
2024-10-04 11:31:21,531 [Worker-10: Download sources and javadoc] INFO  o.e.m.c.i.e.AbstractTransferListenerAdapter - Downloaded http://maven.vie.sst.stp/content/groups/approved/org/projectlombok/lombok/1.18.34/lombok-1.18.34-sources.jar
2024-10-04 11:31:21,580 [Worker-10: Download sources and javadoc] INFO  o.e.m.j.internal.DownloadSourcesJob - Downloaded sources for org.projectlombok:lombok:1.18.34
2024-10-04 11:31:22,000 [Worker-10: Download sources and javadoc] INFO  o.e.m.c.i.e.AbstractTransferListenerAdapter - Downloading http://maven.vie.sst.stp/content/groups/approved/javax/validation/validation-api/2.0.1.Final/validation-api-2.0.1.Final-sources.jar
2024-10-04 11:31:22,719 [Worker-10: Download sources and javadoc] INFO  o.e.m.c.i.e.AbstractTransferListenerAdapter - Downloaded http://maven.vie.sst.stp/content/groups/approved/javax/validation/validation-api/2.0.1.Final/validation-api-2.0.1.Final-sources.jar
2024-10-04 11:31:22,757 [Worker-10: Download sources and javadoc] INFO  o.e.m.j.internal.DownloadSourcesJob - Downloaded sources for javax.validation:validation-api:2.0.1.Final
2024-10-04 11:31:22,761 [Worker-10: Download sources and javadoc] INFO  o.e.m.j.internal.DownloadSourcesJob - Downloaded sources for org.springframework.boot:spring-boot-starter-data-jpa:3.2.8
2024-10-04 11:31:22,764 [Worker-10: Download sources and javadoc] INFO  o.e.m.j.internal.DownloadSourcesJob - Downloaded sources for org.springframework.boot:spring-boot-starter-aop:3.2.8
2024-10-04 11:31:22,767 [Worker-10: Download sources and javadoc] INFO  o.e.m.j.internal.DownloadSourcesJob - Downloaded sources for org.springframework:spring-aop:6.1.11
2024-10-04 11:31:22,770 [Worker-10: Download sources and javadoc] INFO  o.e.m.j.internal.DownloadSourcesJob - Downloaded sources for org.aspectj:aspectjweaver:1.9.22.1
2024-10-04 11:31:22,783 [Worker-10: Download sources and javadoc] INFO  o.e.m.j.internal.DownloadSourcesJob - Downloaded sources for org.springframework.boot:spring-boot-starter-jdbc:3.2.8
2024-10-04 11:31:22,786 [Worker-10: Download sources and javadoc] INFO  o.e.m.j.internal.DownloadSourcesJob - Downloaded sources for com.zaxxer:HikariCP:5.0.1
2024-10-04 11:31:22,789 [Worker-10: Download sources and javadoc] INFO  o.e.m.j.internal.DownloadSourcesJob - Downloaded sources for org.springframework:spring-jdbc:6.1.11
2024-10-04 11:31:22,792 [Worker-10: Download sources and javadoc] INFO  o.e.m.j.internal.DownloadSourcesJob - Downloaded sources for org.hibernate.orm:hibernate-core:6.4.9.Final
2024-10-04 11:31:22,795 [Worker-10: Download sources and javadoc] INFO  o.e.m.j.internal.DownloadSourcesJob - Downloaded sources for jakarta.persistence:jakarta.persistence-api:3.1.0
2024-10-04 11:31:22,798 [Worker-10: Download sources and javadoc] INFO  o.e.m.j.internal.DownloadSourcesJob - Downloaded sources for jakarta.transaction:jakarta.transaction-api:2.0.1
2024-10-04 11:31:22,801 [Worker-10: Download sources and javadoc] INFO  o.e.m.j.internal.DownloadSourcesJob - Downloaded sources for org.jboss.logging:jboss-logging:3.5.3.Final
2024-10-04 11:31:22,805 [Worker-10: Download sources and javadoc] INFO  o.e.m.j.internal.DownloadSourcesJob - Downloaded sources for org.hibernate.common:hibernate-commons-annotations:6.0.6.Final
2024-10-04 11:31:22,808 [Worker-10: Download sources and javadoc] INFO  o.e.m.j.internal.DownloadSourcesJob - Downloaded sources for io.smallrye:jandex:3.1.2
2024-10-04 11:31:22,813 [Worker-10: Download sources and javadoc] INFO  o.e.m.j.internal.DownloadSourcesJob - Downloaded sources for com.fasterxml:classmate:1.6.0
2024-10-04 11:31:22,817 [Worker-10: Download sources and javadoc] INFO  o.e.m.j.internal.DownloadSourcesJob - Downloaded sources for net.bytebuddy:byte-buddy:1.14.18
2024-10-04 11:31:22,819 [Worker-10: Download sources and javadoc] INFO  o.e.m.j.internal.DownloadSourcesJob - Downloaded sources for org.glassfish.jaxb:jaxb-runtime:4.0.5
2024-10-04 11:31:22,822 [Worker-10: Download sources and javadoc] INFO  o.e.m.j.internal.DownloadSourcesJob - Downloaded sources for org.glassfish.jaxb:jaxb-core:4.0.5
2024-10-04 11:31:22,824 [Worker-10: Download sources and javadoc] INFO  o.e.m.j.internal.DownloadSourcesJob - Downloaded sources for org.eclipse.angus:angus-activation:2.0.2
2024-10-04 11:31:22,827 [Worker-10: Download sources and javadoc] INFO  o.e.m.j.internal.DownloadSourcesJob - Downloaded sources for org.glassfish.jaxb:txw2:4.0.5
2024-10-04 11:31:22,830 [Worker-10: Download sources and javadoc] INFO  o.e.m.j.internal.DownloadSourcesJob - Downloaded sources for com.sun.istack:istack-commons-runtime:4.1.2
2024-10-04 11:31:22,833 [Worker-10: Download sources and javadoc] INFO  o.e.m.j.internal.DownloadSourcesJob - Downloaded sources for jakarta.inject:jakarta.inject-api:2.0.1
2024-10-04 11:31:22,835 [Worker-10: Download sources and javadoc] INFO  o.e.m.j.internal.DownloadSourcesJob - Downloaded sources for org.antlr:antlr4-runtime:4.13.0
2024-10-04 11:31:22,838 [Worker-10: Download sources and javadoc] INFO  o.e.m.j.internal.DownloadSourcesJob - Downloaded sources for org.springframework.data:spring-data-jpa:3.2.8
2024-10-04 11:31:22,840 [Worker-10: Download sources and javadoc] INFO  o.e.m.j.internal.DownloadSourcesJob - Downloaded sources for org.springframework.data:spring-data-commons:3.2.8
2024-10-04 11:31:22,843 [Worker-10: Download sources and javadoc] INFO  o.e.m.j.internal.DownloadSourcesJob - Downloaded sources for org.springframework:spring-orm:6.1.11
2024-10-04 11:31:22,846 [Worker-10: Download sources and javadoc] INFO  o.e.m.j.internal.DownloadSourcesJob - Downloaded sources for org.springframework:spring-context:6.1.11
2024-10-04 11:31:22,848 [Worker-10: Download sources and javadoc] INFO  o.e.m.j.internal.DownloadSourcesJob - Downloaded sources for org.springframework:spring-tx:6.1.11
2024-10-04 11:31:22,851 [Worker-10: Download sources and javadoc] INFO  o.e.m.j.internal.DownloadSourcesJob - Downloaded sources for org.springframework:spring-beans:6.1.11
2024-10-04 11:31:22,853 [Worker-10: Download sources and javadoc] INFO  o.e.m.j.internal.DownloadSourcesJob - Downloaded sources for jakarta.annotation:jakarta.annotation-api:2.1.1
2024-10-04 11:31:22,856 [Worker-10: Download sources and javadoc] INFO  o.e.m.j.internal.DownloadSourcesJob - Downloaded sources for org.slf4j:slf4j-api:2.0.13
2024-10-04 11:31:22,859 [Worker-10: Download sources and javadoc] INFO  o.e.m.j.internal.DownloadSourcesJob - Downloaded sources for org.springframework:spring-aspects:6.1.11
2024-10-04 11:31:22,861 [Worker-10: Download sources and javadoc] INFO  o.e.m.j.internal.DownloadSourcesJob - Downloaded sources for org.springframework.boot:spring-boot-starter-web:3.2.8
2024-10-04 11:31:22,863 [Worker-10: Download sources and javadoc] INFO  o.e.m.j.internal.DownloadSourcesJob - Downloaded sources for org.springframework.boot:spring-boot-starter:3.2.8
2024-10-04 11:31:22,866 [Worker-10: Download sources and javadoc] INFO  o.e.m.j.internal.DownloadSourcesJob - Downloaded sources for org.springframework.boot:spring-boot-starter-logging:3.2.8
2024-10-04 11:31:22,869 [Worker-10: Download sources and javadoc] INFO  o.e.m.j.internal.DownloadSourcesJob - Downloaded sources for ch.qos.logback:logback-classic:1.4.14
2024-10-04 11:31:22,871 [Worker-10: Download sources and javadoc] INFO  o.e.m.j.internal.DownloadSourcesJob - Downloaded sources for ch.qos.logback:logback-core:1.4.14
2024-10-04 11:31:22,874 [Worker-10: Download sources and javadoc] INFO  o.e.m.j.internal.DownloadSourcesJob - Downloaded sources for org.apache.logging.log4j:log4j-to-slf4j:2.21.1
2024-10-04 11:31:22,876 [Worker-10: Download sources and javadoc] INFO  o.e.m.j.internal.DownloadSourcesJob - Downloaded sources for org.apache.logging.log4j:log4j-api:2.21.1
2024-10-04 11:31:22,879 [Worker-10: Download sources and javadoc] INFO  o.e.m.j.internal.DownloadSourcesJob - Downloaded sources for org.slf4j:jul-to-slf4j:2.0.13
2024-10-04 11:31:22,881 [Worker-10: Download sources and javadoc] INFO  o.e.m.j.internal.DownloadSourcesJob - Downloaded sources for org.yaml:snakeyaml:2.2
2024-10-04 11:31:22,884 [Worker-10: Download sources and javadoc] INFO  o.e.m.j.internal.DownloadSourcesJob - Downloaded sources for org.springframework.boot:spring-boot-starter-json:3.2.8
2024-10-04 11:31:22,886 [Worker-10: Download sources and javadoc] INFO  o.e.m.j.internal.DownloadSourcesJob - Downloaded sources for com.fasterxml.jackson.core:jackson-databind:2.15.4
2024-10-04 11:31:22,889 [Worker-10: Download sources and javadoc] INFO  o.e.m.j.internal.DownloadSourcesJob - Downloaded sources for com.fasterxml.jackson.core:jackson-annotations:2.15.4
2024-10-04 11:31:22,892 [Worker-10: Download sources and javadoc] INFO  o.e.m.j.internal.DownloadSourcesJob - Downloaded sources for com.fasterxml.jackson.core:jackson-core:2.15.4
2024-10-04 11:31:22,894 [Worker-10: Download sources and javadoc] INFO  o.e.m.j.internal.DownloadSourcesJob - Downloaded sources for com.fasterxml.jackson.datatype:jackson-datatype-jdk8:2.15.4
2024-10-04 11:31:22,897 [Worker-10: Download sources and javadoc] INFO  o.e.m.j.internal.DownloadSourcesJob - Downloaded sources for com.fasterxml.jackson.datatype:jackson-datatype-jsr310:2.15.4
2024-10-04 11:31:22,900 [Worker-10: Download sources and javadoc] INFO  o.e.m.j.internal.DownloadSourcesJob - Downloaded sources for com.fasterxml.jackson.module:jackson-module-parameter-names:2.15.4
2024-10-04 11:31:22,902 [Worker-10: Download sources and javadoc] INFO  o.e.m.j.internal.DownloadSourcesJob - Downloaded sources for org.springframework.boot:spring-boot-starter-tomcat:3.2.8
2024-10-04 11:31:22,906 [Worker-10: Download sources and javadoc] INFO  o.e.m.j.internal.DownloadSourcesJob - Downloaded sources for org.apache.tomcat.embed:tomcat-embed-core:10.1.26
2024-10-04 11:31:22,908 [Worker-10: Download sources and javadoc] INFO  o.e.m.j.internal.DownloadSourcesJob - Downloaded sources for org.apache.tomcat.embed:tomcat-embed-el:10.1.26
2024-10-04 11:31:22,911 [Worker-10: Download sources and javadoc] INFO  o.e.m.j.internal.DownloadSourcesJob - Downloaded sources for org.apache.tomcat.embed:tomcat-embed-websocket:10.1.26
2024-10-04 11:31:22,914 [Worker-10: Download sources and javadoc] INFO  o.e.m.j.internal.DownloadSourcesJob - Downloaded sources for org.springframework:spring-web:6.1.11
2024-10-04 11:31:22,917 [Worker-10: Download sources and javadoc] INFO  o.e.m.j.internal.DownloadSourcesJob - Downloaded sources for io.micrometer:micrometer-observation:1.12.8
2024-10-04 11:31:22,920 [Worker-10: Download sources and javadoc] INFO  o.e.m.j.internal.DownloadSourcesJob - Downloaded sources for io.micrometer:micrometer-commons:1.12.8
2024-10-04 11:31:22,923 [Worker-10: Download sources and javadoc] INFO  o.e.m.j.internal.DownloadSourcesJob - Downloaded sources for org.springframework:spring-webmvc:6.1.11
2024-10-04 11:31:22,926 [Worker-10: Download sources and javadoc] INFO  o.e.m.j.internal.DownloadSourcesJob - Downloaded sources for org.springframework:spring-expression:6.1.11
2024-10-04 11:31:22,929 [Worker-10: Download sources and javadoc] INFO  o.e.m.j.internal.DownloadSourcesJob - Downloaded sources for org.springframework.boot:spring-boot-devtools:3.2.8
2024-10-04 11:31:22,931 [Worker-10: Download sources and javadoc] INFO  o.e.m.j.internal.DownloadSourcesJob - Downloaded sources for org.springframework.boot:spring-boot:3.2.8
2024-10-04 11:31:22,934 [Worker-10: Download sources and javadoc] INFO  o.e.m.j.internal.DownloadSourcesJob - Downloaded sources for org.springframework.boot:spring-boot-autoconfigure:3.2.8
2024-10-04 11:31:22,937 [Worker-10: Download sources and javadoc] INFO  o.e.m.j.internal.DownloadSourcesJob - Downloaded sources for org.postgresql:postgresql:42.6.2
2024-10-04 11:31:22,939 [Worker-10: Download sources and javadoc] INFO  o.e.m.j.internal.DownloadSourcesJob - Downloaded sources for org.checkerframework:checker-qual:3.31.0
2024-10-04 11:31:22,942 [Worker-10: Download sources and javadoc] INFO  o.e.m.j.internal.DownloadSourcesJob - Downloaded sources for jakarta.xml.bind:jakarta.xml.bind-api:4.0.2
2024-10-04 11:31:22,944 [Worker-10: Download sources and javadoc] INFO  o.e.m.j.internal.DownloadSourcesJob - Downloaded sources for jakarta.activation:jakarta.activation-api:2.1.3
2024-10-04 11:31:22,947 [Worker-10: Download sources and javadoc] INFO  o.e.m.j.internal.DownloadSourcesJob - Downloaded sources for org.springframework:spring-core:6.1.11
2024-10-04 11:31:22,950 [Worker-10: Download sources and javadoc] INFO  o.e.m.j.internal.DownloadSourcesJob - Downloaded sources for org.springframework:spring-jcl:6.1.11
2024-10-04 11:31:22,952 [Worker-10: Download sources and javadoc] INFO  o.e.m.j.internal.DownloadSourcesJob - Downloaded sources for org.projectlombok:lombok:1.18.34
2024-10-04 11:31:22,955 [Worker-10: Download sources and javadoc] INFO  o.e.m.j.internal.DownloadSourcesJob - Downloaded sources for javax.validation:validation-api:2.0.1.Final
2024-10-04 11:31:22,957 [Worker-10: Download sources and javadoc] INFO  o.e.m.j.internal.DownloadSourcesJob - Downloaded sources for org.springframework.boot:spring-boot-starter-data-jpa:3.2.8
2024-10-04 11:31:22,960 [Worker-10: Download sources and javadoc] INFO  o.e.m.j.internal.DownloadSourcesJob - Downloaded sources for org.springframework.boot:spring-boot-starter-aop:3.2.8
2024-10-04 11:31:22,963 [Worker-10: Download sources and javadoc] INFO  o.e.m.j.internal.DownloadSourcesJob - Downloaded sources for org.springframework:spring-aop:6.1.11
2024-10-04 11:31:22,966 [Worker-10: Download sources and javadoc] INFO  o.e.m.j.internal.DownloadSourcesJob - Downloaded sources for org.aspectj:aspectjweaver:1.9.22.1
2024-10-04 11:31:22,968 [Worker-10: Download sources and javadoc] INFO  o.e.m.j.internal.DownloadSourcesJob - Downloaded sources for org.springframework.boot:spring-boot-starter-jdbc:3.2.8
2024-10-04 11:31:22,971 [Worker-10: Download sources and javadoc] INFO  o.e.m.j.internal.DownloadSourcesJob - Downloaded sources for com.zaxxer:HikariCP:5.0.1
2024-10-04 11:31:22,973 [Worker-10: Download sources and javadoc] INFO  o.e.m.j.internal.DownloadSourcesJob - Downloaded sources for org.springframework:spring-jdbc:6.1.11
2024-10-04 11:31:22,976 [Worker-10: Download sources and javadoc] INFO  o.e.m.j.internal.DownloadSourcesJob - Downloaded sources for org.hibernate.orm:hibernate-core:6.4.9.Final
2024-10-04 11:31:22,978 [Worker-10: Download sources and javadoc] INFO  o.e.m.j.internal.DownloadSourcesJob - Downloaded sources for jakarta.persistence:jakarta.persistence-api:3.1.0
2024-10-04 11:31:22,981 [Worker-10: Download sources and javadoc] INFO  o.e.m.j.internal.DownloadSourcesJob - Downloaded sources for jakarta.transaction:jakarta.transaction-api:2.0.1
2024-10-04 11:31:22,984 [Worker-10: Download sources and javadoc] INFO  o.e.m.j.internal.DownloadSourcesJob - Downloaded sources for org.jboss.logging:jboss-logging:3.5.3.Final
2024-10-04 11:31:22,986 [Worker-10: Download sources and javadoc] INFO  o.e.m.j.internal.DownloadSourcesJob - Downloaded sources for org.hibernate.common:hibernate-commons-annotations:6.0.6.Final
2024-10-04 11:31:22,989 [Worker-10: Download sources and javadoc] INFO  o.e.m.j.internal.DownloadSourcesJob - Downloaded sources for io.smallrye:jandex:3.1.2
2024-10-04 11:31:22,991 [Worker-10: Download sources and javadoc] INFO  o.e.m.j.internal.DownloadSourcesJob - Downloaded sources for com.fasterxml:classmate:1.6.0
2024-10-04 11:31:22,994 [Worker-10: Download sources and javadoc] INFO  o.e.m.j.internal.DownloadSourcesJob - Downloaded sources for net.bytebuddy:byte-buddy:1.14.18
2024-10-04 11:31:22,996 [Worker-10: Download sources and javadoc] INFO  o.e.m.j.internal.DownloadSourcesJob - Downloaded sources for org.glassfish.jaxb:jaxb-runtime:4.0.5
2024-10-04 11:31:22,998 [Worker-10: Download sources and javadoc] INFO  o.e.m.j.internal.DownloadSourcesJob - Downloaded sources for org.glassfish.jaxb:jaxb-core:4.0.5
2024-10-04 11:31:23,001 [Worker-10: Download sources and javadoc] INFO  o.e.m.j.internal.DownloadSourcesJob - Downloaded sources for org.eclipse.angus:angus-activation:2.0.2
2024-10-04 11:31:23,003 [Worker-10: Download sources and javadoc] INFO  o.e.m.j.internal.DownloadSourcesJob - Downloaded sources for org.glassfish.jaxb:txw2:4.0.5
2024-10-04 11:31:23,005 [Worker-10: Download sources and javadoc] INFO  o.e.m.j.internal.DownloadSourcesJob - Downloaded sources for com.sun.istack:istack-commons-runtime:4.1.2
2024-10-04 11:31:23,007 [Worker-10: Download sources and javadoc] INFO  o.e.m.j.internal.DownloadSourcesJob - Downloaded sources for jakarta.inject:jakarta.inject-api:2.0.1
2024-10-04 11:31:23,009 [Worker-10: Download sources and javadoc] INFO  o.e.m.j.internal.DownloadSourcesJob - Downloaded sources for org.antlr:antlr4-runtime:4.13.0
2024-10-04 11:31:23,012 [Worker-10: Download sources and javadoc] INFO  o.e.m.j.internal.DownloadSourcesJob - Downloaded sources for org.springframework.data:spring-data-jpa:3.2.8
2024-10-04 11:31:23,014 [Worker-10: Download sources and javadoc] INFO  o.e.m.j.internal.DownloadSourcesJob - Downloaded sources for org.springframework.data:spring-data-commons:3.2.8
2024-10-04 11:31:23,016 [Worker-10: Download sources and javadoc] INFO  o.e.m.j.internal.DownloadSourcesJob - Downloaded sources for org.springframework:spring-orm:6.1.11
2024-10-04 11:31:23,019 [Worker-10: Download sources and javadoc] INFO  o.e.m.j.internal.DownloadSourcesJob - Downloaded sources for org.springframework:spring-context:6.1.11
2024-10-04 11:31:23,021 [Worker-10: Download sources and javadoc] INFO  o.e.m.j.internal.DownloadSourcesJob - Downloaded sources for org.springframework:spring-tx:6.1.11
2024-10-04 11:31:23,023 [Worker-10: Download sources and javadoc] INFO  o.e.m.j.internal.DownloadSourcesJob - Downloaded sources for org.springframework:spring-beans:6.1.11
2024-10-04 11:31:23,026 [Worker-10: Download sources and javadoc] INFO  o.e.m.j.internal.DownloadSourcesJob - Downloaded sources for jakarta.annotation:jakarta.annotation-api:2.1.1
2024-10-04 11:31:23,028 [Worker-10: Download sources and javadoc] INFO  o.e.m.j.internal.DownloadSourcesJob - Downloaded sources for org.slf4j:slf4j-api:2.0.13
2024-10-04 11:31:23,030 [Worker-10: Download sources and javadoc] INFO  o.e.m.j.internal.DownloadSourcesJob - Downloaded sources for org.springframework:spring-aspects:6.1.11
2024-10-04 11:31:23,033 [Worker-10: Download sources and javadoc] INFO  o.e.m.j.internal.DownloadSourcesJob - Downloaded sources for org.springframework.boot:spring-boot-starter-web:3.2.8
2024-10-04 11:31:23,035 [Worker-10: Download sources and javadoc] INFO  o.e.m.j.internal.DownloadSourcesJob - Downloaded sources for org.springframework.boot:spring-boot-starter:3.2.8
2024-10-04 11:31:23,037 [Worker-10: Download sources and javadoc] INFO  o.e.m.j.internal.DownloadSourcesJob - Downloaded sources for org.springframework.boot:spring-boot-starter-logging:3.2.8
2024-10-04 11:31:23,040 [Worker-10: Download sources and javadoc] INFO  o.e.m.j.internal.DownloadSourcesJob - Downloaded sources for ch.qos.logback:logback-classic:1.4.14
2024-10-04 11:31:23,042 [Worker-10: Download sources and javadoc] INFO  o.e.m.j.internal.DownloadSourcesJob - Downloaded sources for ch.qos.logback:logback-core:1.4.14
2024-10-04 11:31:23,044 [Worker-10: Download sources and javadoc] INFO  o.e.m.j.internal.DownloadSourcesJob - Downloaded sources for org.apache.logging.log4j:log4j-to-slf4j:2.21.1
2024-10-04 11:31:23,046 [Worker-10: Download sources and javadoc] INFO  o.e.m.j.internal.DownloadSourcesJob - Downloaded sources for org.apache.logging.log4j:log4j-api:2.21.1
2024-10-04 11:31:23,049 [Worker-10: Download sources and javadoc] INFO  o.e.m.j.internal.DownloadSourcesJob - Downloaded sources for org.slf4j:jul-to-slf4j:2.0.13
2024-10-04 11:31:23,051 [Worker-10: Download sources and javadoc] INFO  o.e.m.j.internal.DownloadSourcesJob - Downloaded sources for org.yaml:snakeyaml:2.2
2024-10-04 11:31:23,053 [Worker-10: Download sources and javadoc] INFO  o.e.m.j.internal.DownloadSourcesJob - Downloaded sources for org.springframework.boot:spring-boot-starter-json:3.2.8
2024-10-04 11:31:23,055 [Worker-10: Download sources and javadoc] INFO  o.e.m.j.internal.DownloadSourcesJob - Downloaded sources for com.fasterxml.jackson.core:jackson-databind:2.15.4
2024-10-04 11:31:23,058 [Worker-10: Download sources and javadoc] INFO  o.e.m.j.internal.DownloadSourcesJob - Downloaded sources for com.fasterxml.jackson.core:jackson-annotations:2.15.4
2024-10-04 11:31:23,060 [Worker-10: Download sources and javadoc] INFO  o.e.m.j.internal.DownloadSourcesJob - Downloaded sources for com.fasterxml.jackson.core:jackson-core:2.15.4
2024-10-04 11:31:23,062 [Worker-10: Download sources and javadoc] INFO  o.e.m.j.internal.DownloadSourcesJob - Downloaded sources for com.fasterxml.jackson.datatype:jackson-datatype-jdk8:2.15.4
2024-10-04 11:31:23,064 [Worker-10: Download sources and javadoc] INFO  o.e.m.j.internal.DownloadSourcesJob - Downloaded sources for com.fasterxml.jackson.datatype:jackson-datatype-jsr310:2.15.4
2024-10-04 11:31:23,066 [Worker-10: Download sources and javadoc] INFO  o.e.m.j.internal.DownloadSourcesJob - Downloaded sources for com.fasterxml.jackson.module:jackson-module-parameter-names:2.15.4
2024-10-04 11:31:23,069 [Worker-10: Download sources and javadoc] INFO  o.e.m.j.internal.DownloadSourcesJob - Downloaded sources for org.springframework.boot:spring-boot-starter-tomcat:3.2.8
2024-10-04 11:31:23,071 [Worker-10: Download sources and javadoc] INFO  o.e.m.j.internal.DownloadSourcesJob - Downloaded sources for org.apache.tomcat.embed:tomcat-embed-core:10.1.26
2024-10-04 11:31:23,073 [Worker-10: Download sources and javadoc] INFO  o.e.m.j.internal.DownloadSourcesJob - Downloaded sources for org.apache.tomcat.embed:tomcat-embed-el:10.1.26
2024-10-04 11:31:23,075 [Worker-10: Download sources and javadoc] INFO  o.e.m.j.internal.DownloadSourcesJob - Downloaded sources for org.apache.tomcat.embed:tomcat-embed-websocket:10.1.26
2024-10-04 11:31:23,078 [Worker-10: Download sources and javadoc] INFO  o.e.m.j.internal.DownloadSourcesJob - Downloaded sources for org.springframework:spring-web:6.1.11
2024-10-04 11:31:23,080 [Worker-10: Download sources and javadoc] INFO  o.e.m.j.internal.DownloadSourcesJob - Downloaded sources for io.micrometer:micrometer-observation:1.12.8
2024-10-04 11:31:23,082 [Worker-10: Download sources and javadoc] INFO  o.e.m.j.internal.DownloadSourcesJob - Downloaded sources for io.micrometer:micrometer-commons:1.12.8
2024-10-04 11:31:23,084 [Worker-10: Download sources and javadoc] INFO  o.e.m.j.internal.DownloadSourcesJob - Downloaded sources for org.springframework:spring-webmvc:6.1.11
2024-10-04 11:31:23,086 [Worker-10: Download sources and javadoc] INFO  o.e.m.j.internal.DownloadSourcesJob - Downloaded sources for org.springframework:spring-expression:6.1.11
2024-10-04 11:31:23,089 [Worker-10: Download sources and javadoc] INFO  o.e.m.j.internal.DownloadSourcesJob - Downloaded sources for org.springframework.boot:spring-boot-devtools:3.2.8
2024-10-04 11:31:23,091 [Worker-10: Download sources and javadoc] INFO  o.e.m.j.internal.DownloadSourcesJob - Downloaded sources for org.springframework.boot:spring-boot:3.2.8
2024-10-04 11:31:23,093 [Worker-10: Download sources and javadoc] INFO  o.e.m.j.internal.DownloadSourcesJob - Downloaded sources for org.springframework.boot:spring-boot-autoconfigure:3.2.8
2024-10-04 11:31:23,095 [Worker-10: Download sources and javadoc] INFO  o.e.m.j.internal.DownloadSourcesJob - Downloaded sources for org.postgresql:postgresql:42.6.2
2024-10-04 11:31:23,097 [Worker-10: Download sources and javadoc] INFO  o.e.m.j.internal.DownloadSourcesJob - Downloaded sources for org.checkerframework:checker-qual:3.31.0
2024-10-04 11:31:23,099 [Worker-10: Download sources and javadoc] INFO  o.e.m.j.internal.DownloadSourcesJob - Downloaded sources for jakarta.xml.bind:jakarta.xml.bind-api:4.0.2
2024-10-04 11:31:23,101 [Worker-10: Download sources and javadoc] INFO  o.e.m.j.internal.DownloadSourcesJob - Downloaded sources for jakarta.activation:jakarta.activation-api:2.1.3
2024-10-04 11:31:23,103 [Worker-10: Download sources and javadoc] INFO  o.e.m.j.internal.DownloadSourcesJob - Downloaded sources for org.springframework:spring-core:6.1.11
2024-10-04 11:31:23,105 [Worker-10: Download sources and javadoc] INFO  o.e.m.j.internal.DownloadSourcesJob - Downloaded sources for org.springframework:spring-jcl:6.1.11
2024-10-04 11:31:23,107 [Worker-10: Download sources and javadoc] INFO  o.e.m.j.internal.DownloadSourcesJob - Downloaded sources for org.projectlombok:lombok:1.18.34
2024-10-04 11:31:23,109 [Worker-10: Download sources and javadoc] INFO  o.e.m.j.internal.DownloadSourcesJob - Downloaded sources for javax.validation:validation-api:2.0.1.Final
2024-10-04 11:31:25,035 [Worker-15: Download sources and javadoc] INFO  o.e.m.c.i.e.AbstractTransferListenerAdapter - Downloading http://maven.vie.sst.stp/content/groups/approved/org/springframework/boot/spring-boot-starter-test/3.2.8/spring-boot-starter-test-3.2.8-sources.jar
2024-10-04 11:31:25,289 [Worker-15: Download sources and javadoc] INFO  o.e.m.c.i.e.AbstractTransferListenerAdapter - Downloaded http://maven.vie.sst.stp/content/groups/approved/org/springframework/boot/spring-boot-starter-test/3.2.8/spring-boot-starter-test-3.2.8-sources.jar
2024-10-04 11:31:25,411 [Worker-15: Download sources and javadoc] INFO  o.e.m.j.internal.DownloadSourcesJob - Downloaded sources for org.springframework.boot:spring-boot-starter-test:3.2.8
2024-10-04 11:31:25,831 [Worker-15: Download sources and javadoc] INFO  o.e.m.c.i.e.AbstractTransferListenerAdapter - Downloading http://maven.vie.sst.stp/content/groups/approved/org/springframework/boot/spring-boot-test/3.2.8/spring-boot-test-3.2.8-sources.jar
2024-10-04 11:31:26,555 [Worker-15: Download sources and javadoc] INFO  o.e.m.c.i.e.AbstractTransferListenerAdapter - Downloaded http://maven.vie.sst.stp/content/groups/approved/org/springframework/boot/spring-boot-test/3.2.8/spring-boot-test-3.2.8-sources.jar
2024-10-04 11:31:26,614 [Worker-15: Download sources and javadoc] INFO  o.e.m.j.internal.DownloadSourcesJob - Downloaded sources for org.springframework.boot:spring-boot-test:3.2.8
2024-10-04 11:31:27,038 [Worker-15: Download sources and javadoc] INFO  o.e.m.c.i.e.AbstractTransferListenerAdapter - Downloading http://maven.vie.sst.stp/content/groups/approved/org/springframework/boot/spring-boot-test-autoconfigure/3.2.8/spring-boot-test-autoconfigure-3.2.8-sources.jar
2024-10-04 11:31:27,159 [Worker-0: Building] INFO  o.a.m.s.f.DefaultMavenResourcesFiltering - Copying 1 resource from src\main\resources to target\classes
2024-10-04 11:31:27,173 [Worker-0: Building] INFO  o.a.m.s.f.DefaultMavenResourcesFiltering - Copying 0 resource from src\main\resources to target\classes
2024-10-04 11:31:27,176 [Worker-0: Building] INFO  o.a.m.s.f.DefaultMavenResourcesFiltering - skip non existing resourceDirectory C:\Users\awaikar\Documents\Self_Study\AdminManagementWorkSpace\sst-admin-management-backend\src\test\resources
2024-10-04 11:31:27,917 [Worker-15: Download sources and javadoc] INFO  o.e.m.c.i.e.AbstractTransferListenerAdapter - Downloaded http://maven.vie.sst.stp/content/groups/approved/org/springframework/boot/spring-boot-test-autoconfigure/3.2.8/spring-boot-test-autoconfigure-3.2.8-sources.jar
2024-10-04 11:31:27,971 [Worker-15: Download sources and javadoc] INFO  o.e.m.j.internal.DownloadSourcesJob - Downloaded sources for org.springframework.boot:spring-boot-test-autoconfigure:3.2.8
2024-10-04 11:31:28,412 [Worker-15: Download sources and javadoc] INFO  o.e.m.c.i.e.AbstractTransferListenerAdapter - Downloading http://maven.vie.sst.stp/content/groups/approved/com/jayway/jsonpath/json-path/2.9.0/json-path-2.9.0-sources.jar
2024-10-04 11:31:29,152 [Worker-15: Download sources and javadoc] INFO  o.e.m.c.i.e.AbstractTransferListenerAdapter - Downloaded http://maven.vie.sst.stp/content/groups/approved/com/jayway/jsonpath/json-path/2.9.0/json-path-2.9.0-sources.jar
2024-10-04 11:31:29,209 [Worker-15: Download sources and javadoc] INFO  o.e.m.j.internal.DownloadSourcesJob - Downloaded sources for com.jayway.jsonpath:json-path:2.9.0
2024-10-04 11:31:29,628 [Worker-15: Download sources and javadoc] INFO  o.e.m.c.i.e.AbstractTransferListenerAdapter - Downloading http://maven.vie.sst.stp/content/groups/approved/net/minidev/json-smart/2.5.1/json-smart-2.5.1-sources.jar
2024-10-04 11:31:30,185 [Worker-15: Download sources and javadoc] INFO  o.e.m.c.i.e.AbstractTransferListenerAdapter - Downloaded http://maven.vie.sst.stp/content/groups/approved/net/minidev/json-smart/2.5.1/json-smart-2.5.1-sources.jar
2024-10-04 11:31:30,224 [Worker-15: Download sources and javadoc] INFO  o.e.m.j.internal.DownloadSourcesJob - Downloaded sources for net.minidev:json-smart:2.5.1
2024-10-04 11:31:30,638 [Worker-15: Download sources and javadoc] INFO  o.e.m.c.i.e.AbstractTransferListenerAdapter - Downloading http://maven.vie.sst.stp/content/groups/approved/net/minidev/accessors-smart/2.5.1/accessors-smart-2.5.1-sources.jar
2024-10-04 11:31:31,040 [Worker-15: Download sources and javadoc] INFO  o.e.m.c.i.e.AbstractTransferListenerAdapter - Downloaded http://maven.vie.sst.stp/content/groups/approved/net/minidev/accessors-smart/2.5.1/accessors-smart-2.5.1-sources.jar
2024-10-04 11:31:31,074 [Worker-15: Download sources and javadoc] INFO  o.e.m.j.internal.DownloadSourcesJob - Downloaded sources for net.minidev:accessors-smart:2.5.1
2024-10-04 11:31:31,492 [Worker-15: Download sources and javadoc] INFO  o.e.m.c.i.e.AbstractTransferListenerAdapter - Downloading http://maven.vie.sst.stp/content/groups/approved/org/ow2/asm/asm/9.6/asm-9.6-sources.jar
2024-10-04 11:31:32,207 [Worker-15: Download sources and javadoc] INFO  o.e.m.c.i.e.AbstractTransferListenerAdapter - Downloaded http://maven.vie.sst.stp/content/groups/approved/org/ow2/asm/asm/9.6/asm-9.6-sources.jar
2024-10-04 11:31:32,240 [Worker-15: Download sources and javadoc] INFO  o.e.m.j.internal.DownloadSourcesJob - Downloaded sources for org.ow2.asm:asm:9.6
2024-10-04 11:31:32,656 [Worker-15: Download sources and javadoc] INFO  o.e.m.c.i.e.AbstractTransferListenerAdapter - Downloading http://maven.vie.sst.stp/content/groups/approved/org/assertj/assertj-core/3.24.2/assertj-core-3.24.2-sources.jar
2024-10-04 11:31:34,002 [Worker-15: Download sources and javadoc] INFO  o.e.m.c.i.e.AbstractTransferListenerAdapter - Downloaded http://maven.vie.sst.stp/content/groups/approved/org/assertj/assertj-core/3.24.2/assertj-core-3.24.2-sources.jar
2024-10-04 11:31:34,036 [Worker-15: Download sources and javadoc] INFO  o.e.m.j.internal.DownloadSourcesJob - Downloaded sources for org.assertj:assertj-core:3.24.2
2024-10-04 11:31:34,454 [Worker-15: Download sources and javadoc] INFO  o.e.m.c.i.e.AbstractTransferListenerAdapter - Downloading http://maven.vie.sst.stp/content/groups/approved/org/awaitility/awaitility/4.2.1/awaitility-4.2.1-sources.jar
2024-10-04 11:31:35,014 [Worker-15: Download sources and javadoc] INFO  o.e.m.c.i.e.AbstractTransferListenerAdapter - Downloaded http://maven.vie.sst.stp/content/groups/approved/org/awaitility/awaitility/4.2.1/awaitility-4.2.1-sources.jar
2024-10-04 11:31:35,048 [Worker-15: Download sources and javadoc] INFO  o.e.m.j.internal.DownloadSourcesJob - Downloaded sources for org.awaitility:awaitility:4.2.1
2024-10-04 11:31:35,467 [Worker-15: Download sources and javadoc] INFO  o.e.m.c.i.e.AbstractTransferListenerAdapter - Downloading http://maven.vie.sst.stp/content/groups/approved/org/hamcrest/hamcrest/2.2/hamcrest-2.2-sources.jar
2024-10-04 11:31:36,025 [Worker-15: Download sources and javadoc] INFO  o.e.m.c.i.e.AbstractTransferListenerAdapter - Downloaded http://maven.vie.sst.stp/content/groups/approved/org/hamcrest/hamcrest/2.2/hamcrest-2.2-sources.jar
2024-10-04 11:31:36,088 [Worker-15: Download sources and javadoc] INFO  o.e.m.j.internal.DownloadSourcesJob - Downloaded sources for org.hamcrest:hamcrest:2.2
2024-10-04 11:31:36,503 [Worker-15: Download sources and javadoc] INFO  o.e.m.c.i.e.AbstractTransferListenerAdapter - Downloading http://maven.vie.sst.stp/content/groups/approved/org/junit/jupiter/junit-jupiter/5.10.3/junit-jupiter-5.10.3-sources.jar
2024-10-04 11:31:36,752 [Worker-15: Download sources and javadoc] INFO  o.e.m.c.i.e.AbstractTransferListenerAdapter - Downloaded http://maven.vie.sst.stp/content/groups/approved/org/junit/jupiter/junit-jupiter/5.10.3/junit-jupiter-5.10.3-sources.jar
2024-10-04 11:31:36,780 [Worker-15: Download sources and javadoc] INFO  o.e.m.j.internal.DownloadSourcesJob - Downloaded sources for org.junit.jupiter:junit-jupiter:5.10.3
2024-10-04 11:31:37,197 [Worker-15: Download sources and javadoc] INFO  o.e.m.c.i.e.AbstractTransferListenerAdapter - Downloading http://maven.vie.sst.stp/content/groups/approved/org/junit/jupiter/junit-jupiter-api/5.10.3/junit-jupiter-api-5.10.3-sources.jar
2024-10-04 11:31:38,072 [Worker-15: Download sources and javadoc] INFO  o.e.m.c.i.e.AbstractTransferListenerAdapter - Downloaded http://maven.vie.sst.stp/content/groups/approved/org/junit/jupiter/junit-jupiter-api/5.10.3/junit-jupiter-api-5.10.3-sources.jar
2024-10-04 11:31:38,109 [Worker-15: Download sources and javadoc] INFO  o.e.m.j.internal.DownloadSourcesJob - Downloaded sources for org.junit.jupiter:junit-jupiter-api:5.10.3
2024-10-04 11:31:38,523 [Worker-15: Download sources and javadoc] INFO  o.e.m.c.i.e.AbstractTransferListenerAdapter - Downloading http://maven.vie.sst.stp/content/groups/approved/org/opentest4j/opentest4j/1.3.0/opentest4j-1.3.0-sources.jar
2024-10-04 11:31:38,772 [Worker-15: Download sources and javadoc] INFO  o.e.m.c.i.e.AbstractTransferListenerAdapter - Downloaded http://maven.vie.sst.stp/content/groups/approved/org/opentest4j/opentest4j/1.3.0/opentest4j-1.3.0-sources.jar
2024-10-04 11:31:38,809 [Worker-15: Download sources and javadoc] INFO  o.e.m.j.internal.DownloadSourcesJob - Downloaded sources for org.opentest4j:opentest4j:1.3.0
2024-10-04 11:31:39,227 [Worker-15: Download sources and javadoc] INFO  o.e.m.c.i.e.AbstractTransferListenerAdapter - Downloading http://maven.vie.sst.stp/content/groups/approved/org/junit/platform/junit-platform-commons/1.10.3/junit-platform-commons-1.10.3-sources.jar
2024-10-04 11:31:39,783 [Worker-15: Download sources and javadoc] INFO  o.e.m.c.i.e.AbstractTransferListenerAdapter - Downloaded http://maven.vie.sst.stp/content/groups/approved/org/junit/platform/junit-platform-commons/1.10.3/junit-platform-commons-1.10.3-sources.jar
2024-10-04 11:31:39,816 [Worker-15: Download sources and javadoc] INFO  o.e.m.j.internal.DownloadSourcesJob - Downloaded sources for org.junit.platform:junit-platform-commons:1.10.3
2024-10-04 11:31:40,229 [Worker-15: Download sources and javadoc] INFO  o.e.m.c.i.e.AbstractTransferListenerAdapter - Downloading http://maven.vie.sst.stp/content/groups/approved/org/apiguardian/apiguardian-api/1.1.2/apiguardian-api-1.1.2-sources.jar
2024-10-04 11:31:40,487 [Worker-15: Download sources and javadoc] INFO  o.e.m.c.i.e.AbstractTransferListenerAdapter - Downloaded http://maven.vie.sst.stp/content/groups/approved/org/apiguardian/apiguardian-api/1.1.2/apiguardian-api-1.1.2-sources.jar
2024-10-04 11:31:40,521 [Worker-15: Download sources and javadoc] INFO  o.e.m.j.internal.DownloadSourcesJob - Downloaded sources for org.apiguardian:apiguardian-api:1.1.2
2024-10-04 11:31:40,937 [Worker-15: Download sources and javadoc] INFO  o.e.m.c.i.e.AbstractTransferListenerAdapter - Downloading http://maven.vie.sst.stp/content/groups/approved/org/junit/jupiter/junit-jupiter-params/5.10.3/junit-jupiter-params-5.10.3-sources.jar
2024-10-04 11:31:41,494 [Worker-15: Download sources and javadoc] INFO  o.e.m.c.i.e.AbstractTransferListenerAdapter - Downloaded http://maven.vie.sst.stp/content/groups/approved/org/junit/jupiter/junit-jupiter-params/5.10.3/junit-jupiter-params-5.10.3-sources.jar
2024-10-04 11:31:41,534 [Worker-15: Download sources and javadoc] INFO  o.e.m.j.internal.DownloadSourcesJob - Downloaded sources for org.junit.jupiter:junit-jupiter-params:5.10.3
2024-10-04 11:31:41,948 [Worker-15: Download sources and javadoc] INFO  o.e.m.c.i.e.AbstractTransferListenerAdapter - Downloading http://maven.vie.sst.stp/content/groups/approved/org/junit/jupiter/junit-jupiter-engine/5.10.3/junit-jupiter-engine-5.10.3-sources.jar
2024-10-04 11:31:42,667 [Worker-15: Download sources and javadoc] INFO  o.e.m.c.i.e.AbstractTransferListenerAdapter - Downloaded http://maven.vie.sst.stp/content/groups/approved/org/junit/jupiter/junit-jupiter-engine/5.10.3/junit-jupiter-engine-5.10.3-sources.jar
2024-10-04 11:31:42,710 [Worker-15: Download sources and javadoc] INFO  o.e.m.j.internal.DownloadSourcesJob - Downloaded sources for org.junit.jupiter:junit-jupiter-engine:5.10.3
2024-10-04 11:31:43,128 [Worker-15: Download sources and javadoc] INFO  o.e.m.c.i.e.AbstractTransferListenerAdapter - Downloading http://maven.vie.sst.stp/content/groups/approved/org/junit/platform/junit-platform-engine/1.10.3/junit-platform-engine-1.10.3-sources.jar
2024-10-04 11:31:43,843 [Worker-15: Download sources and javadoc] INFO  o.e.m.c.i.e.AbstractTransferListenerAdapter - Downloaded http://maven.vie.sst.stp/content/groups/approved/org/junit/platform/junit-platform-engine/1.10.3/junit-platform-engine-1.10.3-sources.jar
2024-10-04 11:31:43,877 [Worker-15: Download sources and javadoc] INFO  o.e.m.j.internal.DownloadSourcesJob - Downloaded sources for org.junit.platform:junit-platform-engine:1.10.3
2024-10-04 11:31:44,294 [Worker-15: Download sources and javadoc] INFO  o.e.m.c.i.e.AbstractTransferListenerAdapter - Downloading http://maven.vie.sst.stp/content/groups/approved/org/mockito/mockito-core/5.7.0/mockito-core-5.7.0-sources.jar
2024-10-04 11:31:45,326 [Worker-15: Download sources and javadoc] INFO  o.e.m.c.i.e.AbstractTransferListenerAdapter - Downloaded http://maven.vie.sst.stp/content/groups/approved/org/mockito/mockito-core/5.7.0/mockito-core-5.7.0-sources.jar
2024-10-04 11:31:45,396 [Worker-15: Download sources and javadoc] INFO  o.e.m.j.internal.DownloadSourcesJob - Downloaded sources for org.mockito:mockito-core:5.7.0
2024-10-04 11:31:45,814 [Worker-15: Download sources and javadoc] INFO  o.e.m.c.i.e.AbstractTransferListenerAdapter - Downloading http://maven.vie.sst.stp/content/groups/approved/net/bytebuddy/byte-buddy-agent/1.14.18/byte-buddy-agent-1.14.18-sources.jar
2024-10-04 11:31:46,676 [Worker-15: Download sources and javadoc] INFO  o.e.m.c.i.e.AbstractTransferListenerAdapter - Downloaded http://maven.vie.sst.stp/content/groups/approved/net/bytebuddy/byte-buddy-agent/1.14.18/byte-buddy-agent-1.14.18-sources.jar
2024-10-04 11:31:46,712 [Worker-15: Download sources and javadoc] INFO  o.e.m.j.internal.DownloadSourcesJob - Downloaded sources for net.bytebuddy:byte-buddy-agent:1.14.18
2024-10-04 11:31:47,127 [Worker-15: Download sources and javadoc] INFO  o.e.m.c.i.e.AbstractTransferListenerAdapter - Downloading http://maven.vie.sst.stp/content/groups/approved/org/objenesis/objenesis/3.3/objenesis-3.3-sources.jar
2024-10-04 11:31:47,691 [Worker-15: Download sources and javadoc] INFO  o.e.m.c.i.e.AbstractTransferListenerAdapter - Downloaded http://maven.vie.sst.stp/content/groups/approved/org/objenesis/objenesis/3.3/objenesis-3.3-sources.jar
2024-10-04 11:31:47,727 [Worker-15: Download sources and javadoc] INFO  o.e.m.j.internal.DownloadSourcesJob - Downloaded sources for org.objenesis:objenesis:3.3
2024-10-04 11:31:48,140 [Worker-15: Download sources and javadoc] INFO  o.e.m.c.i.e.AbstractTransferListenerAdapter - Downloading http://maven.vie.sst.stp/content/groups/approved/org/mockito/mockito-junit-jupiter/5.7.0/mockito-junit-jupiter-5.7.0-sources.jar
2024-10-04 11:31:48,404 [Worker-15: Download sources and javadoc] INFO  o.e.m.c.i.e.AbstractTransferListenerAdapter - Downloaded http://maven.vie.sst.stp/content/groups/approved/org/mockito/mockito-junit-jupiter/5.7.0/mockito-junit-jupiter-5.7.0-sources.jar
2024-10-04 11:31:48,442 [Worker-15: Download sources and javadoc] INFO  o.e.m.j.internal.DownloadSourcesJob - Downloaded sources for org.mockito:mockito-junit-jupiter:5.7.0
2024-10-04 11:31:48,857 [Worker-15: Download sources and javadoc] INFO  o.e.m.c.i.e.AbstractTransferListenerAdapter - Downloading http://maven.vie.sst.stp/content/groups/approved/org/skyscreamer/jsonassert/1.5.3/jsonassert-1.5.3-sources.jar
2024-10-04 11:31:49,262 [Worker-15: Download sources and javadoc] INFO  o.e.m.c.i.e.AbstractTransferListenerAdapter - Downloaded http://maven.vie.sst.stp/content/groups/approved/org/skyscreamer/jsonassert/1.5.3/jsonassert-1.5.3-sources.jar
2024-10-04 11:31:49,299 [Worker-15: Download sources and javadoc] INFO  o.e.m.j.internal.DownloadSourcesJob - Downloaded sources for org.skyscreamer:jsonassert:1.5.3
2024-10-04 11:31:49,721 [Worker-15: Download sources and javadoc] INFO  o.e.m.c.i.e.AbstractTransferListenerAdapter - Downloading http://maven.vie.sst.stp/content/groups/approved/com/vaadin/external/google/android-json/0.0.20131108.vaadin1/android-json-0.0.20131108.vaadin1-sources.jar
2024-10-04 11:31:50,123 [Worker-15: Download sources and javadoc] INFO  o.e.m.c.i.e.AbstractTransferListenerAdapter - Downloaded http://maven.vie.sst.stp/content/groups/approved/com/vaadin/external/google/android-json/0.0.20131108.vaadin1/android-json-0.0.20131108.vaadin1-sources.jar
2024-10-04 11:31:50,164 [Worker-15: Download sources and javadoc] INFO  o.e.m.j.internal.DownloadSourcesJob - Downloaded sources for com.vaadin.external.google:android-json:0.0.20131108.vaadin1
2024-10-04 11:31:50,580 [Worker-15: Download sources and javadoc] INFO  o.e.m.c.i.e.AbstractTransferListenerAdapter - Downloading http://maven.vie.sst.stp/content/groups/approved/org/springframework/spring-test/6.1.11/spring-test-6.1.11-sources.jar
2024-10-04 11:31:51,604 [Worker-15: Download sources and javadoc] INFO  o.e.m.c.i.e.AbstractTransferListenerAdapter - Downloaded http://maven.vie.sst.stp/content/groups/approved/org/springframework/spring-test/6.1.11/spring-test-6.1.11-sources.jar
2024-10-04 11:31:51,650 [Worker-15: Download sources and javadoc] INFO  o.e.m.j.internal.DownloadSourcesJob - Downloaded sources for org.springframework:spring-test:6.1.11
2024-10-04 11:31:52,067 [Worker-15: Download sources and javadoc] INFO  o.e.m.c.i.e.AbstractTransferListenerAdapter - Downloading http://maven.vie.sst.stp/content/groups/approved/org/xmlunit/xmlunit-core/2.9.1/xmlunit-core-2.9.1-sources.jar
2024-10-04 11:31:52,788 [Worker-15: Download sources and javadoc] INFO  o.e.m.c.i.e.AbstractTransferListenerAdapter - Downloaded http://maven.vie.sst.stp/content/groups/approved/org/xmlunit/xmlunit-core/2.9.1/xmlunit-core-2.9.1-sources.jar
2024-10-04 11:31:52,828 [Worker-15: Download sources and javadoc] INFO  o.e.m.j.internal.DownloadSourcesJob - Downloaded sources for org.xmlunit:xmlunit-core:2.9.1
2024-10-04 11:31:53,318 [Worker-0: Building] INFO  o.a.m.s.f.DefaultMavenResourcesFiltering - Copying 0 resource from src\main\resources to target\classes
2024-10-04 11:31:53,318 [Worker-0: Building] INFO  o.a.m.s.f.DefaultMavenResourcesFiltering - Copying 0 resource from src\main\resources to target\classes
2024-10-04 11:31:53,320 [Worker-0: Building] INFO  o.a.m.s.f.DefaultMavenResourcesFiltering - skip non existing resourceDirectory C:\Users\awaikar\Documents\Self_Study\AdminManagementWorkSpace\sst-admin-management-backend\src\test\resources
2025-01-13 16:30:20,168 [Worker-6: Loading available Gradle versions] INFO  o.e.b.c.i.u.g.PublishedGradleVersions - Gradle version information cache is up-to-date. Trying to read.
2025-01-13 16:30:27,037 [Worker-3: Building] INFO  o.e.m.c.i.e.AbstractTransferListenerAdapter - Downloading http://maven.vie.sst.stp/content/groups/approved/org/springframework/boot/spring-boot-starter-parent/3.2.8/spring-boot-starter-parent-3.2.8.pom
2025-01-13 16:30:27,313 [Worker-3: Building] INFO  o.e.m.c.i.e.AbstractTransferListenerAdapter - Downloaded http://maven.vie.sst.stp/content/groups/approved/org/springframework/boot/spring-boot-starter-parent/3.2.8/spring-boot-starter-parent-3.2.8.pom
2025-01-13 16:30:27,582 [Worker-3: Building] INFO  o.e.m.c.i.e.AbstractTransferListenerAdapter - Downloading http://maven.vie.sst.stp/content/groups/approved/org/springframework/boot/spring-boot-dependencies/3.2.8/spring-boot-dependencies-3.2.8.pom
2025-01-13 16:30:28,211 [Worker-3: Building] INFO  o.e.m.c.i.e.AbstractTransferListenerAdapter - Downloaded http://maven.vie.sst.stp/content/groups/approved/org/springframework/boot/spring-boot-dependencies/3.2.8/spring-boot-dependencies-3.2.8.pom
2025-01-13 16:30:28,551 [Worker-3: Building] INFO  o.e.m.c.i.e.AbstractTransferListenerAdapter - Downloading http://maven.vie.sst.stp/content/groups/approved/org/assertj/assertj-bom/3.24.2/assertj-bom-3.24.2.pom
2025-01-13 16:30:28,820 [Worker-3: Building] INFO  o.e.m.c.i.e.AbstractTransferListenerAdapter - Downloaded http://maven.vie.sst.stp/content/groups/approved/org/assertj/assertj-bom/3.24.2/assertj-bom-3.24.2.pom
2025-01-13 16:30:29,095 [Worker-3: Building] INFO  o.e.m.c.i.e.AbstractTransferListenerAdapter - Downloading http://maven.vie.sst.stp/content/groups/approved/io/zipkin/brave/brave-bom/5.16.0/brave-bom-5.16.0.pom
2025-01-13 16:30:29,360 [Worker-3: Building] INFO  o.e.m.c.i.e.AbstractTransferListenerAdapter - Downloaded http://maven.vie.sst.stp/content/groups/approved/io/zipkin/brave/brave-bom/5.16.0/brave-bom-5.16.0.pom
2025-01-13 16:30:29,545 [Worker-3: Building] INFO  o.e.m.c.i.e.AbstractTransferListenerAdapter - Downloading http://maven.vie.sst.stp/content/groups/approved/io/zipkin/reporter2/zipkin-reporter-bom/2.16.3/zipkin-reporter-bom-2.16.3.pom
2025-01-13 16:30:29,733 [Worker-3: Building] INFO  o.e.m.c.i.e.AbstractTransferListenerAdapter - Downloaded http://maven.vie.sst.stp/content/groups/approved/io/zipkin/reporter2/zipkin-reporter-bom/2.16.3/zipkin-reporter-bom-2.16.3.pom
2025-01-13 16:30:29,992 [Worker-3: Building] INFO  o.e.m.c.i.e.AbstractTransferListenerAdapter - Downloading http://maven.vie.sst.stp/content/groups/approved/com/datastax/oss/java-driver-bom/4.17.0/java-driver-bom-4.17.0.pom
2025-01-13 16:30:30,250 [Worker-3: Building] INFO  o.e.m.c.i.e.AbstractTransferListenerAdapter - Downloaded http://maven.vie.sst.stp/content/groups/approved/com/datastax/oss/java-driver-bom/4.17.0/java-driver-bom-4.17.0.pom
2025-01-13 16:30:30,509 [Worker-3: Building] INFO  o.e.m.c.i.e.AbstractTransferListenerAdapter - Downloading http://maven.vie.sst.stp/content/groups/approved/io/dropwizard/metrics/metrics-bom/4.2.26/metrics-bom-4.2.26.pom
2025-01-13 16:30:30,764 [Worker-3: Building] INFO  o.e.m.c.i.e.AbstractTransferListenerAdapter - Downloaded http://maven.vie.sst.stp/content/groups/approved/io/dropwizard/metrics/metrics-bom/4.2.26/metrics-bom-4.2.26.pom
2025-01-13 16:30:30,961 [Worker-3: Building] INFO  o.e.m.c.i.e.AbstractTransferListenerAdapter - Downloading http://maven.vie.sst.stp/content/groups/approved/io/dropwizard/metrics/metrics-parent/4.2.26/metrics-parent-4.2.26.pom
2025-01-13 16:30:31,230 [Worker-3: Building] INFO  o.e.m.c.i.e.AbstractTransferListenerAdapter - Downloaded http://maven.vie.sst.stp/content/groups/approved/io/dropwizard/metrics/metrics-parent/4.2.26/metrics-parent-4.2.26.pom
2025-01-13 16:30:31,519 [Worker-3: Building] INFO  o.e.m.c.i.e.AbstractTransferListenerAdapter - Downloading http://maven.vie.sst.stp/content/groups/approved/org/infinispan/infinispan-bom/14.0.29.Final/infinispan-bom-14.0.29.Final.pom
2025-01-13 16:30:31,779 [Worker-3: Building] INFO  o.e.m.c.i.e.AbstractTransferListenerAdapter - Downloaded http://maven.vie.sst.stp/content/groups/approved/org/infinispan/infinispan-bom/14.0.29.Final/infinispan-bom-14.0.29.Final.pom
2025-01-13 16:30:32,046 [Worker-3: Building] INFO  o.e.m.c.i.e.AbstractTransferListenerAdapter - Downloading http://maven.vie.sst.stp/content/groups/approved/org/infinispan/infinispan-build-configuration-parent/14.0.29.Final/infinispan-build-configuration-parent-14.0.29.Final.pom
2025-01-13 16:30:32,313 [Worker-3: Building] INFO  o.e.m.c.i.e.AbstractTransferListenerAdapter - Downloaded http://maven.vie.sst.stp/content/groups/approved/org/infinispan/infinispan-build-configuration-parent/14.0.29.Final/infinispan-build-configuration-parent-14.0.29.Final.pom
2025-01-13 16:30:32,599 [Worker-3: Building] INFO  o.e.m.c.i.e.AbstractTransferListenerAdapter - Downloading http://maven.vie.sst.stp/content/groups/approved/com/fasterxml/jackson/jackson-bom/2.15.4/jackson-bom-2.15.4.pom
2025-01-13 16:30:32,857 [Worker-3: Building] INFO  o.e.m.c.i.e.AbstractTransferListenerAdapter - Downloaded http://maven.vie.sst.stp/content/groups/approved/com/fasterxml/jackson/jackson-bom/2.15.4/jackson-bom-2.15.4.pom
2025-01-13 16:30:33,052 [Worker-3: Building] INFO  o.e.m.c.i.e.AbstractTransferListenerAdapter - Downloading http://maven.vie.sst.stp/content/groups/approved/org/glassfish/jersey/jersey-bom/3.1.7/jersey-bom-3.1.7.pom
2025-01-13 16:30:33,246 [Worker-3: Building] INFO  o.e.m.c.i.e.AbstractTransferListenerAdapter - Downloaded http://maven.vie.sst.stp/content/groups/approved/org/glassfish/jersey/jersey-bom/3.1.7/jersey-bom-3.1.7.pom
2025-01-13 16:30:33,508 [Worker-3: Building] INFO  o.e.m.c.i.e.AbstractTransferListenerAdapter - Downloading http://maven.vie.sst.stp/content/groups/approved/org/eclipse/jetty/ee10/jetty-ee10-bom/12.0.11/jetty-ee10-bom-12.0.11.pom
2025-01-13 16:30:33,769 [Worker-3: Building] INFO  o.e.m.c.i.e.AbstractTransferListenerAdapter - Downloaded http://maven.vie.sst.stp/content/groups/approved/org/eclipse/jetty/ee10/jetty-ee10-bom/12.0.11/jetty-ee10-bom-12.0.11.pom
2025-01-13 16:30:34,028 [Worker-3: Building] INFO  o.e.m.c.i.e.AbstractTransferListenerAdapter - Downloading http://maven.vie.sst.stp/content/groups/approved/org/eclipse/jetty/jetty-bom/12.0.11/jetty-bom-12.0.11.pom
2025-01-13 16:30:34,285 [Worker-3: Building] INFO  o.e.m.c.i.e.AbstractTransferListenerAdapter - Downloaded http://maven.vie.sst.stp/content/groups/approved/org/eclipse/jetty/jetty-bom/12.0.11/jetty-bom-12.0.11.pom
2025-01-13 16:30:34,474 [Worker-3: Building] INFO  o.e.m.c.i.e.AbstractTransferListenerAdapter - Downloading http://maven.vie.sst.stp/content/groups/approved/org/jetbrains/kotlin/kotlin-bom/1.9.24/kotlin-bom-1.9.24.pom
2025-01-13 16:30:34,732 [Worker-3: Building] INFO  o.e.m.c.i.e.AbstractTransferListenerAdapter - Downloaded http://maven.vie.sst.stp/content/groups/approved/org/jetbrains/kotlin/kotlin-bom/1.9.24/kotlin-bom-1.9.24.pom
2025-01-13 16:30:34,994 [Worker-3: Building] INFO  o.e.m.c.i.e.AbstractTransferListenerAdapter - Downloading http://maven.vie.sst.stp/content/groups/approved/org/jetbrains/kotlinx/kotlinx-coroutines-bom/1.7.3/kotlinx-coroutines-bom-1.7.3.pom
2025-01-13 16:30:35,255 [Worker-3: Building] INFO  o.e.m.c.i.e.AbstractTransferListenerAdapter - Downloaded http://maven.vie.sst.stp/content/groups/approved/org/jetbrains/kotlinx/kotlinx-coroutines-bom/1.7.3/kotlinx-coroutines-bom-1.7.3.pom
2025-01-13 16:30:35,447 [Worker-3: Building] INFO  o.e.m.c.i.e.AbstractTransferListenerAdapter - Downloading http://maven.vie.sst.stp/content/groups/approved/org/apache/logging/log4j/log4j-bom/2.21.1/log4j-bom-2.21.1.pom
2025-01-13 16:30:35,635 [Worker-3: Building] INFO  o.e.m.c.i.e.AbstractTransferListenerAdapter - Downloaded http://maven.vie.sst.stp/content/groups/approved/org/apache/logging/log4j/log4j-bom/2.21.1/log4j-bom-2.21.1.pom
2025-01-13 16:30:35,830 [Worker-3: Building] INFO  o.e.m.c.i.e.AbstractTransferListenerAdapter - Downloading http://maven.vie.sst.stp/content/groups/approved/org/apache/logging/logging-parent/10.1.1/logging-parent-10.1.1.pom
2025-01-13 16:30:36,027 [Worker-3: Building] INFO  o.e.m.c.i.e.AbstractTransferListenerAdapter - Downloaded http://maven.vie.sst.stp/content/groups/approved/org/apache/logging/logging-parent/10.1.1/logging-parent-10.1.1.pom
2025-01-13 16:30:36,292 [Worker-3: Building] INFO  o.e.m.c.i.e.AbstractTransferListenerAdapter - Downloading http://maven.vie.sst.stp/content/groups/approved/io/micrometer/micrometer-bom/1.12.8/micrometer-bom-1.12.8.pom
2025-01-13 16:30:36,549 [Worker-3: Building] INFO  o.e.m.c.i.e.AbstractTransferListenerAdapter - Downloaded http://maven.vie.sst.stp/content/groups/approved/io/micrometer/micrometer-bom/1.12.8/micrometer-bom-1.12.8.pom
2025-01-13 16:30:36,814 [Worker-3: Building] INFO  o.e.m.c.i.e.AbstractTransferListenerAdapter - Downloading http://maven.vie.sst.stp/content/groups/approved/io/micrometer/micrometer-tracing-bom/1.2.8/micrometer-tracing-bom-1.2.8.pom
2025-01-13 16:30:37,082 [Worker-3: Building] INFO  o.e.m.c.i.e.AbstractTransferListenerAdapter - Downloaded http://maven.vie.sst.stp/content/groups/approved/io/micrometer/micrometer-tracing-bom/1.2.8/micrometer-tracing-bom-1.2.8.pom
2025-01-13 16:30:37,349 [Worker-3: Building] INFO  o.e.m.c.i.e.AbstractTransferListenerAdapter - Downloading http://maven.vie.sst.stp/content/groups/approved/org/mockito/mockito-bom/5.7.0/mockito-bom-5.7.0.pom
2025-01-13 16:30:37,614 [Worker-3: Building] INFO  o.e.m.c.i.e.AbstractTransferListenerAdapter - Downloaded http://maven.vie.sst.stp/content/groups/approved/org/mockito/mockito-bom/5.7.0/mockito-bom-5.7.0.pom
2025-01-13 16:30:37,869 [Worker-3: Building] INFO  o.e.m.c.i.e.AbstractTransferListenerAdapter - Downloading http://maven.vie.sst.stp/content/groups/approved/io/netty/netty-bom/4.1.111.Final/netty-bom-4.1.111.Final.pom
2025-01-13 16:30:38,065 [Worker-3: Building] INFO  o.e.m.c.i.e.AbstractTransferListenerAdapter - Downloaded http://maven.vie.sst.stp/content/groups/approved/io/netty/netty-bom/4.1.111.Final/netty-bom-4.1.111.Final.pom
2025-01-13 16:30:38,340 [Worker-3: Building] INFO  o.e.m.c.i.e.AbstractTransferListenerAdapter - Downloading http://maven.vie.sst.stp/content/groups/approved/io/opentelemetry/opentelemetry-bom/1.31.0/opentelemetry-bom-1.31.0.pom
2025-01-13 16:30:38,606 [Worker-3: Building] INFO  o.e.m.c.i.e.AbstractTransferListenerAdapter - Downloaded http://maven.vie.sst.stp/content/groups/approved/io/opentelemetry/opentelemetry-bom/1.31.0/opentelemetry-bom-1.31.0.pom
2025-01-13 16:30:38,878 [Worker-3: Building] INFO  o.e.m.c.i.e.AbstractTransferListenerAdapter - Downloading http://maven.vie.sst.stp/content/groups/approved/io/projectreactor/reactor-bom/2023.0.8/reactor-bom-2023.0.8.pom
2025-01-13 16:30:39,146 [Worker-3: Building] INFO  o.e.m.c.i.e.AbstractTransferListenerAdapter - Downloaded http://maven.vie.sst.stp/content/groups/approved/io/projectreactor/reactor-bom/2023.0.8/reactor-bom-2023.0.8.pom
2025-01-13 16:30:39,417 [Worker-3: Building] INFO  o.e.m.c.i.e.AbstractTransferListenerAdapter - Downloading http://maven.vie.sst.stp/content/groups/approved/io/rest-assured/rest-assured-bom/5.3.2/rest-assured-bom-5.3.2.pom
2025-01-13 16:30:39,680 [Worker-3: Building] INFO  o.e.m.c.i.e.AbstractTransferListenerAdapter - Downloaded http://maven.vie.sst.stp/content/groups/approved/io/rest-assured/rest-assured-bom/5.3.2/rest-assured-bom-5.3.2.pom
2025-01-13 16:30:39,943 [Worker-3: Building] INFO  o.e.m.c.i.e.AbstractTransferListenerAdapter - Downloading http://maven.vie.sst.stp/content/groups/approved/org/seleniumhq/selenium/selenium-bom/4.14.1/selenium-bom-4.14.1.pom
2025-01-13 16:30:40,203 [Worker-3: Building] INFO  o.e.m.c.i.e.AbstractTransferListenerAdapter - Downloaded http://maven.vie.sst.stp/content/groups/approved/org/seleniumhq/selenium/selenium-bom/4.14.1/selenium-bom-4.14.1.pom
2025-01-13 16:30:40,389 [Worker-3: Building] INFO  o.e.m.c.i.e.AbstractTransferListenerAdapter - Downloading http://maven.vie.sst.stp/content/groups/approved/org/springframework/amqp/spring-amqp-bom/3.1.6/spring-amqp-bom-3.1.6.pom
2025-01-13 16:30:40,573 [Worker-3: Building] INFO  o.e.m.c.i.e.AbstractTransferListenerAdapter - Downloaded http://maven.vie.sst.stp/content/groups/approved/org/springframework/amqp/spring-amqp-bom/3.1.6/spring-amqp-bom-3.1.6.pom
2025-01-13 16:30:40,762 [Worker-3: Building] INFO  o.e.m.c.i.e.AbstractTransferListenerAdapter - Downloading http://maven.vie.sst.stp/content/groups/approved/org/springframework/batch/spring-batch-bom/5.1.2/spring-batch-bom-5.1.2.pom
2025-01-13 16:30:41,019 [Worker-3: Building] INFO  o.e.m.c.i.e.AbstractTransferListenerAdapter - Downloaded http://maven.vie.sst.stp/content/groups/approved/org/springframework/batch/spring-batch-bom/5.1.2/spring-batch-bom-5.1.2.pom
2025-01-13 16:30:41,280 [Worker-3: Building] INFO  o.e.m.c.i.e.AbstractTransferListenerAdapter - Downloading http://maven.vie.sst.stp/content/groups/approved/org/springframework/data/spring-data-bom/2023.1.8/spring-data-bom-2023.1.8.pom
2025-01-13 16:30:41,537 [Worker-3: Building] INFO  o.e.m.c.i.e.AbstractTransferListenerAdapter - Downloaded http://maven.vie.sst.stp/content/groups/approved/org/springframework/data/spring-data-bom/2023.1.8/spring-data-bom-2023.1.8.pom
2025-01-13 16:30:41,798 [Worker-3: Building] INFO  o.e.m.c.i.e.AbstractTransferListenerAdapter - Downloading http://maven.vie.sst.stp/content/groups/approved/org/springframework/spring-framework-bom/6.1.11/spring-framework-bom-6.1.11.pom
2025-01-13 16:30:42,058 [Worker-3: Building] INFO  o.e.m.c.i.e.AbstractTransferListenerAdapter - Downloaded http://maven.vie.sst.stp/content/groups/approved/org/springframework/spring-framework-bom/6.1.11/spring-framework-bom-6.1.11.pom
2025-01-13 16:30:42,315 [Worker-3: Building] INFO  o.e.m.c.i.e.AbstractTransferListenerAdapter - Downloading http://maven.vie.sst.stp/content/groups/approved/org/springframework/integration/spring-integration-bom/6.2.7/spring-integration-bom-6.2.7.pom
2025-01-13 16:30:42,577 [Worker-3: Building] INFO  o.e.m.c.i.e.AbstractTransferListenerAdapter - Downloaded http://maven.vie.sst.stp/content/groups/approved/org/springframework/integration/spring-integration-bom/6.2.7/spring-integration-bom-6.2.7.pom
2025-01-13 16:30:42,842 [Worker-3: Building] INFO  o.e.m.c.i.e.AbstractTransferListenerAdapter - Downloading http://maven.vie.sst.stp/content/groups/approved/org/springframework/pulsar/spring-pulsar-bom/1.0.8/spring-pulsar-bom-1.0.8.pom
2025-01-13 16:30:43,106 [Worker-3: Building] INFO  o.e.m.c.i.e.AbstractTransferListenerAdapter - Downloaded http://maven.vie.sst.stp/content/groups/approved/org/springframework/pulsar/spring-pulsar-bom/1.0.8/spring-pulsar-bom-1.0.8.pom
2025-01-13 16:30:43,293 [Worker-3: Building] INFO  o.e.m.c.i.e.AbstractTransferListenerAdapter - Downloading http://maven.vie.sst.stp/content/groups/approved/org/springframework/restdocs/spring-restdocs-bom/3.0.1/spring-restdocs-bom-3.0.1.pom
2025-01-13 16:30:43,553 [Worker-3: Building] INFO  o.e.m.c.i.e.AbstractTransferListenerAdapter - Downloaded http://maven.vie.sst.stp/content/groups/approved/org/springframework/restdocs/spring-restdocs-bom/3.0.1/spring-restdocs-bom-3.0.1.pom
2025-01-13 16:30:43,811 [Worker-3: Building] INFO  o.e.m.c.i.e.AbstractTransferListenerAdapter - Downloading http://maven.vie.sst.stp/content/groups/approved/org/springframework/security/spring-security-bom/6.2.5/spring-security-bom-6.2.5.pom
2025-01-13 16:30:44,072 [Worker-3: Building] INFO  o.e.m.c.i.e.AbstractTransferListenerAdapter - Downloaded http://maven.vie.sst.stp/content/groups/approved/org/springframework/security/spring-security-bom/6.2.5/spring-security-bom-6.2.5.pom
2025-01-13 16:30:44,331 [Worker-3: Building] INFO  o.e.m.c.i.e.AbstractTransferListenerAdapter - Downloading http://maven.vie.sst.stp/content/groups/approved/org/springframework/session/spring-session-bom/3.2.4/spring-session-bom-3.2.4.pom
2025-01-13 16:30:44,587 [Worker-3: Building] INFO  o.e.m.c.i.e.AbstractTransferListenerAdapter - Downloaded http://maven.vie.sst.stp/content/groups/approved/org/springframework/session/spring-session-bom/3.2.4/spring-session-bom-3.2.4.pom
2025-01-13 16:30:44,780 [Worker-3: Building] INFO  o.e.m.c.i.e.AbstractTransferListenerAdapter - Downloading http://maven.vie.sst.stp/content/groups/approved/org/testcontainers/testcontainers-bom/1.19.8/testcontainers-bom-1.19.8.pom
2025-01-13 16:30:45,040 [Worker-3: Building] INFO  o.e.m.c.i.e.AbstractTransferListenerAdapter - Downloaded http://maven.vie.sst.stp/content/groups/approved/org/testcontainers/testcontainers-bom/1.19.8/testcontainers-bom-1.19.8.pom
2025-01-13 16:30:45,746 [Worker-3: Building] INFO  o.e.m.c.i.e.AbstractTransferListenerAdapter - Downloading http://maven.vie.sst.stp/content/groups/approved/org/springframework/boot/spring-boot-starter-data-jpa/3.2.8/spring-boot-starter-data-jpa-3.2.8.pom
2025-01-13 16:30:46,002 [Worker-3: Building] INFO  o.e.m.c.i.e.AbstractTransferListenerAdapter - Downloaded http://maven.vie.sst.stp/content/groups/approved/org/springframework/boot/spring-boot-starter-data-jpa/3.2.8/spring-boot-starter-data-jpa-3.2.8.pom
2025-01-13 16:30:46,269 [Worker-3: Building] INFO  o.e.m.c.i.e.AbstractTransferListenerAdapter - Downloading http://maven.vie.sst.stp/content/groups/approved/org/springframework/boot/spring-boot-starter-aop/3.2.8/spring-boot-starter-aop-3.2.8.pom
2025-01-13 16:30:46,527 [Worker-3: Building] INFO  o.e.m.c.i.e.AbstractTransferListenerAdapter - Downloaded http://maven.vie.sst.stp/content/groups/approved/org/springframework/boot/spring-boot-starter-aop/3.2.8/spring-boot-starter-aop-3.2.8.pom
2025-01-13 16:30:46,786 [Worker-3: Building] INFO  o.e.m.c.i.e.AbstractTransferListenerAdapter - Downloading http://maven.vie.sst.stp/content/groups/approved/org/springframework/boot/spring-boot-starter/3.2.8/spring-boot-starter-3.2.8.pom
2025-01-13 16:30:47,045 [Worker-3: Building] INFO  o.e.m.c.i.e.AbstractTransferListenerAdapter - Downloaded http://maven.vie.sst.stp/content/groups/approved/org/springframework/boot/spring-boot-starter/3.2.8/spring-boot-starter-3.2.8.pom
2025-01-13 16:30:47,303 [Worker-3: Building] INFO  o.e.m.c.i.e.AbstractTransferListenerAdapter - Downloading http://maven.vie.sst.stp/content/groups/approved/org/springframework/boot/spring-boot/3.2.8/spring-boot-3.2.8.pom
2025-01-13 16:30:47,558 [Worker-3: Building] INFO  o.e.m.c.i.e.AbstractTransferListenerAdapter - Downloaded http://maven.vie.sst.stp/content/groups/approved/org/springframework/boot/spring-boot/3.2.8/spring-boot-3.2.8.pom
2025-01-13 16:30:47,821 [Worker-3: Building] INFO  o.e.m.c.i.e.AbstractTransferListenerAdapter - Downloading http://maven.vie.sst.stp/content/groups/approved/org/springframework/spring-core/6.1.11/spring-core-6.1.11.pom
2025-01-13 16:30:48,076 [Worker-3: Building] INFO  o.e.m.c.i.e.AbstractTransferListenerAdapter - Downloaded http://maven.vie.sst.stp/content/groups/approved/org/springframework/spring-core/6.1.11/spring-core-6.1.11.pom
2025-01-13 16:30:48,334 [Worker-3: Building] INFO  o.e.m.c.i.e.AbstractTransferListenerAdapter - Downloading http://maven.vie.sst.stp/content/groups/approved/org/springframework/spring-jcl/6.1.11/spring-jcl-6.1.11.pom
2025-01-13 16:30:48,588 [Worker-3: Building] INFO  o.e.m.c.i.e.AbstractTransferListenerAdapter - Downloaded http://maven.vie.sst.stp/content/groups/approved/org/springframework/spring-jcl/6.1.11/spring-jcl-6.1.11.pom
2025-01-13 16:30:48,846 [Worker-3: Building] INFO  o.e.m.c.i.e.AbstractTransferListenerAdapter - Downloading http://maven.vie.sst.stp/content/groups/approved/org/springframework/spring-context/6.1.11/spring-context-6.1.11.pom
2025-01-13 16:30:49,106 [Worker-3: Building] INFO  o.e.m.c.i.e.AbstractTransferListenerAdapter - Downloaded http://maven.vie.sst.stp/content/groups/approved/org/springframework/spring-context/6.1.11/spring-context-6.1.11.pom
2025-01-13 16:30:49,363 [Worker-3: Building] INFO  o.e.m.c.i.e.AbstractTransferListenerAdapter - Downloading http://maven.vie.sst.stp/content/groups/approved/org/springframework/spring-aop/6.1.11/spring-aop-6.1.11.pom
2025-01-13 16:30:49,620 [Worker-3: Building] INFO  o.e.m.c.i.e.AbstractTransferListenerAdapter - Downloaded http://maven.vie.sst.stp/content/groups/approved/org/springframework/spring-aop/6.1.11/spring-aop-6.1.11.pom
2025-01-13 16:30:49,887 [Worker-3: Building] INFO  o.e.m.c.i.e.AbstractTransferListenerAdapter - Downloading http://maven.vie.sst.stp/content/groups/approved/org/springframework/spring-beans/6.1.11/spring-beans-6.1.11.pom
2025-01-13 16:30:50,145 [Worker-3: Building] INFO  o.e.m.c.i.e.AbstractTransferListenerAdapter - Downloaded http://maven.vie.sst.stp/content/groups/approved/org/springframework/spring-beans/6.1.11/spring-beans-6.1.11.pom
2025-01-13 16:30:50,401 [Worker-3: Building] INFO  o.e.m.c.i.e.AbstractTransferListenerAdapter - Downloading http://maven.vie.sst.stp/content/groups/approved/org/springframework/spring-expression/6.1.11/spring-expression-6.1.11.pom
2025-01-13 16:30:50,656 [Worker-3: Building] INFO  o.e.m.c.i.e.AbstractTransferListenerAdapter - Downloaded http://maven.vie.sst.stp/content/groups/approved/org/springframework/spring-expression/6.1.11/spring-expression-6.1.11.pom
2025-01-13 16:30:50,915 [Worker-3: Building] INFO  o.e.m.c.i.e.AbstractTransferListenerAdapter - Downloading http://maven.vie.sst.stp/content/groups/approved/io/micrometer/micrometer-observation/1.12.8/micrometer-observation-1.12.8.pom
2025-01-13 16:30:51,170 [Worker-3: Building] INFO  o.e.m.c.i.e.AbstractTransferListenerAdapter - Downloaded http://maven.vie.sst.stp/content/groups/approved/io/micrometer/micrometer-observation/1.12.8/micrometer-observation-1.12.8.pom
2025-01-13 16:30:51,435 [Worker-3: Building] INFO  o.e.m.c.i.e.AbstractTransferListenerAdapter - Downloading http://maven.vie.sst.stp/content/groups/approved/io/micrometer/micrometer-commons/1.12.8/micrometer-commons-1.12.8.pom
2025-01-13 16:30:51,694 [Worker-3: Building] INFO  o.e.m.c.i.e.AbstractTransferListenerAdapter - Downloaded http://maven.vie.sst.stp/content/groups/approved/io/micrometer/micrometer-commons/1.12.8/micrometer-commons-1.12.8.pom
2025-01-13 16:30:51,950 [Worker-3: Building] INFO  o.e.m.c.i.e.AbstractTransferListenerAdapter - Downloading http://maven.vie.sst.stp/content/groups/approved/org/springframework/boot/spring-boot-autoconfigure/3.2.8/spring-boot-autoconfigure-3.2.8.pom
2025-01-13 16:30:52,209 [Worker-3: Building] INFO  o.e.m.c.i.e.AbstractTransferListenerAdapter - Downloaded http://maven.vie.sst.stp/content/groups/approved/org/springframework/boot/spring-boot-autoconfigure/3.2.8/spring-boot-autoconfigure-3.2.8.pom
2025-01-13 16:30:52,465 [Worker-3: Building] INFO  o.e.m.c.i.e.AbstractTransferListenerAdapter - Downloading http://maven.vie.sst.stp/content/groups/approved/org/springframework/boot/spring-boot-starter-logging/3.2.8/spring-boot-starter-logging-3.2.8.pom
2025-01-13 16:30:52,722 [Worker-3: Building] INFO  o.e.m.c.i.e.AbstractTransferListenerAdapter - Downloaded http://maven.vie.sst.stp/content/groups/approved/org/springframework/boot/spring-boot-starter-logging/3.2.8/spring-boot-starter-logging-3.2.8.pom
2025-01-13 16:30:52,987 [Worker-3: Building] INFO  o.e.m.c.i.e.AbstractTransferListenerAdapter - Downloading http://maven.vie.sst.stp/content/groups/approved/ch/qos/logback/logback-classic/1.4.14/logback-classic-1.4.14.pom
2025-01-13 16:30:53,254 [Worker-3: Building] INFO  o.e.m.c.i.e.AbstractTransferListenerAdapter - Downloaded http://maven.vie.sst.stp/content/groups/approved/ch/qos/logback/logback-classic/1.4.14/logback-classic-1.4.14.pom
2025-01-13 16:30:53,530 [Worker-3: Building] INFO  o.e.m.c.i.e.AbstractTransferListenerAdapter - Downloading http://maven.vie.sst.stp/content/groups/approved/ch/qos/logback/logback-parent/1.4.14/logback-parent-1.4.14.pom
2025-01-13 16:30:53,787 [Worker-3: Building] INFO  o.e.m.c.i.e.AbstractTransferListenerAdapter - Downloaded http://maven.vie.sst.stp/content/groups/approved/ch/qos/logback/logback-parent/1.4.14/logback-parent-1.4.14.pom
2025-01-13 16:30:54,051 [Worker-3: Building] INFO  o.e.m.c.i.e.AbstractTransferListenerAdapter - Downloading http://maven.vie.sst.stp/content/groups/approved/ch/qos/logback/logback-core/1.4.14/logback-core-1.4.14.pom
2025-01-13 16:30:54,305 [Worker-3: Building] INFO  o.e.m.c.i.e.AbstractTransferListenerAdapter - Downloaded http://maven.vie.sst.stp/content/groups/approved/ch/qos/logback/logback-core/1.4.14/logback-core-1.4.14.pom
2025-01-13 16:30:54,512 [Worker-3: Building] INFO  o.e.m.c.i.e.AbstractTransferListenerAdapter - Downloading http://maven.vie.sst.stp/content/groups/approved/org/apache/logging/log4j/log4j-to-slf4j/2.21.1/log4j-to-slf4j-2.21.1.pom
2025-01-13 16:30:54,709 [Worker-3: Building] INFO  o.e.m.c.i.e.AbstractTransferListenerAdapter - Downloaded http://maven.vie.sst.stp/content/groups/approved/org/apache/logging/log4j/log4j-to-slf4j/2.21.1/log4j-to-slf4j-2.21.1.pom
2025-01-13 16:30:54,907 [Worker-3: Building] INFO  o.e.m.c.i.e.AbstractTransferListenerAdapter - Downloading http://maven.vie.sst.stp/content/groups/approved/org/apache/logging/log4j/log4j/2.21.1/log4j-2.21.1.pom
2025-01-13 16:30:55,098 [Worker-3: Building] INFO  o.e.m.c.i.e.AbstractTransferListenerAdapter - Downloaded http://maven.vie.sst.stp/content/groups/approved/org/apache/logging/log4j/log4j/2.21.1/log4j-2.21.1.pom
2025-01-13 16:30:55,542 [Worker-3: Building] INFO  o.e.m.c.i.e.AbstractTransferListenerAdapter - Downloading http://maven.vie.sst.stp/content/groups/approved/org/ow2/asm/asm-bom/9.5/asm-bom-9.5.pom
2025-01-13 16:30:55,796 [Worker-3: Building] INFO  o.e.m.c.i.e.AbstractTransferListenerAdapter - Downloaded http://maven.vie.sst.stp/content/groups/approved/org/ow2/asm/asm-bom/9.5/asm-bom-9.5.pom
2025-01-13 16:30:55,993 [Worker-3: Building] INFO  o.e.m.c.i.e.AbstractTransferListenerAdapter - Downloading http://maven.vie.sst.stp/content/groups/approved/org/codehaus/groovy/groovy-bom/3.0.19/groovy-bom-3.0.19.pom
2025-01-13 16:30:56,376 [Worker-3: Building] INFO  o.e.m.c.i.e.AbstractTransferListenerAdapter - Downloaded http://maven.vie.sst.stp/content/groups/approved/org/codehaus/groovy/groovy-bom/3.0.19/groovy-bom-3.0.19.pom
2025-01-13 16:30:56,574 [Worker-3: Building] INFO  o.e.m.c.i.e.AbstractTransferListenerAdapter - Downloading http://maven.vie.sst.stp/content/groups/approved/org/eclipse/jetty/jetty-bom/9.4.53.v20231009/jetty-bom-9.4.53.v20231009.pom
2025-01-13 16:30:56,833 [Worker-3: Building] INFO  o.e.m.c.i.e.AbstractTransferListenerAdapter - Downloaded http://maven.vie.sst.stp/content/groups/approved/org/eclipse/jetty/jetty-bom/9.4.53.v20231009/jetty-bom-9.4.53.v20231009.pom
2025-01-13 16:30:57,098 [Worker-3: Building] INFO  o.e.m.c.i.e.AbstractTransferListenerAdapter - Downloading http://maven.vie.sst.stp/content/groups/approved/io/netty/netty-bom/4.1.97.Final/netty-bom-4.1.97.Final.pom
2025-01-13 16:30:57,359 [Worker-3: Building] INFO  o.e.m.c.i.e.AbstractTransferListenerAdapter - Downloaded http://maven.vie.sst.stp/content/groups/approved/io/netty/netty-bom/4.1.97.Final/netty-bom-4.1.97.Final.pom
2025-01-13 16:30:57,556 [Worker-3: Building] INFO  o.e.m.c.i.e.AbstractTransferListenerAdapter - Downloading http://maven.vie.sst.stp/content/groups/approved/org/apache/logging/log4j/log4j-api/2.21.1/log4j-api-2.21.1.pom
2025-01-13 16:30:57,751 [Worker-3: Building] INFO  o.e.m.c.i.e.AbstractTransferListenerAdapter - Downloaded http://maven.vie.sst.stp/content/groups/approved/org/apache/logging/log4j/log4j-api/2.21.1/log4j-api-2.21.1.pom
2025-01-13 16:30:58,015 [Worker-3: Building] INFO  o.e.m.c.i.e.AbstractTransferListenerAdapter - Downloading http://maven.vie.sst.stp/content/groups/approved/org/slf4j/jul-to-slf4j/2.0.13/jul-to-slf4j-2.0.13.pom
2025-01-13 16:30:58,274 [Worker-3: Building] INFO  o.e.m.c.i.e.AbstractTransferListenerAdapter - Downloaded http://maven.vie.sst.stp/content/groups/approved/org/slf4j/jul-to-slf4j/2.0.13/jul-to-slf4j-2.0.13.pom
2025-01-13 16:30:58,536 [Worker-3: Building] INFO  o.e.m.c.i.e.AbstractTransferListenerAdapter - Downloading http://maven.vie.sst.stp/content/groups/approved/org/yaml/snakeyaml/2.2/snakeyaml-2.2.pom
2025-01-13 16:30:58,897 [Worker-3: Building] INFO  o.e.m.c.i.e.AbstractTransferListenerAdapter - Downloaded http://maven.vie.sst.stp/content/groups/approved/org/yaml/snakeyaml/2.2/snakeyaml-2.2.pom
2025-01-13 16:30:59,159 [Worker-3: Building] INFO  o.e.m.c.i.e.AbstractTransferListenerAdapter - Downloading http://maven.vie.sst.stp/content/groups/approved/org/springframework/boot/spring-boot-starter-jdbc/3.2.8/spring-boot-starter-jdbc-3.2.8.pom
2025-01-13 16:30:59,420 [Worker-3: Building] INFO  o.e.m.c.i.e.AbstractTransferListenerAdapter - Downloaded http://maven.vie.sst.stp/content/groups/approved/org/springframework/boot/spring-boot-starter-jdbc/3.2.8/spring-boot-starter-jdbc-3.2.8.pom
2025-01-13 16:30:59,681 [Worker-3: Building] INFO  o.e.m.c.i.e.AbstractTransferListenerAdapter - Downloading http://maven.vie.sst.stp/content/groups/approved/com/zaxxer/HikariCP/5.0.1/HikariCP-5.0.1.pom
2025-01-13 16:30:59,944 [Worker-3: Building] INFO  o.e.m.c.i.e.AbstractTransferListenerAdapter - Downloaded http://maven.vie.sst.stp/content/groups/approved/com/zaxxer/HikariCP/5.0.1/HikariCP-5.0.1.pom
2025-01-13 16:31:00,213 [Worker-3: Building] INFO  o.e.m.c.i.e.AbstractTransferListenerAdapter - Downloading http://maven.vie.sst.stp/content/groups/approved/org/springframework/spring-jdbc/6.1.11/spring-jdbc-6.1.11.pom
2025-01-13 16:31:00,472 [Worker-3: Building] INFO  o.e.m.c.i.e.AbstractTransferListenerAdapter - Downloaded http://maven.vie.sst.stp/content/groups/approved/org/springframework/spring-jdbc/6.1.11/spring-jdbc-6.1.11.pom
2025-01-13 16:31:00,731 [Worker-3: Building] INFO  o.e.m.c.i.e.AbstractTransferListenerAdapter - Downloading http://maven.vie.sst.stp/content/groups/approved/org/springframework/spring-tx/6.1.11/spring-tx-6.1.11.pom
2025-01-13 16:31:00,984 [Worker-3: Building] INFO  o.e.m.c.i.e.AbstractTransferListenerAdapter - Downloaded http://maven.vie.sst.stp/content/groups/approved/org/springframework/spring-tx/6.1.11/spring-tx-6.1.11.pom
2025-01-13 16:31:01,242 [Worker-3: Building] INFO  o.e.m.c.i.e.AbstractTransferListenerAdapter - Downloading http://maven.vie.sst.stp/content/groups/approved/org/hibernate/orm/hibernate-core/6.4.9.Final/hibernate-core-6.4.9.Final.pom
2025-01-13 16:31:01,500 [Worker-3: Building] INFO  o.e.m.c.i.e.AbstractTransferListenerAdapter - Downloaded http://maven.vie.sst.stp/content/groups/approved/org/hibernate/orm/hibernate-core/6.4.9.Final/hibernate-core-6.4.9.Final.pom
2025-01-13 16:31:01,695 [Worker-3: Building] INFO  o.e.m.c.i.e.AbstractTransferListenerAdapter - Downloading http://maven.vie.sst.stp/content/groups/approved/org/jboss/logging/jboss-logging/3.5.3.Final/jboss-logging-3.5.3.Final.pom
2025-01-13 16:31:01,967 [Worker-3: Building] INFO  o.e.m.c.i.e.AbstractTransferListenerAdapter - Downloaded http://maven.vie.sst.stp/content/groups/approved/org/jboss/logging/jboss-logging/3.5.3.Final/jboss-logging-3.5.3.Final.pom
2025-01-13 16:31:02,405 [Worker-3: Building] INFO  o.e.m.c.i.e.AbstractTransferListenerAdapter - Downloading http://maven.vie.sst.stp/content/groups/approved/org/jboss/logging/logging-parent/1.0.1.Final/logging-parent-1.0.1.Final.pom
2025-01-13 16:31:02,665 [Worker-3: Building] INFO  o.e.m.c.i.e.AbstractTransferListenerAdapter - Downloaded http://maven.vie.sst.stp/content/groups/approved/org/jboss/logging/logging-parent/1.0.1.Final/logging-parent-1.0.1.Final.pom
2025-01-13 16:31:02,863 [Worker-3: Building] INFO  o.e.m.c.i.e.AbstractTransferListenerAdapter - Downloading http://maven.vie.sst.stp/content/groups/approved/org/hibernate/common/hibernate-commons-annotations/6.0.6.Final/hibernate-commons-annotations-6.0.6.Final.pom
2025-01-13 16:31:03,052 [Worker-3: Building] INFO  o.e.m.c.i.e.AbstractTransferListenerAdapter - Downloaded http://maven.vie.sst.stp/content/groups/approved/org/hibernate/common/hibernate-commons-annotations/6.0.6.Final/hibernate-commons-annotations-6.0.6.Final.pom
2025-01-13 16:31:03,304 [Worker-3: Building] INFO  o.e.m.c.i.e.AbstractTransferListenerAdapter - Downloading http://maven.vie.sst.stp/content/groups/approved/io/smallrye/jandex/3.1.2/jandex-3.1.2.pom
2025-01-13 16:31:03,563 [Worker-3: Building] INFO  o.e.m.c.i.e.AbstractTransferListenerAdapter - Downloaded http://maven.vie.sst.stp/content/groups/approved/io/smallrye/jandex/3.1.2/jandex-3.1.2.pom
2025-01-13 16:31:03,756 [Worker-3: Building] INFO  o.e.m.c.i.e.AbstractTransferListenerAdapter - Downloading http://maven.vie.sst.stp/content/groups/approved/io/smallrye/jandex-parent/3.1.2/jandex-parent-3.1.2.pom
2025-01-13 16:31:03,947 [Worker-3: Building] INFO  o.e.m.c.i.e.AbstractTransferListenerAdapter - Downloaded http://maven.vie.sst.stp/content/groups/approved/io/smallrye/jandex-parent/3.1.2/jandex-parent-3.1.2.pom
2025-01-13 16:31:04,150 [Worker-3: Building] INFO  o.e.m.c.i.e.AbstractTransferListenerAdapter - Downloading http://maven.vie.sst.stp/content/groups/approved/io/smallrye/smallrye-build-parent/39/smallrye-build-parent-39.pom
2025-01-13 16:31:04,518 [Worker-3: Building] INFO  o.e.m.c.i.e.AbstractTransferListenerAdapter - Downloaded http://maven.vie.sst.stp/content/groups/approved/io/smallrye/smallrye-build-parent/39/smallrye-build-parent-39.pom
2025-01-13 16:31:04,782 [Worker-3: Building] INFO  o.e.m.c.i.e.AbstractTransferListenerAdapter - Downloading http://maven.vie.sst.stp/content/groups/approved/com/fasterxml/classmate/1.6.0/classmate-1.6.0.pom
2025-01-13 16:31:05,047 [Worker-3: Building] INFO  o.e.m.c.i.e.AbstractTransferListenerAdapter - Downloaded http://maven.vie.sst.stp/content/groups/approved/com/fasterxml/classmate/1.6.0/classmate-1.6.0.pom
2025-01-13 16:31:05,307 [Worker-3: Building] INFO  o.e.m.c.i.e.AbstractTransferListenerAdapter - Downloading http://maven.vie.sst.stp/content/groups/approved/net/bytebuddy/byte-buddy/1.14.18/byte-buddy-1.14.18.pom
2025-01-13 16:31:05,576 [Worker-3: Building] INFO  o.e.m.c.i.e.AbstractTransferListenerAdapter - Downloaded http://maven.vie.sst.stp/content/groups/approved/net/bytebuddy/byte-buddy/1.14.18/byte-buddy-1.14.18.pom
2025-01-13 16:31:05,838 [Worker-3: Building] INFO  o.e.m.c.i.e.AbstractTransferListenerAdapter - Downloading http://maven.vie.sst.stp/content/groups/approved/net/bytebuddy/byte-buddy-parent/1.14.18/byte-buddy-parent-1.14.18.pom
2025-01-13 16:31:06,266 [Worker-3: Building] INFO  o.e.m.c.i.e.AbstractTransferListenerAdapter - Downloaded http://maven.vie.sst.stp/content/groups/approved/net/bytebuddy/byte-buddy-parent/1.14.18/byte-buddy-parent-1.14.18.pom
2025-01-13 16:31:06,564 [Worker-3: Building] INFO  o.e.m.c.i.e.AbstractTransferListenerAdapter - Downloading http://maven.vie.sst.stp/content/groups/approved/org/springframework/data/spring-data-jpa/3.2.8/spring-data-jpa-3.2.8.pom
2025-01-13 16:31:06,826 [Worker-3: Building] INFO  o.e.m.c.i.e.AbstractTransferListenerAdapter - Downloaded http://maven.vie.sst.stp/content/groups/approved/org/springframework/data/spring-data-jpa/3.2.8/spring-data-jpa-3.2.8.pom
2025-01-13 16:31:07,085 [Worker-3: Building] INFO  o.e.m.c.i.e.AbstractTransferListenerAdapter - Downloading http://maven.vie.sst.stp/content/groups/approved/org/springframework/data/spring-data-jpa-parent/3.2.8/spring-data-jpa-parent-3.2.8.pom
2025-01-13 16:31:07,345 [Worker-3: Building] INFO  o.e.m.c.i.e.AbstractTransferListenerAdapter - Downloaded http://maven.vie.sst.stp/content/groups/approved/org/springframework/data/spring-data-jpa-parent/3.2.8/spring-data-jpa-parent-3.2.8.pom
2025-01-13 16:31:07,608 [Worker-3: Building] INFO  o.e.m.c.i.e.AbstractTransferListenerAdapter - Downloading http://maven.vie.sst.stp/content/groups/approved/org/springframework/data/build/spring-data-parent/3.2.8/spring-data-parent-3.2.8.pom
2025-01-13 16:31:07,872 [Worker-3: Building] INFO  o.e.m.c.i.e.AbstractTransferListenerAdapter - Downloaded http://maven.vie.sst.stp/content/groups/approved/org/springframework/data/build/spring-data-parent/3.2.8/spring-data-parent-3.2.8.pom
2025-01-13 16:31:08,130 [Worker-3: Building] INFO  o.e.m.c.i.e.AbstractTransferListenerAdapter - Downloading http://maven.vie.sst.stp/content/groups/approved/org/springframework/data/build/spring-data-build/3.2.8/spring-data-build-3.2.8.pom
2025-01-13 16:31:08,389 [Worker-3: Building] INFO  o.e.m.c.i.e.AbstractTransferListenerAdapter - Downloaded http://maven.vie.sst.stp/content/groups/approved/org/springframework/data/build/spring-data-build/3.2.8/spring-data-build-3.2.8.pom
2025-01-13 16:31:08,577 [Worker-3: Building] INFO  o.e.m.c.i.e.AbstractTransferListenerAdapter - Downloading http://maven.vie.sst.stp/content/groups/approved/io/projectreactor/reactor-bom/2023.0.7/reactor-bom-2023.0.7.pom
2025-01-13 16:31:08,762 [Worker-3: Building] INFO  o.e.m.c.i.e.AbstractTransferListenerAdapter - Downloaded http://maven.vie.sst.stp/content/groups/approved/io/projectreactor/reactor-bom/2023.0.7/reactor-bom-2023.0.7.pom
2025-01-13 16:31:09,023 [Worker-3: Building] INFO  o.e.m.c.i.e.AbstractTransferListenerAdapter - Downloading http://maven.vie.sst.stp/content/groups/approved/org/springframework/spring-framework-bom/6.1.9/spring-framework-bom-6.1.9.pom
2025-01-13 16:31:09,279 [Worker-3: Building] INFO  o.e.m.c.i.e.AbstractTransferListenerAdapter - Downloaded http://maven.vie.sst.stp/content/groups/approved/org/springframework/spring-framework-bom/6.1.9/spring-framework-bom-6.1.9.pom
2025-01-13 16:31:09,547 [Worker-3: Building] INFO  o.e.m.c.i.e.AbstractTransferListenerAdapter - Downloading http://maven.vie.sst.stp/content/groups/approved/org/springframework/data/spring-data-commons/3.2.8/spring-data-commons-3.2.8.pom
2025-01-13 16:31:09,810 [Worker-3: Building] INFO  o.e.m.c.i.e.AbstractTransferListenerAdapter - Downloaded http://maven.vie.sst.stp/content/groups/approved/org/springframework/data/spring-data-commons/3.2.8/spring-data-commons-3.2.8.pom
2025-01-13 16:31:10,069 [Worker-3: Building] INFO  o.e.m.c.i.e.AbstractTransferListenerAdapter - Downloading http://maven.vie.sst.stp/content/groups/approved/org/springframework/spring-orm/6.1.11/spring-orm-6.1.11.pom
2025-01-13 16:31:10,333 [Worker-3: Building] INFO  o.e.m.c.i.e.AbstractTransferListenerAdapter - Downloaded http://maven.vie.sst.stp/content/groups/approved/org/springframework/spring-orm/6.1.11/spring-orm-6.1.11.pom
2025-01-13 16:31:10,594 [Worker-3: Building] INFO  o.e.m.c.i.e.AbstractTransferListenerAdapter - Downloading http://maven.vie.sst.stp/content/groups/approved/org/springframework/spring-aspects/6.1.11/spring-aspects-6.1.11.pom
2025-01-13 16:31:10,855 [Worker-3: Building] INFO  o.e.m.c.i.e.AbstractTransferListenerAdapter - Downloaded http://maven.vie.sst.stp/content/groups/approved/org/springframework/spring-aspects/6.1.11/spring-aspects-6.1.11.pom
2025-01-13 16:31:11,115 [Worker-3: Building] INFO  o.e.m.c.i.e.AbstractTransferListenerAdapter - Downloading http://maven.vie.sst.stp/content/groups/approved/org/springframework/boot/spring-boot-starter-web/3.2.8/spring-boot-starter-web-3.2.8.pom
2025-01-13 16:31:11,370 [Worker-3: Building] INFO  o.e.m.c.i.e.AbstractTransferListenerAdapter - Downloaded http://maven.vie.sst.stp/content/groups/approved/org/springframework/boot/spring-boot-starter-web/3.2.8/spring-boot-starter-web-3.2.8.pom
2025-01-13 16:31:11,630 [Worker-3: Building] INFO  o.e.m.c.i.e.AbstractTransferListenerAdapter - Downloading http://maven.vie.sst.stp/content/groups/approved/org/springframework/boot/spring-boot-starter-json/3.2.8/spring-boot-starter-json-3.2.8.pom
2025-01-13 16:31:11,888 [Worker-3: Building] INFO  o.e.m.c.i.e.AbstractTransferListenerAdapter - Downloaded http://maven.vie.sst.stp/content/groups/approved/org/springframework/boot/spring-boot-starter-json/3.2.8/spring-boot-starter-json-3.2.8.pom
2025-01-13 16:31:12,148 [Worker-3: Building] INFO  o.e.m.c.i.e.AbstractTransferListenerAdapter - Downloading http://maven.vie.sst.stp/content/groups/approved/org/springframework/spring-web/6.1.11/spring-web-6.1.11.pom
2025-01-13 16:31:12,405 [Worker-3: Building] INFO  o.e.m.c.i.e.AbstractTransferListenerAdapter - Downloaded http://maven.vie.sst.stp/content/groups/approved/org/springframework/spring-web/6.1.11/spring-web-6.1.11.pom
2025-01-13 16:31:12,599 [Worker-3: Building] INFO  o.e.m.c.i.e.AbstractTransferListenerAdapter - Downloading http://maven.vie.sst.stp/content/groups/approved/com/fasterxml/jackson/core/jackson-databind/2.15.4/jackson-databind-2.15.4.pom
2025-01-13 16:31:12,858 [Worker-3: Building] INFO  o.e.m.c.i.e.AbstractTransferListenerAdapter - Downloaded http://maven.vie.sst.stp/content/groups/approved/com/fasterxml/jackson/core/jackson-databind/2.15.4/jackson-databind-2.15.4.pom
2025-01-13 16:31:13,291 [Worker-3: Building] INFO  o.e.m.c.i.e.AbstractTransferListenerAdapter - Downloading http://maven.vie.sst.stp/content/groups/approved/com/fasterxml/jackson/jackson-base/2.15.4/jackson-base-2.15.4.pom
2025-01-13 16:31:13,557 [Worker-3: Building] INFO  o.e.m.c.i.e.AbstractTransferListenerAdapter - Downloaded http://maven.vie.sst.stp/content/groups/approved/com/fasterxml/jackson/jackson-base/2.15.4/jackson-base-2.15.4.pom
2025-01-13 16:31:13,822 [Worker-3: Building] INFO  o.e.m.c.i.e.AbstractTransferListenerAdapter - Downloading http://maven.vie.sst.stp/content/groups/approved/com/fasterxml/jackson/core/jackson-annotations/2.15.4/jackson-annotations-2.15.4.pom
2025-01-13 16:31:14,080 [Worker-3: Building] INFO  o.e.m.c.i.e.AbstractTransferListenerAdapter - Downloaded http://maven.vie.sst.stp/content/groups/approved/com/fasterxml/jackson/core/jackson-annotations/2.15.4/jackson-annotations-2.15.4.pom
2025-01-13 16:31:14,267 [Worker-3: Building] INFO  o.e.m.c.i.e.AbstractTransferListenerAdapter - Downloading http://maven.vie.sst.stp/content/groups/approved/com/fasterxml/jackson/core/jackson-core/2.15.4/jackson-core-2.15.4.pom
2025-01-13 16:31:14,528 [Worker-3: Building] INFO  o.e.m.c.i.e.AbstractTransferListenerAdapter - Downloaded http://maven.vie.sst.stp/content/groups/approved/com/fasterxml/jackson/core/jackson-core/2.15.4/jackson-core-2.15.4.pom
2025-01-13 16:31:14,787 [Worker-3: Building] INFO  o.e.m.c.i.e.AbstractTransferListenerAdapter - Downloading http://maven.vie.sst.stp/content/groups/approved/com/fasterxml/jackson/datatype/jackson-datatype-jdk8/2.15.4/jackson-datatype-jdk8-2.15.4.pom
2025-01-13 16:31:15,052 [Worker-3: Building] INFO  o.e.m.c.i.e.AbstractTransferListenerAdapter - Downloaded http://maven.vie.sst.stp/content/groups/approved/com/fasterxml/jackson/datatype/jackson-datatype-jdk8/2.15.4/jackson-datatype-jdk8-2.15.4.pom
2025-01-13 16:31:15,310 [Worker-3: Building] INFO  o.e.m.c.i.e.AbstractTransferListenerAdapter - Downloading http://maven.vie.sst.stp/content/groups/approved/com/fasterxml/jackson/module/jackson-modules-java8/2.15.4/jackson-modules-java8-2.15.4.pom
2025-01-13 16:31:15,565 [Worker-3: Building] INFO  o.e.m.c.i.e.AbstractTransferListenerAdapter - Downloaded http://maven.vie.sst.stp/content/groups/approved/com/fasterxml/jackson/module/jackson-modules-java8/2.15.4/jackson-modules-java8-2.15.4.pom
2025-01-13 16:31:15,825 [Worker-3: Building] INFO  o.e.m.c.i.e.AbstractTransferListenerAdapter - Downloading http://maven.vie.sst.stp/content/groups/approved/com/fasterxml/jackson/datatype/jackson-datatype-jsr310/2.15.4/jackson-datatype-jsr310-2.15.4.pom
2025-01-13 16:31:16,079 [Worker-3: Building] INFO  o.e.m.c.i.e.AbstractTransferListenerAdapter - Downloaded http://maven.vie.sst.stp/content/groups/approved/com/fasterxml/jackson/datatype/jackson-datatype-jsr310/2.15.4/jackson-datatype-jsr310-2.15.4.pom
2025-01-13 16:31:16,337 [Worker-3: Building] INFO  o.e.m.c.i.e.AbstractTransferListenerAdapter - Downloading http://maven.vie.sst.stp/content/groups/approved/com/fasterxml/jackson/module/jackson-module-parameter-names/2.15.4/jackson-module-parameter-names-2.15.4.pom
2025-01-13 16:31:16,776 [Worker-3: Building] INFO  o.e.m.c.i.e.AbstractTransferListenerAdapter - Downloaded http://maven.vie.sst.stp/content/groups/approved/com/fasterxml/jackson/module/jackson-module-parameter-names/2.15.4/jackson-module-parameter-names-2.15.4.pom
2025-01-13 16:31:17,041 [Worker-3: Building] INFO  o.e.m.c.i.e.AbstractTransferListenerAdapter - Downloading http://maven.vie.sst.stp/content/groups/approved/org/springframework/boot/spring-boot-starter-tomcat/3.2.8/spring-boot-starter-tomcat-3.2.8.pom
2025-01-13 16:31:17,298 [Worker-3: Building] INFO  o.e.m.c.i.e.AbstractTransferListenerAdapter - Downloaded http://maven.vie.sst.stp/content/groups/approved/org/springframework/boot/spring-boot-starter-tomcat/3.2.8/spring-boot-starter-tomcat-3.2.8.pom
2025-01-13 16:31:17,491 [Worker-3: Building] INFO  o.e.m.c.i.e.AbstractTransferListenerAdapter - Downloading http://maven.vie.sst.stp/content/groups/approved/org/apache/tomcat/embed/tomcat-embed-core/10.1.26/tomcat-embed-core-10.1.26.pom
2025-01-13 16:31:17,683 [Worker-3: Building] INFO  o.e.m.c.i.e.AbstractTransferListenerAdapter - Downloaded http://maven.vie.sst.stp/content/groups/approved/org/apache/tomcat/embed/tomcat-embed-core/10.1.26/tomcat-embed-core-10.1.26.pom
2025-01-13 16:31:17,875 [Worker-3: Building] INFO  o.e.m.c.i.e.AbstractTransferListenerAdapter - Downloading http://maven.vie.sst.stp/content/groups/approved/org/apache/tomcat/embed/tomcat-embed-el/10.1.26/tomcat-embed-el-10.1.26.pom
2025-01-13 16:31:18,067 [Worker-3: Building] INFO  o.e.m.c.i.e.AbstractTransferListenerAdapter - Downloaded http://maven.vie.sst.stp/content/groups/approved/org/apache/tomcat/embed/tomcat-embed-el/10.1.26/tomcat-embed-el-10.1.26.pom
2025-01-13 16:31:18,259 [Worker-3: Building] INFO  o.e.m.c.i.e.AbstractTransferListenerAdapter - Downloading http://maven.vie.sst.stp/content/groups/approved/org/apache/tomcat/embed/tomcat-embed-websocket/10.1.26/tomcat-embed-websocket-10.1.26.pom
2025-01-13 16:31:18,451 [Worker-3: Building] INFO  o.e.m.c.i.e.AbstractTransferListenerAdapter - Downloaded http://maven.vie.sst.stp/content/groups/approved/org/apache/tomcat/embed/tomcat-embed-websocket/10.1.26/tomcat-embed-websocket-10.1.26.pom
2025-01-13 16:31:18,713 [Worker-3: Building] INFO  o.e.m.c.i.e.AbstractTransferListenerAdapter - Downloading http://maven.vie.sst.stp/content/groups/approved/org/springframework/spring-webmvc/6.1.11/spring-webmvc-6.1.11.pom
2025-01-13 16:31:18,972 [Worker-3: Building] INFO  o.e.m.c.i.e.AbstractTransferListenerAdapter - Downloaded http://maven.vie.sst.stp/content/groups/approved/org/springframework/spring-webmvc/6.1.11/spring-webmvc-6.1.11.pom
2025-01-13 16:31:19,235 [Worker-3: Building] INFO  o.e.m.c.i.e.AbstractTransferListenerAdapter - Downloading http://maven.vie.sst.stp/content/groups/approved/org/springframework/boot/spring-boot-devtools/3.2.8/spring-boot-devtools-3.2.8.pom
2025-01-13 16:31:19,496 [Worker-3: Building] INFO  o.e.m.c.i.e.AbstractTransferListenerAdapter - Downloaded http://maven.vie.sst.stp/content/groups/approved/org/springframework/boot/spring-boot-devtools/3.2.8/spring-boot-devtools-3.2.8.pom
2025-01-13 16:31:19,764 [Worker-3: Building] INFO  o.e.m.c.i.e.AbstractTransferListenerAdapter - Downloading http://maven.vie.sst.stp/content/groups/approved/org/postgresql/postgresql/42.6.2/postgresql-42.6.2.pom
2025-01-13 16:31:20,025 [Worker-3: Building] INFO  o.e.m.c.i.e.AbstractTransferListenerAdapter - Downloaded http://maven.vie.sst.stp/content/groups/approved/org/postgresql/postgresql/42.6.2/postgresql-42.6.2.pom
2025-01-13 16:31:20,218 [Worker-3: Building] INFO  o.e.m.c.i.e.AbstractTransferListenerAdapter - Downloading http://maven.vie.sst.stp/content/groups/approved/org/checkerframework/checker-qual/3.31.0/checker-qual-3.31.0.pom
2025-01-13 16:31:20,476 [Worker-3: Building] INFO  o.e.m.c.i.e.AbstractTransferListenerAdapter - Downloaded http://maven.vie.sst.stp/content/groups/approved/org/checkerframework/checker-qual/3.31.0/checker-qual-3.31.0.pom
2025-01-13 16:31:20,743 [Worker-3: Building] INFO  o.e.m.c.i.e.AbstractTransferListenerAdapter - Downloading http://maven.vie.sst.stp/content/groups/approved/org/springframework/boot/spring-boot-starter-test/3.2.8/spring-boot-starter-test-3.2.8.pom
2025-01-13 16:31:21,004 [Worker-3: Building] INFO  o.e.m.c.i.e.AbstractTransferListenerAdapter - Downloaded http://maven.vie.sst.stp/content/groups/approved/org/springframework/boot/spring-boot-starter-test/3.2.8/spring-boot-starter-test-3.2.8.pom
2025-01-13 16:31:21,271 [Worker-3: Building] INFO  o.e.m.c.i.e.AbstractTransferListenerAdapter - Downloading http://maven.vie.sst.stp/content/groups/approved/org/springframework/boot/spring-boot-test/3.2.8/spring-boot-test-3.2.8.pom
2025-01-13 16:31:21,529 [Worker-3: Building] INFO  o.e.m.c.i.e.AbstractTransferListenerAdapter - Downloaded http://maven.vie.sst.stp/content/groups/approved/org/springframework/boot/spring-boot-test/3.2.8/spring-boot-test-3.2.8.pom
2025-01-13 16:31:21,794 [Worker-3: Building] INFO  o.e.m.c.i.e.AbstractTransferListenerAdapter - Downloading http://maven.vie.sst.stp/content/groups/approved/org/springframework/boot/spring-boot-test-autoconfigure/3.2.8/spring-boot-test-autoconfigure-3.2.8.pom
2025-01-13 16:31:22,051 [Worker-3: Building] INFO  o.e.m.c.i.e.AbstractTransferListenerAdapter - Downloaded http://maven.vie.sst.stp/content/groups/approved/org/springframework/boot/spring-boot-test-autoconfigure/3.2.8/spring-boot-test-autoconfigure-3.2.8.pom
2025-01-13 16:31:22,321 [Worker-3: Building] INFO  o.e.m.c.i.e.AbstractTransferListenerAdapter - Downloading http://maven.vie.sst.stp/content/groups/approved/org/assertj/assertj-core/3.24.2/assertj-core-3.24.2.pom
2025-01-13 16:31:22,749 [Worker-3: Building] INFO  o.e.m.c.i.e.AbstractTransferListenerAdapter - Downloaded http://maven.vie.sst.stp/content/groups/approved/org/assertj/assertj-core/3.24.2/assertj-core-3.24.2.pom
2025-01-13 16:31:23,008 [Worker-3: Building] INFO  o.e.m.c.i.e.AbstractTransferListenerAdapter - Downloading http://maven.vie.sst.stp/content/groups/approved/org/assertj/assertj-parent/3.24.2/assertj-parent-3.24.2.pom
2025-01-13 16:31:23,270 [Worker-3: Building] INFO  o.e.m.c.i.e.AbstractTransferListenerAdapter - Downloaded http://maven.vie.sst.stp/content/groups/approved/org/assertj/assertj-parent/3.24.2/assertj-parent-3.24.2.pom
2025-01-13 16:31:23,530 [Worker-3: Building] INFO  o.e.m.c.i.e.AbstractTransferListenerAdapter - Downloading http://maven.vie.sst.stp/content/groups/approved/org/assertj/assertj-build/3.24.2/assertj-build-3.24.2.pom
2025-01-13 16:31:23,788 [Worker-3: Building] INFO  o.e.m.c.i.e.AbstractTransferListenerAdapter - Downloaded http://maven.vie.sst.stp/content/groups/approved/org/assertj/assertj-build/3.24.2/assertj-build-3.24.2.pom
2025-01-13 16:31:24,052 [Worker-3: Building] INFO  o.e.m.c.i.e.AbstractTransferListenerAdapter - Downloading http://maven.vie.sst.stp/content/groups/approved/org/awaitility/awaitility/4.2.1/awaitility-4.2.1.pom
2025-01-13 16:31:24,321 [Worker-3: Building] INFO  o.e.m.c.i.e.AbstractTransferListenerAdapter - Downloaded http://maven.vie.sst.stp/content/groups/approved/org/awaitility/awaitility/4.2.1/awaitility-4.2.1.pom
2025-01-13 16:31:24,577 [Worker-3: Building] INFO  o.e.m.c.i.e.AbstractTransferListenerAdapter - Downloading http://maven.vie.sst.stp/content/groups/approved/org/awaitility/awaitility-parent/4.2.1/awaitility-parent-4.2.1.pom
2025-01-13 16:31:24,835 [Worker-3: Building] INFO  o.e.m.c.i.e.AbstractTransferListenerAdapter - Downloaded http://maven.vie.sst.stp/content/groups/approved/org/awaitility/awaitility-parent/4.2.1/awaitility-parent-4.2.1.pom
2025-01-13 16:31:25,096 [Worker-3: Building] INFO  o.e.m.c.i.e.AbstractTransferListenerAdapter - Downloading http://maven.vie.sst.stp/content/groups/approved/org/junit/jupiter/junit-jupiter/5.10.3/junit-jupiter-5.10.3.pom
2025-01-13 16:31:25,358 [Worker-3: Building] INFO  o.e.m.c.i.e.AbstractTransferListenerAdapter - Downloaded http://maven.vie.sst.stp/content/groups/approved/org/junit/jupiter/junit-jupiter/5.10.3/junit-jupiter-5.10.3.pom
2025-01-13 16:31:25,545 [Worker-3: Building] INFO  o.e.m.c.i.e.AbstractTransferListenerAdapter - Downloading http://maven.vie.sst.stp/content/groups/approved/org/junit/jupiter/junit-jupiter-api/5.10.3/junit-jupiter-api-5.10.3.pom
2025-01-13 16:31:25,814 [Worker-3: Building] INFO  o.e.m.c.i.e.AbstractTransferListenerAdapter - Downloaded http://maven.vie.sst.stp/content/groups/approved/org/junit/jupiter/junit-jupiter-api/5.10.3/junit-jupiter-api-5.10.3.pom
2025-01-13 16:31:26,007 [Worker-3: Building] INFO  o.e.m.c.i.e.AbstractTransferListenerAdapter - Downloading http://maven.vie.sst.stp/content/groups/approved/org/junit/platform/junit-platform-commons/1.10.3/junit-platform-commons-1.10.3.pom
2025-01-13 16:31:26,268 [Worker-3: Building] INFO  o.e.m.c.i.e.AbstractTransferListenerAdapter - Downloaded http://maven.vie.sst.stp/content/groups/approved/org/junit/platform/junit-platform-commons/1.10.3/junit-platform-commons-1.10.3.pom
2025-01-13 16:31:26,527 [Worker-3: Building] INFO  o.e.m.c.i.e.AbstractTransferListenerAdapter - Downloading http://maven.vie.sst.stp/content/groups/approved/org/junit/jupiter/junit-jupiter-params/5.10.3/junit-jupiter-params-5.10.3.pom
2025-01-13 16:31:26,715 [Worker-3: Building] INFO  o.e.m.c.i.e.AbstractTransferListenerAdapter - Downloaded http://maven.vie.sst.stp/content/groups/approved/org/junit/jupiter/junit-jupiter-params/5.10.3/junit-jupiter-params-5.10.3.pom
2025-01-13 16:31:26,970 [Worker-3: Building] INFO  o.e.m.c.i.e.AbstractTransferListenerAdapter - Downloading http://maven.vie.sst.stp/content/groups/approved/org/junit/jupiter/junit-jupiter-engine/5.10.3/junit-jupiter-engine-5.10.3.pom
2025-01-13 16:31:27,225 [Worker-3: Building] INFO  o.e.m.c.i.e.AbstractTransferListenerAdapter - Downloaded http://maven.vie.sst.stp/content/groups/approved/org/junit/jupiter/junit-jupiter-engine/5.10.3/junit-jupiter-engine-5.10.3.pom
2025-01-13 16:31:27,413 [Worker-3: Building] INFO  o.e.m.c.i.e.AbstractTransferListenerAdapter - Downloading http://maven.vie.sst.stp/content/groups/approved/org/junit/platform/junit-platform-engine/1.10.3/junit-platform-engine-1.10.3.pom
2025-01-13 16:31:27,671 [Worker-3: Building] INFO  o.e.m.c.i.e.AbstractTransferListenerAdapter - Downloaded http://maven.vie.sst.stp/content/groups/approved/org/junit/platform/junit-platform-engine/1.10.3/junit-platform-engine-1.10.3.pom
2025-01-13 16:31:27,930 [Worker-3: Building] INFO  o.e.m.c.i.e.AbstractTransferListenerAdapter - Downloading http://maven.vie.sst.stp/content/groups/approved/org/mockito/mockito-core/5.7.0/mockito-core-5.7.0.pom
2025-01-13 16:31:28,186 [Worker-3: Building] INFO  o.e.m.c.i.e.AbstractTransferListenerAdapter - Downloaded http://maven.vie.sst.stp/content/groups/approved/org/mockito/mockito-core/5.7.0/mockito-core-5.7.0.pom
2025-01-13 16:31:28,445 [Worker-3: Building] INFO  o.e.m.c.i.e.AbstractTransferListenerAdapter - Downloading http://maven.vie.sst.stp/content/groups/approved/net/bytebuddy/byte-buddy-agent/1.14.18/byte-buddy-agent-1.14.18.pom
2025-01-13 16:31:28,702 [Worker-3: Building] INFO  o.e.m.c.i.e.AbstractTransferListenerAdapter - Downloaded http://maven.vie.sst.stp/content/groups/approved/net/bytebuddy/byte-buddy-agent/1.14.18/byte-buddy-agent-1.14.18.pom
2025-01-13 16:31:28,984 [Worker-3: Building] INFO  o.e.m.c.i.e.AbstractTransferListenerAdapter - Downloading http://maven.vie.sst.stp/content/groups/approved/org/mockito/mockito-junit-jupiter/5.7.0/mockito-junit-jupiter-5.7.0.pom
2025-01-13 16:31:29,248 [Worker-3: Building] INFO  o.e.m.c.i.e.AbstractTransferListenerAdapter - Downloaded http://maven.vie.sst.stp/content/groups/approved/org/mockito/mockito-junit-jupiter/5.7.0/mockito-junit-jupiter-5.7.0.pom
2025-01-13 16:31:29,512 [Worker-3: Building] INFO  o.e.m.c.i.e.AbstractTransferListenerAdapter - Downloading http://maven.vie.sst.stp/content/groups/approved/org/springframework/spring-test/6.1.11/spring-test-6.1.11.pom
2025-01-13 16:31:29,767 [Worker-3: Building] INFO  o.e.m.c.i.e.AbstractTransferListenerAdapter - Downloaded http://maven.vie.sst.stp/content/groups/approved/org/springframework/spring-test/6.1.11/spring-test-6.1.11.pom
2025-01-13 16:31:30,031 [Worker-3: Building] INFO  o.e.m.c.i.e.AbstractTransferListenerAdapter - Downloading http://maven.vie.sst.stp/content/groups/approved/org/projectlombok/lombok/1.18.34/lombok-1.18.34.pom
2025-01-13 16:31:30,289 [Worker-3: Building] INFO  o.e.m.c.i.e.AbstractTransferListenerAdapter - Downloaded http://maven.vie.sst.stp/content/groups/approved/org/projectlombok/lombok/1.18.34/lombok-1.18.34.pom
2025-01-13 16:31:30,485 [Worker-3: Building] INFO  o.e.m.c.i.e.AbstractTransferListenerAdapter - Downloading http://maven.vie.sst.stp/content/groups/approved/javax/validation/validation-api/2.0.1.Final/validation-api-2.0.1.Final.pom
2025-01-13 16:31:30,677 [Worker-3: Building] INFO  o.e.m.c.i.e.AbstractTransferListenerAdapter - Downloaded http://maven.vie.sst.stp/content/groups/approved/javax/validation/validation-api/2.0.1.Final/validation-api-2.0.1.Final.pom
2025-01-13 16:31:30,970 [AetherRepositoryConnector-maven.vie.sst.stp-0-0] INFO  o.e.m.c.i.e.AbstractTransferListenerAdapter - Downloading http://maven.vie.sst.stp/content/groups/approved/org/springframework/boot/spring-boot-starter-data-jpa/3.2.8/spring-boot-starter-data-jpa-3.2.8.jar
2025-01-13 16:31:31,145 [AetherRepositoryConnector-maven.vie.sst.stp-0-1] INFO  o.e.m.c.i.e.AbstractTransferListenerAdapter - Downloading http://maven.vie.sst.stp/content/groups/approved/org/springframework/boot/spring-boot-starter-aop/3.2.8/spring-boot-starter-aop-3.2.8.jar
2025-01-13 16:31:31,225 [AetherRepositoryConnector-maven.vie.sst.stp-0-4] INFO  o.e.m.c.i.e.AbstractTransferListenerAdapter - Downloading http://maven.vie.sst.stp/content/groups/approved/com/zaxxer/HikariCP/5.0.1/HikariCP-5.0.1.jar
2025-01-13 16:31:31,225 [AetherRepositoryConnector-maven.vie.sst.stp-0-3] INFO  o.e.m.c.i.e.AbstractTransferListenerAdapter - Downloading http://maven.vie.sst.stp/content/groups/approved/org/springframework/boot/spring-boot-starter-jdbc/3.2.8/spring-boot-starter-jdbc-3.2.8.jar
2025-01-13 16:31:31,229 [AetherRepositoryConnector-maven.vie.sst.stp-0-2] INFO  o.e.m.c.i.e.AbstractTransferListenerAdapter - Downloading http://maven.vie.sst.stp/content/groups/approved/org/springframework/spring-aop/6.1.11/spring-aop-6.1.11.jar
2025-01-13 16:31:31,239 [AetherRepositoryConnector-maven.vie.sst.stp-0-0] INFO  o.e.m.c.i.e.AbstractTransferListenerAdapter - Downloaded http://maven.vie.sst.stp/content/groups/approved/org/springframework/boot/spring-boot-starter-data-jpa/3.2.8/spring-boot-starter-data-jpa-3.2.8.jar
2025-01-13 16:31:31,403 [AetherRepositoryConnector-maven.vie.sst.stp-0-1] INFO  o.e.m.c.i.e.AbstractTransferListenerAdapter - Downloaded http://maven.vie.sst.stp/content/groups/approved/org/springframework/boot/spring-boot-starter-aop/3.2.8/spring-boot-starter-aop-3.2.8.jar
2025-01-13 16:31:31,484 [AetherRepositoryConnector-maven.vie.sst.stp-0-3] INFO  o.e.m.c.i.e.AbstractTransferListenerAdapter - Downloaded http://maven.vie.sst.stp/content/groups/approved/org/springframework/boot/spring-boot-starter-jdbc/3.2.8/spring-boot-starter-jdbc-3.2.8.jar
2025-01-13 16:31:31,491 [AetherRepositoryConnector-maven.vie.sst.stp-0-0] INFO  o.e.m.c.i.e.AbstractTransferListenerAdapter - Downloading http://maven.vie.sst.stp/content/groups/approved/org/springframework/spring-jdbc/6.1.11/spring-jdbc-6.1.11.jar
2025-01-13 16:31:31,668 [AetherRepositoryConnector-maven.vie.sst.stp-0-1] INFO  o.e.m.c.i.e.AbstractTransferListenerAdapter - Downloading http://maven.vie.sst.stp/content/groups/approved/org/hibernate/orm/hibernate-core/6.4.9.Final/hibernate-core-6.4.9.Final.jar
2025-01-13 16:31:31,673 [AetherRepositoryConnector-maven.vie.sst.stp-0-3] INFO  o.e.m.c.i.e.AbstractTransferListenerAdapter - Downloading http://maven.vie.sst.stp/content/groups/approved/org/jboss/logging/jboss-logging/3.5.3.Final/jboss-logging-3.5.3.Final.jar
2025-01-13 16:31:32,002 [AetherRepositoryConnector-maven.vie.sst.stp-0-4] INFO  o.e.m.c.i.e.AbstractTransferListenerAdapter - Downloaded http://maven.vie.sst.stp/content/groups/approved/com/zaxxer/HikariCP/5.0.1/HikariCP-5.0.1.jar
2025-01-13 16:31:32,181 [AetherRepositoryConnector-maven.vie.sst.stp-0-4] INFO  o.e.m.c.i.e.AbstractTransferListenerAdapter - Downloading http://maven.vie.sst.stp/content/groups/approved/org/hibernate/common/hibernate-commons-annotations/6.0.6.Final/hibernate-commons-annotations-6.0.6.Final.jar
2025-01-13 16:31:32,207 [AetherRepositoryConnector-maven.vie.sst.stp-0-3] INFO  o.e.m.c.i.e.AbstractTransferListenerAdapter - Downloaded http://maven.vie.sst.stp/content/groups/approved/org/jboss/logging/jboss-logging/3.5.3.Final/jboss-logging-3.5.3.Final.jar
2025-01-13 16:31:32,351 [AetherRepositoryConnector-maven.vie.sst.stp-0-2] INFO  o.e.m.c.i.e.AbstractTransferListenerAdapter - Downloaded http://maven.vie.sst.stp/content/groups/approved/org/springframework/spring-aop/6.1.11/spring-aop-6.1.11.jar
2025-01-13 16:31:32,372 [AetherRepositoryConnector-maven.vie.sst.stp-0-4] INFO  o.e.m.c.i.e.AbstractTransferListenerAdapter - Downloaded http://maven.vie.sst.stp/content/groups/approved/org/hibernate/common/hibernate-commons-annotations/6.0.6.Final/hibernate-commons-annotations-6.0.6.Final.jar
2025-01-13 16:31:32,389 [AetherRepositoryConnector-maven.vie.sst.stp-0-3] INFO  o.e.m.c.i.e.AbstractTransferListenerAdapter - Downloading http://maven.vie.sst.stp/content/groups/approved/io/smallrye/jandex/3.1.2/jandex-3.1.2.jar
2025-01-13 16:31:32,562 [AetherRepositoryConnector-maven.vie.sst.stp-0-4] INFO  o.e.m.c.i.e.AbstractTransferListenerAdapter - Downloading http://maven.vie.sst.stp/content/groups/approved/net/bytebuddy/byte-buddy/1.14.18/byte-buddy-1.14.18.jar
2025-01-13 16:31:32,606 [AetherRepositoryConnector-maven.vie.sst.stp-0-2] INFO  o.e.m.c.i.e.AbstractTransferListenerAdapter - Downloading http://maven.vie.sst.stp/content/groups/approved/com/fasterxml/classmate/1.6.0/classmate-1.6.0.jar
2025-01-13 16:31:32,788 [AetherRepositoryConnector-maven.vie.sst.stp-0-0] INFO  o.e.m.c.i.e.AbstractTransferListenerAdapter - Downloaded http://maven.vie.sst.stp/content/groups/approved/org/springframework/spring-jdbc/6.1.11/spring-jdbc-6.1.11.jar
2025-01-13 16:31:32,869 [AetherRepositoryConnector-maven.vie.sst.stp-0-2] INFO  o.e.m.c.i.e.AbstractTransferListenerAdapter - Downloaded http://maven.vie.sst.stp/content/groups/approved/com/fasterxml/classmate/1.6.0/classmate-1.6.0.jar
2025-01-13 16:31:33,042 [AetherRepositoryConnector-maven.vie.sst.stp-0-0] INFO  o.e.m.c.i.e.AbstractTransferListenerAdapter - Downloading http://maven.vie.sst.stp/content/groups/approved/org/springframework/data/spring-data-jpa/3.2.8/spring-data-jpa-3.2.8.jar
2025-01-13 16:31:33,127 [AetherRepositoryConnector-maven.vie.sst.stp-0-2] INFO  o.e.m.c.i.e.AbstractTransferListenerAdapter - Downloading http://maven.vie.sst.stp/content/groups/approved/org/springframework/data/spring-data-commons/3.2.8/spring-data-commons-3.2.8.jar
2025-01-13 16:31:33,177 [AetherRepositoryConnector-maven.vie.sst.stp-0-3] INFO  o.e.m.c.i.e.AbstractTransferListenerAdapter - Downloaded http://maven.vie.sst.stp/content/groups/approved/io/smallrye/jandex/3.1.2/jandex-3.1.2.jar
2025-01-13 16:31:33,435 [AetherRepositoryConnector-maven.vie.sst.stp-0-3] INFO  o.e.m.c.i.e.AbstractTransferListenerAdapter - Downloading http://maven.vie.sst.stp/content/groups/approved/org/springframework/spring-orm/6.1.11/spring-orm-6.1.11.jar
2025-01-13 16:31:33,885 [AetherRepositoryConnector-maven.vie.sst.stp-0-3] INFO  o.e.m.c.i.e.AbstractTransferListenerAdapter - Downloaded http://maven.vie.sst.stp/content/groups/approved/org/springframework/spring-orm/6.1.11/spring-orm-6.1.11.jar
2025-01-13 16:31:34,142 [AetherRepositoryConnector-maven.vie.sst.stp-0-3] INFO  o.e.m.c.i.e.AbstractTransferListenerAdapter - Downloading http://maven.vie.sst.stp/content/groups/approved/org/springframework/spring-context/6.1.11/spring-context-6.1.11.jar
2025-01-13 16:31:34,542 [AetherRepositoryConnector-maven.vie.sst.stp-0-0] INFO  o.e.m.c.i.e.AbstractTransferListenerAdapter - Downloaded http://maven.vie.sst.stp/content/groups/approved/org/springframework/data/spring-data-jpa/3.2.8/spring-data-jpa-3.2.8.jar
2025-01-13 16:31:34,626 [AetherRepositoryConnector-maven.vie.sst.stp-0-2] INFO  o.e.m.c.i.e.AbstractTransferListenerAdapter - Downloaded http://maven.vie.sst.stp/content/groups/approved/org/springframework/data/spring-data-commons/3.2.8/spring-data-commons-3.2.8.jar
2025-01-13 16:31:34,797 [AetherRepositoryConnector-maven.vie.sst.stp-0-0] INFO  o.e.m.c.i.e.AbstractTransferListenerAdapter - Downloading http://maven.vie.sst.stp/content/groups/approved/org/springframework/spring-tx/6.1.11/spring-tx-6.1.11.jar
2025-01-13 16:31:34,882 [AetherRepositoryConnector-maven.vie.sst.stp-0-2] INFO  o.e.m.c.i.e.AbstractTransferListenerAdapter - Downloading http://maven.vie.sst.stp/content/groups/approved/org/springframework/spring-beans/6.1.11/spring-beans-6.1.11.jar
2025-01-13 16:31:35,236 [AetherRepositoryConnector-maven.vie.sst.stp-0-0] INFO  o.e.m.c.i.e.AbstractTransferListenerAdapter - Downloaded http://maven.vie.sst.stp/content/groups/approved/org/springframework/spring-tx/6.1.11/spring-tx-6.1.11.jar
2025-01-13 16:31:35,424 [AetherRepositoryConnector-maven.vie.sst.stp-0-0] INFO  o.e.m.c.i.e.AbstractTransferListenerAdapter - Downloading http://maven.vie.sst.stp/content/groups/approved/org/slf4j/slf4j-api/2.0.13/slf4j-api-2.0.13.jar
2025-01-13 16:31:35,476 [AetherRepositoryConnector-maven.vie.sst.stp-0-3] INFO  o.e.m.c.i.e.AbstractTransferListenerAdapter - Downloaded http://maven.vie.sst.stp/content/groups/approved/org/springframework/spring-context/6.1.11/spring-context-6.1.11.jar
2025-01-13 16:31:35,682 [AetherRepositoryConnector-maven.vie.sst.stp-0-0] INFO  o.e.m.c.i.e.AbstractTransferListenerAdapter - Downloaded http://maven.vie.sst.stp/content/groups/approved/org/slf4j/slf4j-api/2.0.13/slf4j-api-2.0.13.jar
2025-01-13 16:31:35,734 [AetherRepositoryConnector-maven.vie.sst.stp-0-3] INFO  o.e.m.c.i.e.AbstractTransferListenerAdapter - Downloading http://maven.vie.sst.stp/content/groups/approved/org/springframework/spring-aspects/6.1.11/spring-aspects-6.1.11.jar
2025-01-13 16:31:35,845 [AetherRepositoryConnector-maven.vie.sst.stp-0-2] INFO  o.e.m.c.i.e.AbstractTransferListenerAdapter - Downloaded http://maven.vie.sst.stp/content/groups/approved/org/springframework/spring-beans/6.1.11/spring-beans-6.1.11.jar
2025-01-13 16:31:35,940 [AetherRepositoryConnector-maven.vie.sst.stp-0-0] INFO  o.e.m.c.i.e.AbstractTransferListenerAdapter - Downloading http://maven.vie.sst.stp/content/groups/approved/org/springframework/boot/spring-boot-starter-web/3.2.8/spring-boot-starter-web-3.2.8.jar
2025-01-13 16:31:35,992 [AetherRepositoryConnector-maven.vie.sst.stp-0-3] INFO  o.e.m.c.i.e.AbstractTransferListenerAdapter - Downloaded http://maven.vie.sst.stp/content/groups/approved/org/springframework/spring-aspects/6.1.11/spring-aspects-6.1.11.jar
2025-01-13 16:31:36,107 [AetherRepositoryConnector-maven.vie.sst.stp-0-2] INFO  o.e.m.c.i.e.AbstractTransferListenerAdapter - Downloading http://maven.vie.sst.stp/content/groups/approved/org/springframework/boot/spring-boot-starter/3.2.8/spring-boot-starter-3.2.8.jar
2025-01-13 16:31:36,221 [AetherRepositoryConnector-maven.vie.sst.stp-0-0] INFO  o.e.m.c.i.e.AbstractTransferListenerAdapter - Downloaded http://maven.vie.sst.stp/content/groups/approved/org/springframework/boot/spring-boot-starter-web/3.2.8/spring-boot-starter-web-3.2.8.jar
2025-01-13 16:31:36,246 [AetherRepositoryConnector-maven.vie.sst.stp-0-3] INFO  o.e.m.c.i.e.AbstractTransferListenerAdapter - Downloading http://maven.vie.sst.stp/content/groups/approved/org/springframework/boot/spring-boot-starter-logging/3.2.8/spring-boot-starter-logging-3.2.8.jar
2025-01-13 16:31:36,366 [AetherRepositoryConnector-maven.vie.sst.stp-0-2] INFO  o.e.m.c.i.e.AbstractTransferListenerAdapter - Downloaded http://maven.vie.sst.stp/content/groups/approved/org/springframework/boot/spring-boot-starter/3.2.8/spring-boot-starter-3.2.8.jar
2025-01-13 16:31:36,481 [AetherRepositoryConnector-maven.vie.sst.stp-0-0] INFO  o.e.m.c.i.e.AbstractTransferListenerAdapter - Downloading http://maven.vie.sst.stp/content/groups/approved/ch/qos/logback/logback-classic/1.4.14/logback-classic-1.4.14.jar
2025-01-13 16:31:36,504 [AetherRepositoryConnector-maven.vie.sst.stp-0-3] INFO  o.e.m.c.i.e.AbstractTransferListenerAdapter - Downloaded http://maven.vie.sst.stp/content/groups/approved/org/springframework/boot/spring-boot-starter-logging/3.2.8/spring-boot-starter-logging-3.2.8.jar
2025-01-13 16:31:36,622 [AetherRepositoryConnector-maven.vie.sst.stp-0-2] INFO  o.e.m.c.i.e.AbstractTransferListenerAdapter - Downloading http://maven.vie.sst.stp/content/groups/approved/ch/qos/logback/logback-core/1.4.14/logback-core-1.4.14.jar
2025-01-13 16:31:36,689 [AetherRepositoryConnector-maven.vie.sst.stp-0-3] INFO  o.e.m.c.i.e.AbstractTransferListenerAdapter - Downloading http://maven.vie.sst.stp/content/groups/approved/org/apache/logging/log4j/log4j-to-slf4j/2.21.1/log4j-to-slf4j-2.21.1.jar
2025-01-13 16:31:36,729 [AetherRepositoryConnector-maven.vie.sst.stp-0-4] INFO  o.e.m.c.i.e.AbstractTransferListenerAdapter - Downloaded http://maven.vie.sst.stp/content/groups/approved/net/bytebuddy/byte-buddy/1.14.18/byte-buddy-1.14.18.jar
2025-01-13 16:31:36,878 [AetherRepositoryConnector-maven.vie.sst.stp-0-3] INFO  o.e.m.c.i.e.AbstractTransferListenerAdapter - Downloaded http://maven.vie.sst.stp/content/groups/approved/org/apache/logging/log4j/log4j-to-slf4j/2.21.1/log4j-to-slf4j-2.21.1.jar
2025-01-13 16:31:36,915 [AetherRepositoryConnector-maven.vie.sst.stp-0-0] INFO  o.e.m.c.i.e.AbstractTransferListenerAdapter - Downloaded http://maven.vie.sst.stp/content/groups/approved/ch/qos/logback/logback-classic/1.4.14/logback-classic-1.4.14.jar
2025-01-13 16:31:36,915 [AetherRepositoryConnector-maven.vie.sst.stp-0-4] INFO  o.e.m.c.i.e.AbstractTransferListenerAdapter - Downloading http://maven.vie.sst.stp/content/groups/approved/org/apache/logging/log4j/log4j-api/2.21.1/log4j-api-2.21.1.jar
2025-01-13 16:31:37,131 [AetherRepositoryConnector-maven.vie.sst.stp-0-3] INFO  o.e.m.c.i.e.AbstractTransferListenerAdapter - Downloading http://maven.vie.sst.stp/content/groups/approved/org/slf4j/jul-to-slf4j/2.0.13/jul-to-slf4j-2.0.13.jar
2025-01-13 16:31:37,164 [AetherRepositoryConnector-maven.vie.sst.stp-0-0] INFO  o.e.m.c.i.e.AbstractTransferListenerAdapter - Downloading http://maven.vie.sst.stp/content/groups/approved/org/yaml/snakeyaml/2.2/snakeyaml-2.2.jar
2025-01-13 16:31:37,240 [AetherRepositoryConnector-maven.vie.sst.stp-0-2] INFO  o.e.m.c.i.e.AbstractTransferListenerAdapter - Downloaded http://maven.vie.sst.stp/content/groups/approved/ch/qos/logback/logback-core/1.4.14/logback-core-1.4.14.jar
2025-01-13 16:31:37,291 [AetherRepositoryConnector-maven.vie.sst.stp-0-4] INFO  o.e.m.c.i.e.AbstractTransferListenerAdapter - Downloaded http://maven.vie.sst.stp/content/groups/approved/org/apache/logging/log4j/log4j-api/2.21.1/log4j-api-2.21.1.jar
2025-01-13 16:31:37,395 [AetherRepositoryConnector-maven.vie.sst.stp-0-3] INFO  o.e.m.c.i.e.AbstractTransferListenerAdapter - Downloaded http://maven.vie.sst.stp/content/groups/approved/org/slf4j/jul-to-slf4j/2.0.13/jul-to-slf4j-2.0.13.jar
2025-01-13 16:31:37,492 [AetherRepositoryConnector-maven.vie.sst.stp-0-2] INFO  o.e.m.c.i.e.AbstractTransferListenerAdapter - Downloading http://maven.vie.sst.stp/content/groups/approved/org/springframework/boot/spring-boot-starter-json/3.2.8/spring-boot-starter-json-3.2.8.jar
2025-01-13 16:31:37,530 [AetherRepositoryConnector-maven.vie.sst.stp-0-0] INFO  o.e.m.c.i.e.AbstractTransferListenerAdapter - Downloaded http://maven.vie.sst.stp/content/groups/approved/org/yaml/snakeyaml/2.2/snakeyaml-2.2.jar
2025-01-13 16:31:37,545 [AetherRepositoryConnector-maven.vie.sst.stp-0-4] INFO  o.e.m.c.i.e.AbstractTransferListenerAdapter - Downloading http://maven.vie.sst.stp/content/groups/approved/com/fasterxml/jackson/core/jackson-databind/2.15.4/jackson-databind-2.15.4.jar
2025-01-13 16:31:37,647 [AetherRepositoryConnector-maven.vie.sst.stp-0-3] INFO  o.e.m.c.i.e.AbstractTransferListenerAdapter - Downloading http://maven.vie.sst.stp/content/groups/approved/com/fasterxml/jackson/core/jackson-annotations/2.15.4/jackson-annotations-2.15.4.jar
2025-01-13 16:31:37,746 [AetherRepositoryConnector-maven.vie.sst.stp-0-2] INFO  o.e.m.c.i.e.AbstractTransferListenerAdapter - Downloaded http://maven.vie.sst.stp/content/groups/approved/org/springframework/boot/spring-boot-starter-json/3.2.8/spring-boot-starter-json-3.2.8.jar
2025-01-13 16:31:37,792 [AetherRepositoryConnector-maven.vie.sst.stp-0-0] INFO  o.e.m.c.i.e.AbstractTransferListenerAdapter - Downloading http://maven.vie.sst.stp/content/groups/approved/com/fasterxml/jackson/core/jackson-core/2.15.4/jackson-core-2.15.4.jar
2025-01-13 16:31:37,908 [AetherRepositoryConnector-maven.vie.sst.stp-0-3] INFO  o.e.m.c.i.e.AbstractTransferListenerAdapter - Downloaded http://maven.vie.sst.stp/content/groups/approved/com/fasterxml/jackson/core/jackson-annotations/2.15.4/jackson-annotations-2.15.4.jar
2025-01-13 16:31:37,998 [AetherRepositoryConnector-maven.vie.sst.stp-0-2] INFO  o.e.m.c.i.e.AbstractTransferListenerAdapter - Downloading http://maven.vie.sst.stp/content/groups/approved/com/fasterxml/jackson/datatype/jackson-datatype-jdk8/2.15.4/jackson-datatype-jdk8-2.15.4.jar
2025-01-13 16:31:38,162 [AetherRepositoryConnector-maven.vie.sst.stp-0-3] INFO  o.e.m.c.i.e.AbstractTransferListenerAdapter - Downloading http://maven.vie.sst.stp/content/groups/approved/com/fasterxml/jackson/datatype/jackson-datatype-jsr310/2.15.4/jackson-datatype-jsr310-2.15.4.jar
2025-01-13 16:31:38,256 [AetherRepositoryConnector-maven.vie.sst.stp-0-2] INFO  o.e.m.c.i.e.AbstractTransferListenerAdapter - Downloaded http://maven.vie.sst.stp/content/groups/approved/com/fasterxml/jackson/datatype/jackson-datatype-jdk8/2.15.4/jackson-datatype-jdk8-2.15.4.jar
2025-01-13 16:31:38,401 [AetherRepositoryConnector-maven.vie.sst.stp-0-0] INFO  o.e.m.c.i.e.AbstractTransferListenerAdapter - Downloaded http://maven.vie.sst.stp/content/groups/approved/com/fasterxml/jackson/core/jackson-core/2.15.4/jackson-core-2.15.4.jar
2025-01-13 16:31:38,423 [AetherRepositoryConnector-maven.vie.sst.stp-0-3] INFO  o.e.m.c.i.e.AbstractTransferListenerAdapter - Downloaded http://maven.vie.sst.stp/content/groups/approved/com/fasterxml/jackson/datatype/jackson-datatype-jsr310/2.15.4/jackson-datatype-jsr310-2.15.4.jar
2025-01-13 16:31:38,511 [AetherRepositoryConnector-maven.vie.sst.stp-0-2] INFO  o.e.m.c.i.e.AbstractTransferListenerAdapter - Downloading http://maven.vie.sst.stp/content/groups/approved/com/fasterxml/jackson/module/jackson-module-parameter-names/2.15.4/jackson-module-parameter-names-2.15.4.jar
2025-01-13 16:31:38,609 [AetherRepositoryConnector-maven.vie.sst.stp-0-3] INFO  o.e.m.c.i.e.AbstractTransferListenerAdapter - Downloading http://maven.vie.sst.stp/content/groups/approved/org/apache/tomcat/embed/tomcat-embed-core/10.1.26/tomcat-embed-core-10.1.26.jar
2025-01-13 16:31:38,666 [AetherRepositoryConnector-maven.vie.sst.stp-0-0] INFO  o.e.m.c.i.e.AbstractTransferListenerAdapter - Downloading http://maven.vie.sst.stp/content/groups/approved/org/springframework/boot/spring-boot-starter-tomcat/3.2.8/spring-boot-starter-tomcat-3.2.8.jar
2025-01-13 16:31:38,774 [AetherRepositoryConnector-maven.vie.sst.stp-0-2] INFO  o.e.m.c.i.e.AbstractTransferListenerAdapter - Downloaded http://maven.vie.sst.stp/content/groups/approved/com/fasterxml/jackson/module/jackson-module-parameter-names/2.15.4/jackson-module-parameter-names-2.15.4.jar
2025-01-13 16:31:38,927 [AetherRepositoryConnector-maven.vie.sst.stp-0-0] INFO  o.e.m.c.i.e.AbstractTransferListenerAdapter - Downloaded http://maven.vie.sst.stp/content/groups/approved/org/springframework/boot/spring-boot-starter-tomcat/3.2.8/spring-boot-starter-tomcat-3.2.8.jar
2025-01-13 16:31:38,963 [AetherRepositoryConnector-maven.vie.sst.stp-0-2] INFO  o.e.m.c.i.e.AbstractTransferListenerAdapter - Downloading http://maven.vie.sst.stp/content/groups/approved/org/apache/tomcat/embed/tomcat-embed-el/10.1.26/tomcat-embed-el-10.1.26.jar
2025-01-13 16:31:39,058 [AetherRepositoryConnector-maven.vie.sst.stp-0-4] INFO  o.e.m.c.i.e.AbstractTransferListenerAdapter - Downloaded http://maven.vie.sst.stp/content/groups/approved/com/fasterxml/jackson/core/jackson-databind/2.15.4/jackson-databind-2.15.4.jar
2025-01-13 16:31:39,111 [AetherRepositoryConnector-maven.vie.sst.stp-0-0] INFO  o.e.m.c.i.e.AbstractTransferListenerAdapter - Downloading http://maven.vie.sst.stp/content/groups/approved/org/apache/tomcat/embed/tomcat-embed-websocket/10.1.26/tomcat-embed-websocket-10.1.26.jar
2025-01-13 16:31:39,315 [AetherRepositoryConnector-maven.vie.sst.stp-0-4] INFO  o.e.m.c.i.e.AbstractTransferListenerAdapter - Downloading http://maven.vie.sst.stp/content/groups/approved/org/springframework/spring-web/6.1.11/spring-web-6.1.11.jar
2025-01-13 16:31:39,333 [AetherRepositoryConnector-maven.vie.sst.stp-0-2] INFO  o.e.m.c.i.e.AbstractTransferListenerAdapter - Downloaded http://maven.vie.sst.stp/content/groups/approved/org/apache/tomcat/embed/tomcat-embed-el/10.1.26/tomcat-embed-el-10.1.26.jar
2025-01-13 16:31:39,478 [AetherRepositoryConnector-maven.vie.sst.stp-0-0] INFO  o.e.m.c.i.e.AbstractTransferListenerAdapter - Downloaded http://maven.vie.sst.stp/content/groups/approved/org/apache/tomcat/embed/tomcat-embed-websocket/10.1.26/tomcat-embed-websocket-10.1.26.jar
2025-01-13 16:31:39,590 [AetherRepositoryConnector-maven.vie.sst.stp-0-2] INFO  o.e.m.c.i.e.AbstractTransferListenerAdapter - Downloading http://maven.vie.sst.stp/content/groups/approved/io/micrometer/micrometer-observation/1.12.8/micrometer-observation-1.12.8.jar
2025-01-13 16:31:39,732 [AetherRepositoryConnector-maven.vie.sst.stp-0-0] INFO  o.e.m.c.i.e.AbstractTransferListenerAdapter - Downloading http://maven.vie.sst.stp/content/groups/approved/io/micrometer/micrometer-commons/1.12.8/micrometer-commons-1.12.8.jar
2025-01-13 16:31:39,855 [AetherRepositoryConnector-maven.vie.sst.stp-0-2] INFO  o.e.m.c.i.e.AbstractTransferListenerAdapter - Downloaded http://maven.vie.sst.stp/content/groups/approved/io/micrometer/micrometer-observation/1.12.8/micrometer-observation-1.12.8.jar
2025-01-13 16:31:39,993 [AetherRepositoryConnector-maven.vie.sst.stp-0-0] INFO  o.e.m.c.i.e.AbstractTransferListenerAdapter - Downloaded http://maven.vie.sst.stp/content/groups/approved/io/micrometer/micrometer-commons/1.12.8/micrometer-commons-1.12.8.jar
2025-01-13 16:31:40,111 [AetherRepositoryConnector-maven.vie.sst.stp-0-2] INFO  o.e.m.c.i.e.AbstractTransferListenerAdapter - Downloading http://maven.vie.sst.stp/content/groups/approved/org/springframework/spring-webmvc/6.1.11/spring-webmvc-6.1.11.jar
2025-01-13 16:31:40,260 [AetherRepositoryConnector-maven.vie.sst.stp-0-0] INFO  o.e.m.c.i.e.AbstractTransferListenerAdapter - Downloading http://maven.vie.sst.stp/content/groups/approved/org/springframework/spring-expression/6.1.11/spring-expression-6.1.11.jar
2025-01-13 16:31:40,704 [AetherRepositoryConnector-maven.vie.sst.stp-0-0] INFO  o.e.m.c.i.e.AbstractTransferListenerAdapter - Downloaded http://maven.vie.sst.stp/content/groups/approved/org/springframework/spring-expression/6.1.11/spring-expression-6.1.11.jar
2025-01-13 16:31:40,968 [AetherRepositoryConnector-maven.vie.sst.stp-0-0] INFO  o.e.m.c.i.e.AbstractTransferListenerAdapter - Downloading http://maven.vie.sst.stp/content/groups/approved/org/springframework/boot/spring-boot-devtools/3.2.8/spring-boot-devtools-3.2.8.jar
2025-01-13 16:31:41,006 [AetherRepositoryConnector-maven.vie.sst.stp-0-4] INFO  o.e.m.c.i.e.AbstractTransferListenerAdapter - Downloaded http://maven.vie.sst.stp/content/groups/approved/org/springframework/spring-web/6.1.11/spring-web-6.1.11.jar
2025-01-13 16:31:41,281 [AetherRepositoryConnector-maven.vie.sst.stp-0-4] INFO  o.e.m.c.i.e.AbstractTransferListenerAdapter - Downloading http://maven.vie.sst.stp/content/groups/approved/org/springframework/boot/spring-boot/3.2.8/spring-boot-3.2.8.jar
2025-01-13 16:31:41,401 [AetherRepositoryConnector-maven.vie.sst.stp-0-0] INFO  o.e.m.c.i.e.AbstractTransferListenerAdapter - Downloaded http://maven.vie.sst.stp/content/groups/approved/org/springframework/boot/spring-boot-devtools/3.2.8/spring-boot-devtools-3.2.8.jar
2025-01-13 16:31:41,593 [AetherRepositoryConnector-maven.vie.sst.stp-0-2] INFO  o.e.m.c.i.e.AbstractTransferListenerAdapter - Downloaded http://maven.vie.sst.stp/content/groups/approved/org/springframework/spring-webmvc/6.1.11/spring-webmvc-6.1.11.jar
2025-01-13 16:31:41,654 [AetherRepositoryConnector-maven.vie.sst.stp-0-3] INFO  o.e.m.c.i.e.AbstractTransferListenerAdapter - Downloaded http://maven.vie.sst.stp/content/groups/approved/org/apache/tomcat/embed/tomcat-embed-core/10.1.26/tomcat-embed-core-10.1.26.jar
2025-01-13 16:31:41,672 [AetherRepositoryConnector-maven.vie.sst.stp-0-0] INFO  o.e.m.c.i.e.AbstractTransferListenerAdapter - Downloading http://maven.vie.sst.stp/content/groups/approved/org/springframework/boot/spring-boot-autoconfigure/3.2.8/spring-boot-autoconfigure-3.2.8.jar
2025-01-13 16:31:41,835 [AetherRepositoryConnector-maven.vie.sst.stp-0-3] INFO  o.e.m.c.i.e.AbstractTransferListenerAdapter - Downloading http://maven.vie.sst.stp/content/groups/approved/org/checkerframework/checker-qual/3.31.0/checker-qual-3.31.0.jar
2025-01-13 16:31:41,846 [AetherRepositoryConnector-maven.vie.sst.stp-0-2] INFO  o.e.m.c.i.e.AbstractTransferListenerAdapter - Downloading http://maven.vie.sst.stp/content/groups/approved/org/postgresql/postgresql/42.6.2/postgresql-42.6.2.jar
2025-01-13 16:31:42,098 [AetherRepositoryConnector-maven.vie.sst.stp-0-3] INFO  o.e.m.c.i.e.AbstractTransferListenerAdapter - Downloaded http://maven.vie.sst.stp/content/groups/approved/org/checkerframework/checker-qual/3.31.0/checker-qual-3.31.0.jar
2025-01-13 16:31:42,307 [AetherRepositoryConnector-maven.vie.sst.stp-0-1] INFO  o.e.m.c.i.e.AbstractTransferListenerAdapter - Downloaded http://maven.vie.sst.stp/content/groups/approved/org/hibernate/orm/hibernate-core/6.4.9.Final/hibernate-core-6.4.9.Final.jar
2025-01-13 16:31:42,350 [AetherRepositoryConnector-maven.vie.sst.stp-0-3] INFO  o.e.m.c.i.e.AbstractTransferListenerAdapter - Downloading http://maven.vie.sst.stp/content/groups/approved/org/springframework/boot/spring-boot-starter-test/3.2.8/spring-boot-starter-test-3.2.8.jar
2025-01-13 16:31:42,563 [AetherRepositoryConnector-maven.vie.sst.stp-0-1] INFO  o.e.m.c.i.e.AbstractTransferListenerAdapter - Downloading http://maven.vie.sst.stp/content/groups/approved/org/springframework/boot/spring-boot-test/3.2.8/spring-boot-test-3.2.8.jar
2025-01-13 16:31:42,612 [AetherRepositoryConnector-maven.vie.sst.stp-0-3] INFO  o.e.m.c.i.e.AbstractTransferListenerAdapter - Downloaded http://maven.vie.sst.stp/content/groups/approved/org/springframework/boot/spring-boot-starter-test/3.2.8/spring-boot-starter-test-3.2.8.jar
2025-01-13 16:31:42,780 [AetherRepositoryConnector-maven.vie.sst.stp-0-4] INFO  o.e.m.c.i.e.AbstractTransferListenerAdapter - Downloaded http://maven.vie.sst.stp/content/groups/approved/org/springframework/boot/spring-boot/3.2.8/spring-boot-3.2.8.jar
2025-01-13 16:31:42,901 [AetherRepositoryConnector-maven.vie.sst.stp-0-3] INFO  o.e.m.c.i.e.AbstractTransferListenerAdapter - Downloading http://maven.vie.sst.stp/content/groups/approved/org/springframework/boot/spring-boot-test-autoconfigure/3.2.8/spring-boot-test-autoconfigure-3.2.8.jar
2025-01-13 16:31:43,001 [AetherRepositoryConnector-maven.vie.sst.stp-0-1] INFO  o.e.m.c.i.e.AbstractTransferListenerAdapter - Downloaded http://maven.vie.sst.stp/content/groups/approved/org/springframework/boot/spring-boot-test/3.2.8/spring-boot-test-3.2.8.jar
2025-01-13 16:31:43,035 [AetherRepositoryConnector-maven.vie.sst.stp-0-4] INFO  o.e.m.c.i.e.AbstractTransferListenerAdapter - Downloading http://maven.vie.sst.stp/content/groups/approved/org/assertj/assertj-core/3.24.2/assertj-core-3.24.2.jar
2025-01-13 16:31:43,162 [AetherRepositoryConnector-maven.vie.sst.stp-0-3] INFO  o.e.m.c.i.e.AbstractTransferListenerAdapter - Downloaded http://maven.vie.sst.stp/content/groups/approved/org/springframework/boot/spring-boot-test-autoconfigure/3.2.8/spring-boot-test-autoconfigure-3.2.8.jar
2025-01-13 16:31:43,179 [AetherRepositoryConnector-maven.vie.sst.stp-0-2] INFO  o.e.m.c.i.e.AbstractTransferListenerAdapter - Downloaded http://maven.vie.sst.stp/content/groups/approved/org/postgresql/postgresql/42.6.2/postgresql-42.6.2.jar
2025-01-13 16:31:43,258 [AetherRepositoryConnector-maven.vie.sst.stp-0-1] INFO  o.e.m.c.i.e.AbstractTransferListenerAdapter - Downloading http://maven.vie.sst.stp/content/groups/approved/org/awaitility/awaitility/4.2.1/awaitility-4.2.1.jar
2025-01-13 16:31:43,411 [AetherRepositoryConnector-maven.vie.sst.stp-0-3] INFO  o.e.m.c.i.e.AbstractTransferListenerAdapter - Downloading http://maven.vie.sst.stp/content/groups/approved/org/junit/jupiter/junit-jupiter/5.10.3/junit-jupiter-5.10.3.jar
2025-01-13 16:31:43,427 [AetherRepositoryConnector-maven.vie.sst.stp-0-2] INFO  o.e.m.c.i.e.AbstractTransferListenerAdapter - Downloading http://maven.vie.sst.stp/content/groups/approved/org/junit/jupiter/junit-jupiter-api/5.10.3/junit-jupiter-api-5.10.3.jar
2025-01-13 16:31:43,517 [AetherRepositoryConnector-maven.vie.sst.stp-0-1] INFO  o.e.m.c.i.e.AbstractTransferListenerAdapter - Downloaded http://maven.vie.sst.stp/content/groups/approved/org/awaitility/awaitility/4.2.1/awaitility-4.2.1.jar
2025-01-13 16:31:43,534 [AetherRepositoryConnector-maven.vie.sst.stp-0-0] INFO  o.e.m.c.i.e.AbstractTransferListenerAdapter - Downloaded http://maven.vie.sst.stp/content/groups/approved/org/springframework/boot/spring-boot-autoconfigure/3.2.8/spring-boot-autoconfigure-3.2.8.jar
2025-01-13 16:31:43,602 [AetherRepositoryConnector-maven.vie.sst.stp-0-3] INFO  o.e.m.c.i.e.AbstractTransferListenerAdapter - Downloaded http://maven.vie.sst.stp/content/groups/approved/org/junit/jupiter/junit-jupiter/5.10.3/junit-jupiter-5.10.3.jar
2025-01-13 16:31:43,698 [AetherRepositoryConnector-maven.vie.sst.stp-0-1] INFO  o.e.m.c.i.e.AbstractTransferListenerAdapter - Downloading http://maven.vie.sst.stp/content/groups/approved/org/junit/platform/junit-platform-commons/1.10.3/junit-platform-commons-1.10.3.jar
2025-01-13 16:31:43,784 [AetherRepositoryConnector-maven.vie.sst.stp-0-0] INFO  o.e.m.c.i.e.AbstractTransferListenerAdapter - Downloading http://maven.vie.sst.stp/content/groups/approved/org/junit/jupiter/junit-jupiter-params/5.10.3/junit-jupiter-params-5.10.3.jar
2025-01-13 16:31:43,789 [AetherRepositoryConnector-maven.vie.sst.stp-0-3] INFO  o.e.m.c.i.e.AbstractTransferListenerAdapter - Downloading http://maven.vie.sst.stp/content/groups/approved/org/junit/jupiter/junit-jupiter-engine/5.10.3/junit-jupiter-engine-5.10.3.jar
2025-01-13 16:31:43,790 [AetherRepositoryConnector-maven.vie.sst.stp-0-2] INFO  o.e.m.c.i.e.AbstractTransferListenerAdapter - Downloaded http://maven.vie.sst.stp/content/groups/approved/org/junit/jupiter/junit-jupiter-api/5.10.3/junit-jupiter-api-5.10.3.jar
2025-01-13 16:31:43,954 [AetherRepositoryConnector-maven.vie.sst.stp-0-1] INFO  o.e.m.c.i.e.AbstractTransferListenerAdapter - Downloaded http://maven.vie.sst.stp/content/groups/approved/org/junit/platform/junit-platform-commons/1.10.3/junit-platform-commons-1.10.3.jar
2025-01-13 16:31:43,970 [AetherRepositoryConnector-maven.vie.sst.stp-0-2] INFO  o.e.m.c.i.e.AbstractTransferListenerAdapter - Downloading http://maven.vie.sst.stp/content/groups/approved/org/junit/platform/junit-platform-engine/1.10.3/junit-platform-engine-1.10.3.jar
2025-01-13 16:31:44,149 [AetherRepositoryConnector-maven.vie.sst.stp-0-3] INFO  o.e.m.c.i.e.AbstractTransferListenerAdapter - Downloaded http://maven.vie.sst.stp/content/groups/approved/org/junit/jupiter/junit-jupiter-engine/5.10.3/junit-jupiter-engine-5.10.3.jar
2025-01-13 16:31:44,206 [AetherRepositoryConnector-maven.vie.sst.stp-0-1] INFO  o.e.m.c.i.e.AbstractTransferListenerAdapter - Downloading http://maven.vie.sst.stp/content/groups/approved/org/mockito/mockito-core/5.7.0/mockito-core-5.7.0.jar
2025-01-13 16:31:44,328 [AetherRepositoryConnector-maven.vie.sst.stp-0-0] INFO  o.e.m.c.i.e.AbstractTransferListenerAdapter - Downloaded http://maven.vie.sst.stp/content/groups/approved/org/junit/jupiter/junit-jupiter-params/5.10.3/junit-jupiter-params-5.10.3.jar
2025-01-13 16:31:44,339 [AetherRepositoryConnector-maven.vie.sst.stp-0-4] INFO  o.e.m.c.i.e.AbstractTransferListenerAdapter - Downloaded http://maven.vie.sst.stp/content/groups/approved/org/assertj/assertj-core/3.24.2/assertj-core-3.24.2.jar
2025-01-13 16:31:44,400 [AetherRepositoryConnector-maven.vie.sst.stp-0-2] INFO  o.e.m.c.i.e.AbstractTransferListenerAdapter - Downloaded http://maven.vie.sst.stp/content/groups/approved/org/junit/platform/junit-platform-engine/1.10.3/junit-platform-engine-1.10.3.jar
2025-01-13 16:31:44,475 [AetherRepositoryConnector-maven.vie.sst.stp-0-3] INFO  o.e.m.c.i.e.AbstractTransferListenerAdapter - Downloading http://maven.vie.sst.stp/content/groups/approved/net/bytebuddy/byte-buddy-agent/1.14.18/byte-buddy-agent-1.14.18.jar
2025-01-13 16:31:44,586 [AetherRepositoryConnector-maven.vie.sst.stp-0-0] INFO  o.e.m.c.i.e.AbstractTransferListenerAdapter - Downloading http://maven.vie.sst.stp/content/groups/approved/org/mockito/mockito-junit-jupiter/5.7.0/mockito-junit-jupiter-5.7.0.jar
2025-01-13 16:31:44,592 [AetherRepositoryConnector-maven.vie.sst.stp-0-4] INFO  o.e.m.c.i.e.AbstractTransferListenerAdapter - Downloading http://maven.vie.sst.stp/content/groups/approved/org/springframework/spring-core/6.1.11/spring-core-6.1.11.jar
2025-01-13 16:31:44,655 [AetherRepositoryConnector-maven.vie.sst.stp-0-2] INFO  o.e.m.c.i.e.AbstractTransferListenerAdapter - Downloading http://maven.vie.sst.stp/content/groups/approved/org/springframework/spring-jcl/6.1.11/spring-jcl-6.1.11.jar
2025-01-13 16:31:44,853 [AetherRepositoryConnector-maven.vie.sst.stp-0-0] INFO  o.e.m.c.i.e.AbstractTransferListenerAdapter - Downloaded http://maven.vie.sst.stp/content/groups/approved/org/mockito/mockito-junit-jupiter/5.7.0/mockito-junit-jupiter-5.7.0.jar
2025-01-13 16:31:44,910 [AetherRepositoryConnector-maven.vie.sst.stp-0-3] INFO  o.e.m.c.i.e.AbstractTransferListenerAdapter - Downloaded http://maven.vie.sst.stp/content/groups/approved/net/bytebuddy/byte-buddy-agent/1.14.18/byte-buddy-agent-1.14.18.jar
2025-01-13 16:31:44,910 [AetherRepositoryConnector-maven.vie.sst.stp-0-2] INFO  o.e.m.c.i.e.AbstractTransferListenerAdapter - Downloaded http://maven.vie.sst.stp/content/groups/approved/org/springframework/spring-jcl/6.1.11/spring-jcl-6.1.11.jar
2025-01-13 16:31:44,993 [AetherRepositoryConnector-maven.vie.sst.stp-0-1] INFO  o.e.m.c.i.e.AbstractTransferListenerAdapter - Downloaded http://maven.vie.sst.stp/content/groups/approved/org/mockito/mockito-core/5.7.0/mockito-core-5.7.0.jar
2025-01-13 16:31:45,087 [AetherRepositoryConnector-maven.vie.sst.stp-0-2] INFO  o.e.m.c.i.e.AbstractTransferListenerAdapter - Downloading http://maven.vie.sst.stp/content/groups/approved/javax/validation/validation-api/2.0.1.Final/validation-api-2.0.1.Final.jar
2025-01-13 16:31:45,110 [AetherRepositoryConnector-maven.vie.sst.stp-0-0] INFO  o.e.m.c.i.e.AbstractTransferListenerAdapter - Downloading http://maven.vie.sst.stp/content/groups/approved/org/springframework/spring-test/6.1.11/spring-test-6.1.11.jar
2025-01-13 16:31:45,162 [AetherRepositoryConnector-maven.vie.sst.stp-0-3] INFO  o.e.m.c.i.e.AbstractTransferListenerAdapter - Downloading http://maven.vie.sst.stp/content/groups/approved/org/projectlombok/lombok/1.18.34/lombok-1.18.34.jar
2025-01-13 16:31:45,274 [AetherRepositoryConnector-maven.vie.sst.stp-0-2] INFO  o.e.m.c.i.e.AbstractTransferListenerAdapter - Downloaded http://maven.vie.sst.stp/content/groups/approved/javax/validation/validation-api/2.0.1.Final/validation-api-2.0.1.Final.jar
2025-01-13 16:31:46,079 [AetherRepositoryConnector-maven.vie.sst.stp-0-0] INFO  o.e.m.c.i.e.AbstractTransferListenerAdapter - Downloaded http://maven.vie.sst.stp/content/groups/approved/org/springframework/spring-test/6.1.11/spring-test-6.1.11.jar
2025-01-13 16:31:46,271 [AetherRepositoryConnector-maven.vie.sst.stp-0-4] INFO  o.e.m.c.i.e.AbstractTransferListenerAdapter - Downloaded http://maven.vie.sst.stp/content/groups/approved/org/springframework/spring-core/6.1.11/spring-core-6.1.11.jar
2025-01-13 16:31:47,359 [AetherRepositoryConnector-maven.vie.sst.stp-0-3] INFO  o.e.m.c.i.e.AbstractTransferListenerAdapter - Downloaded http://maven.vie.sst.stp/content/groups/approved/org/projectlombok/lombok/1.18.34/lombok-1.18.34.jar
2025-01-13 16:31:53,356 [Worker-3: Building] INFO  o.e.m.c.i.e.AbstractTransferListenerAdapter - Downloading http://maven.vie.sst.stp/content/groups/approved/org/springframework/boot/spring-boot-maven-plugin/3.2.8/spring-boot-maven-plugin-3.2.8.pom
2025-01-13 16:31:53,614 [Worker-3: Building] INFO  o.e.m.c.i.e.AbstractTransferListenerAdapter - Downloaded http://maven.vie.sst.stp/content/groups/approved/org/springframework/boot/spring-boot-maven-plugin/3.2.8/spring-boot-maven-plugin-3.2.8.pom
2025-01-13 16:31:53,876 [Worker-3: Building] INFO  o.e.m.c.i.e.AbstractTransferListenerAdapter - Downloading http://maven.vie.sst.stp/content/groups/approved/org/springframework/boot/spring-boot-maven-plugin/3.2.8/spring-boot-maven-plugin-3.2.8.jar
2025-01-13 16:31:54,652 [Worker-3: Building] INFO  o.e.m.c.i.e.AbstractTransferListenerAdapter - Downloaded http://maven.vie.sst.stp/content/groups/approved/org/springframework/boot/spring-boot-maven-plugin/3.2.8/spring-boot-maven-plugin-3.2.8.jar
2025-01-13 16:31:54,943 [Worker-3: Building] INFO  o.e.m.c.i.e.AbstractTransferListenerAdapter - Downloading http://maven.vie.sst.stp/content/groups/approved/org/apache/maven/plugins/maven-compiler-plugin/3.11.0/maven-compiler-plugin-3.11.0.pom
2025-01-13 16:31:55,132 [Worker-3: Building] INFO  o.e.m.c.i.e.AbstractTransferListenerAdapter - Downloaded http://maven.vie.sst.stp/content/groups/approved/org/apache/maven/plugins/maven-compiler-plugin/3.11.0/maven-compiler-plugin-3.11.0.pom
2025-01-13 16:31:55,324 [Worker-3: Building] INFO  o.e.m.c.i.e.AbstractTransferListenerAdapter - Downloading http://maven.vie.sst.stp/content/groups/approved/org/apache/maven/plugins/maven-compiler-plugin/3.11.0/maven-compiler-plugin-3.11.0.jar
2025-01-13 16:31:55,512 [Worker-3: Building] INFO  o.e.m.c.i.e.AbstractTransferListenerAdapter - Downloaded http://maven.vie.sst.stp/content/groups/approved/org/apache/maven/plugins/maven-compiler-plugin/3.11.0/maven-compiler-plugin-3.11.0.jar
2025-01-13 16:31:55,777 [Worker-3: Building] INFO  o.e.m.c.i.e.AbstractTransferListenerAdapter - Downloading http://maven.vie.sst.stp/content/groups/approved/org/apache/maven/plugins/maven-jar-plugin/3.3.0/maven-jar-plugin-3.3.0.pom
2025-01-13 16:31:55,973 [Worker-3: Building] INFO  o.e.m.c.i.e.AbstractTransferListenerAdapter - Downloaded http://maven.vie.sst.stp/content/groups/approved/org/apache/maven/plugins/maven-jar-plugin/3.3.0/maven-jar-plugin-3.3.0.pom
2025-01-13 16:31:56,186 [Worker-3: Building] INFO  o.e.m.c.i.e.AbstractTransferListenerAdapter - Downloading http://maven.vie.sst.stp/content/groups/approved/org/apache/maven/plugins/maven-plugins/37/maven-plugins-37.pom
2025-01-13 16:31:56,380 [Worker-3: Building] INFO  o.e.m.c.i.e.AbstractTransferListenerAdapter - Downloaded http://maven.vie.sst.stp/content/groups/approved/org/apache/maven/plugins/maven-plugins/37/maven-plugins-37.pom
2025-01-13 16:31:56,551 [Worker-3: Building] INFO  o.a.m.s.f.DefaultMavenResourcesFiltering - Copying 1 resource from src\main\resources to target\classes
2025-01-13 16:31:56,574 [Worker-3: Building] INFO  o.a.m.s.f.DefaultMavenResourcesFiltering - Copying 0 resource from src\main\resources to target\classes
2025-01-13 16:31:56,579 [Worker-3: Building] INFO  o.a.m.s.f.DefaultMavenResourcesFiltering - skip non existing resourceDirectory C:\Users\awaikar\Documents\Self_Study\AdminManagementWorkSpace\sst-admin-management-backend\src\test\resources
2025-01-13 16:31:56,945 [Worker-3: Building] INFO  o.e.m.c.i.e.AbstractTransferListenerAdapter - Downloading http://maven.vie.sst.stp/content/groups/approved/org/apache/maven/plugins/maven-surefire-plugin/3.1.2/maven-surefire-plugin-3.1.2.pom
2025-01-13 16:31:57,134 [Worker-3: Building] INFO  o.e.m.c.i.e.AbstractTransferListenerAdapter - Downloaded http://maven.vie.sst.stp/content/groups/approved/org/apache/maven/plugins/maven-surefire-plugin/3.1.2/maven-surefire-plugin-3.1.2.pom
2025-01-13 16:31:57,321 [Worker-3: Building] INFO  o.e.m.c.i.e.AbstractTransferListenerAdapter - Downloading http://maven.vie.sst.stp/content/groups/approved/org/apache/maven/surefire/surefire/3.1.2/surefire-3.1.2.pom
2025-01-13 16:31:57,680 [Worker-3: Building] INFO  o.e.m.c.i.e.AbstractTransferListenerAdapter - Downloaded http://maven.vie.sst.stp/content/groups/approved/org/apache/maven/surefire/surefire/3.1.2/surefire-3.1.2.pom
2025-01-13 16:31:57,872 [Worker-3: Building] INFO  o.e.m.c.i.e.AbstractTransferListenerAdapter - Downloading http://maven.vie.sst.stp/content/groups/approved/org/apache/maven/plugins/maven-surefire-plugin/3.1.2/maven-surefire-plugin-3.1.2.jar
2025-01-13 16:31:58,252 [Worker-3: Building] INFO  o.e.m.c.i.e.AbstractTransferListenerAdapter - Downloaded http://maven.vie.sst.stp/content/groups/approved/org/apache/maven/plugins/maven-surefire-plugin/3.1.2/maven-surefire-plugin-3.1.2.jar
2025-01-13 16:31:58,766 [Worker-3: Building] INFO  o.e.m.c.i.e.AbstractTransferListenerAdapter - Downloading http://maven.vie.sst.stp/content/groups/approved/org/apache/maven/maven-archiver/3.6.0/maven-archiver-3.6.0.pom
2025-01-13 16:31:58,958 [Worker-3: Building] INFO  o.e.m.c.i.e.AbstractTransferListenerAdapter - Downloaded http://maven.vie.sst.stp/content/groups/approved/org/apache/maven/maven-archiver/3.6.0/maven-archiver-3.6.0.pom
2025-01-13 16:31:59,153 [Worker-3: Building] INFO  o.e.m.c.i.e.AbstractTransferListenerAdapter - Downloading http://maven.vie.sst.stp/content/groups/approved/org/codehaus/plexus/plexus-io/3.4.0/plexus-io-3.4.0.pom
2025-01-13 16:31:59,613 [Worker-3: Building] INFO  o.e.m.c.i.e.AbstractTransferListenerAdapter - Downloaded http://maven.vie.sst.stp/content/groups/approved/org/codehaus/plexus/plexus-io/3.4.0/plexus-io-3.4.0.pom
2025-01-13 16:31:59,809 [Worker-3: Building] INFO  o.e.m.c.i.e.AbstractTransferListenerAdapter - Downloading http://maven.vie.sst.stp/content/groups/approved/org/codehaus/plexus/plexus-archiver/4.4.0/plexus-archiver-4.4.0.pom
2025-01-13 16:32:00,044 [Worker-3: Building] INFO  o.e.m.c.i.e.AbstractTransferListenerAdapter - Downloaded http://maven.vie.sst.stp/content/groups/approved/org/codehaus/plexus/plexus-archiver/4.4.0/plexus-archiver-4.4.0.pom
2025-01-13 16:32:00,236 [Worker-3: Building] INFO  o.e.m.c.i.e.AbstractTransferListenerAdapter - Downloading http://maven.vie.sst.stp/content/groups/approved/org/apache/commons/commons-compress/1.21/commons-compress-1.21.pom
2025-01-13 16:32:00,599 [Worker-3: Building] INFO  o.e.m.c.i.e.AbstractTransferListenerAdapter - Downloaded http://maven.vie.sst.stp/content/groups/approved/org/apache/commons/commons-compress/1.21/commons-compress-1.21.pom
2025-01-13 16:32:00,828 [Worker-3: Building] INFO  o.e.m.c.i.e.AbstractTransferListenerAdapter - Downloading http://maven.vie.sst.stp/content/groups/approved/org/codehaus/plexus/plexus-utils/3.4.2/plexus-utils-3.4.2.pom
2025-01-13 16:32:01,031 [Worker-3: Building] INFO  o.e.m.c.i.e.AbstractTransferListenerAdapter - Downloaded http://maven.vie.sst.stp/content/groups/approved/org/codehaus/plexus/plexus-utils/3.4.2/plexus-utils-3.4.2.pom
2025-01-13 16:32:01,229 [AetherRepositoryConnector-maven.vie.sst.stp-1-0] INFO  o.e.m.c.i.e.AbstractTransferListenerAdapter - Downloading http://maven.vie.sst.stp/content/groups/approved/org/apache/maven/maven-archiver/3.6.0/maven-archiver-3.6.0.jar
2025-01-13 16:32:01,405 [AetherRepositoryConnector-maven.vie.sst.stp-1-1] INFO  o.e.m.c.i.e.AbstractTransferListenerAdapter - Downloading http://maven.vie.sst.stp/content/groups/approved/org/codehaus/plexus/plexus-io/3.4.0/plexus-io-3.4.0.jar
2025-01-13 16:32:01,420 [AetherRepositoryConnector-maven.vie.sst.stp-1-3] INFO  o.e.m.c.i.e.AbstractTransferListenerAdapter - Downloading http://maven.vie.sst.stp/content/groups/approved/org/apache/commons/commons-compress/1.21/commons-compress-1.21.jar
2025-01-13 16:32:01,420 [AetherRepositoryConnector-maven.vie.sst.stp-1-4] INFO  o.e.m.c.i.e.AbstractTransferListenerAdapter - Downloading http://maven.vie.sst.stp/content/groups/approved/org/codehaus/plexus/plexus-utils/3.4.2/plexus-utils-3.4.2.jar
2025-01-13 16:32:01,426 [AetherRepositoryConnector-maven.vie.sst.stp-1-0] INFO  o.e.m.c.i.e.AbstractTransferListenerAdapter - Downloaded http://maven.vie.sst.stp/content/groups/approved/org/apache/maven/maven-archiver/3.6.0/maven-archiver-3.6.0.jar
2025-01-13 16:32:01,534 [AetherRepositoryConnector-maven.vie.sst.stp-1-2] INFO  o.e.m.c.i.e.AbstractTransferListenerAdapter - Downloading http://maven.vie.sst.stp/content/groups/approved/org/codehaus/plexus/plexus-archiver/4.4.0/plexus-archiver-4.4.0.jar
2025-01-13 16:32:02,011 [AetherRepositoryConnector-maven.vie.sst.stp-1-1] INFO  o.e.m.c.i.e.AbstractTransferListenerAdapter - Downloaded http://maven.vie.sst.stp/content/groups/approved/org/codehaus/plexus/plexus-io/3.4.0/plexus-io-3.4.0.jar
2025-01-13 16:32:02,313 [AetherRepositoryConnector-maven.vie.sst.stp-1-4] INFO  o.e.m.c.i.e.AbstractTransferListenerAdapter - Downloaded http://maven.vie.sst.stp/content/groups/approved/org/codehaus/plexus/plexus-utils/3.4.2/plexus-utils-3.4.2.jar
2025-01-13 16:32:02,531 [AetherRepositoryConnector-maven.vie.sst.stp-1-2] INFO  o.e.m.c.i.e.AbstractTransferListenerAdapter - Downloaded http://maven.vie.sst.stp/content/groups/approved/org/codehaus/plexus/plexus-archiver/4.4.0/plexus-archiver-4.4.0.jar
2025-01-13 16:32:03,013 [AetherRepositoryConnector-maven.vie.sst.stp-1-3] INFO  o.e.m.c.i.e.AbstractTransferListenerAdapter - Downloaded http://maven.vie.sst.stp/content/groups/approved/org/apache/commons/commons-compress/1.21/commons-compress-1.21.jar
2025-01-13 16:32:35,913 [Worker-11: Updating Maven Project] INFO  o.e.m.c.i.p.ProjectConfigurationManager - Update started
2025-01-13 16:32:37,510 [Worker-11: Updating Maven Project] INFO  o.e.m.c.i.e.AbstractTransferListenerAdapter - Downloading http://maven.vie.sst.stp/content/groups/approved/org/apache/maven/plugins/maven-clean-plugin/3.3.2/maven-clean-plugin-3.3.2.jar
2025-01-13 16:32:37,874 [Worker-11: Updating Maven Project] INFO  o.e.m.c.i.e.AbstractTransferListenerAdapter - Downloaded http://maven.vie.sst.stp/content/groups/approved/org/apache/maven/plugins/maven-clean-plugin/3.3.2/maven-clean-plugin-3.3.2.jar
2025-01-13 16:32:38,163 [Worker-11: Updating Maven Project] INFO  o.e.m.c.i.e.AbstractTransferListenerAdapter - Downloading http://maven.vie.sst.stp/content/groups/approved/org/apache/maven/plugins/maven-install-plugin/3.1.2/maven-install-plugin-3.1.2.jar
2025-01-13 16:32:38,359 [Worker-11: Updating Maven Project] INFO  o.e.m.c.i.e.AbstractTransferListenerAdapter - Downloaded http://maven.vie.sst.stp/content/groups/approved/org/apache/maven/plugins/maven-install-plugin/3.1.2/maven-install-plugin-3.1.2.jar
2025-01-13 16:32:38,614 [Worker-11: Updating Maven Project] INFO  o.e.m.c.i.e.AbstractTransferListenerAdapter - Downloading http://maven.vie.sst.stp/content/groups/approved/org/apache/maven/plugins/maven-deploy-plugin/3.1.2/maven-deploy-plugin-3.1.2.jar
2025-01-13 16:32:38,818 [Worker-11: Updating Maven Project] INFO  o.e.m.c.i.e.AbstractTransferListenerAdapter - Downloaded http://maven.vie.sst.stp/content/groups/approved/org/apache/maven/plugins/maven-deploy-plugin/3.1.2/maven-deploy-plugin-3.1.2.jar
2025-01-13 16:32:39,455 [Worker-11: Updating Maven Project] INFO  o.e.m.c.i.e.AbstractTransferListenerAdapter - Downloading http://maven.vie.sst.stp/content/groups/approved/org/codehaus/plexus/plexus-java/1.1.2/plexus-java-1.1.2.pom
2025-01-13 16:32:39,716 [Worker-11: Updating Maven Project] INFO  o.e.m.c.i.e.AbstractTransferListenerAdapter - Downloaded http://maven.vie.sst.stp/content/groups/approved/org/codehaus/plexus/plexus-java/1.1.2/plexus-java-1.1.2.pom
2025-01-13 16:32:39,904 [Worker-11: Updating Maven Project] INFO  o.e.m.c.i.e.AbstractTransferListenerAdapter - Downloading http://maven.vie.sst.stp/content/groups/approved/org/codehaus/plexus/plexus-languages/1.1.2/plexus-languages-1.1.2.pom
2025-01-13 16:32:40,226 [Worker-11: Updating Maven Project] INFO  o.e.m.c.i.e.AbstractTransferListenerAdapter - Downloaded http://maven.vie.sst.stp/content/groups/approved/org/codehaus/plexus/plexus-languages/1.1.2/plexus-languages-1.1.2.pom
2025-01-13 16:32:40,414 [Worker-11: Updating Maven Project] INFO  o.e.m.c.i.e.AbstractTransferListenerAdapter - Downloading http://maven.vie.sst.stp/content/groups/approved/org/ow2/asm/asm/9.4/asm-9.4.pom
2025-01-13 16:32:40,600 [Worker-11: Updating Maven Project] INFO  o.e.m.c.i.e.AbstractTransferListenerAdapter - Downloaded http://maven.vie.sst.stp/content/groups/approved/org/ow2/asm/asm/9.4/asm-9.4.pom
2025-01-13 16:32:40,919 [Worker-11: Updating Maven Project] INFO  o.e.m.c.i.e.AbstractTransferListenerAdapter - Downloading http://maven.vie.sst.stp/content/groups/approved/org/codehaus/plexus/plexus-compiler-api/2.13.0/plexus-compiler-api-2.13.0.pom
2025-01-13 16:32:41,147 [Worker-11: Updating Maven Project] INFO  o.e.m.c.i.e.AbstractTransferListenerAdapter - Downloaded http://maven.vie.sst.stp/content/groups/approved/org/codehaus/plexus/plexus-compiler-api/2.13.0/plexus-compiler-api-2.13.0.pom
2025-01-13 16:32:41,404 [Worker-11: Updating Maven Project] INFO  o.e.m.c.i.e.AbstractTransferListenerAdapter - Downloading http://maven.vie.sst.stp/content/groups/approved/org/codehaus/plexus/plexus-compiler/2.13.0/plexus-compiler-2.13.0.pom
2025-01-13 16:32:41,704 [Worker-11: Updating Maven Project] INFO  o.e.m.c.i.e.AbstractTransferListenerAdapter - Downloaded http://maven.vie.sst.stp/content/groups/approved/org/codehaus/plexus/plexus-compiler/2.13.0/plexus-compiler-2.13.0.pom
2025-01-13 16:32:41,965 [Worker-11: Updating Maven Project] INFO  o.e.m.c.i.e.AbstractTransferListenerAdapter - Downloading http://maven.vie.sst.stp/content/groups/approved/org/codehaus/plexus/plexus-components/10.0/plexus-components-10.0.pom
2025-01-13 16:32:42,285 [Worker-11: Updating Maven Project] INFO  o.e.m.c.i.e.AbstractTransferListenerAdapter - Downloaded http://maven.vie.sst.stp/content/groups/approved/org/codehaus/plexus/plexus-components/10.0/plexus-components-10.0.pom
2025-01-13 16:32:42,591 [Worker-11: Updating Maven Project] INFO  o.e.m.c.i.e.AbstractTransferListenerAdapter - Downloading http://maven.vie.sst.stp/content/groups/approved/org/codehaus/plexus/plexus-compiler-manager/2.13.0/plexus-compiler-manager-2.13.0.pom
2025-01-13 16:32:42,853 [Worker-11: Updating Maven Project] INFO  o.e.m.c.i.e.AbstractTransferListenerAdapter - Downloaded http://maven.vie.sst.stp/content/groups/approved/org/codehaus/plexus/plexus-compiler-manager/2.13.0/plexus-compiler-manager-2.13.0.pom
2025-01-13 16:32:43,039 [Worker-11: Updating Maven Project] INFO  o.e.m.c.i.e.AbstractTransferListenerAdapter - Downloading http://maven.vie.sst.stp/content/groups/approved/org/codehaus/plexus/plexus-component-annotations/2.1.1/plexus-component-annotations-2.1.1.pom
2025-01-13 16:32:43,225 [Worker-11: Updating Maven Project] INFO  o.e.m.c.i.e.AbstractTransferListenerAdapter - Downloaded http://maven.vie.sst.stp/content/groups/approved/org/codehaus/plexus/plexus-component-annotations/2.1.1/plexus-component-annotations-2.1.1.pom
2025-01-13 16:32:43,508 [Worker-11: Updating Maven Project] INFO  o.e.m.c.i.e.AbstractTransferListenerAdapter - Downloading http://maven.vie.sst.stp/content/groups/approved/org/codehaus/plexus/plexus-containers/2.1.1/plexus-containers-2.1.1.pom
2025-01-13 16:32:43,761 [Worker-11: Updating Maven Project] INFO  o.e.m.c.i.e.AbstractTransferListenerAdapter - Downloaded http://maven.vie.sst.stp/content/groups/approved/org/codehaus/plexus/plexus-containers/2.1.1/plexus-containers-2.1.1.pom
2025-01-13 16:32:43,948 [Worker-11: Updating Maven Project] INFO  o.e.m.c.i.e.AbstractTransferListenerAdapter - Downloading http://maven.vie.sst.stp/content/groups/approved/org/codehaus/plexus/plexus/6.5/plexus-6.5.pom
2025-01-13 16:32:44,304 [Worker-11: Updating Maven Project] INFO  o.e.m.c.i.e.AbstractTransferListenerAdapter - Downloaded http://maven.vie.sst.stp/content/groups/approved/org/codehaus/plexus/plexus/6.5/plexus-6.5.pom
2025-01-13 16:32:44,606 [Worker-11: Updating Maven Project] INFO  o.e.m.c.i.e.AbstractTransferListenerAdapter - Downloading http://maven.vie.sst.stp/content/groups/approved/org/codehaus/plexus/plexus-compiler-javac/2.13.0/plexus-compiler-javac-2.13.0.pom
2025-01-13 16:32:44,911 [Worker-11: Updating Maven Project] INFO  o.e.m.c.i.e.AbstractTransferListenerAdapter - Downloaded http://maven.vie.sst.stp/content/groups/approved/org/codehaus/plexus/plexus-compiler-javac/2.13.0/plexus-compiler-javac-2.13.0.pom
2025-01-13 16:32:45,214 [Worker-11: Updating Maven Project] INFO  o.e.m.c.i.e.AbstractTransferListenerAdapter - Downloading http://maven.vie.sst.stp/content/groups/approved/org/codehaus/plexus/plexus-compilers/2.13.0/plexus-compilers-2.13.0.pom
2025-01-13 16:32:45,523 [Worker-11: Updating Maven Project] INFO  o.e.m.c.i.e.AbstractTransferListenerAdapter - Downloaded http://maven.vie.sst.stp/content/groups/approved/org/codehaus/plexus/plexus-compilers/2.13.0/plexus-compilers-2.13.0.pom
2025-01-13 16:32:45,713 [AetherRepositoryConnector-maven.vie.sst.stp-2-0] INFO  o.e.m.c.i.e.AbstractTransferListenerAdapter - Downloading http://maven.vie.sst.stp/content/groups/approved/org/codehaus/plexus/plexus-java/1.1.2/plexus-java-1.1.2.jar
2025-01-13 16:32:45,890 [AetherRepositoryConnector-maven.vie.sst.stp-2-1] INFO  o.e.m.c.i.e.AbstractTransferListenerAdapter - Downloading http://maven.vie.sst.stp/content/groups/approved/org/ow2/asm/asm/9.4/asm-9.4.jar
2025-01-13 16:32:45,894 [AetherRepositoryConnector-maven.vie.sst.stp-2-3] INFO  o.e.m.c.i.e.AbstractTransferListenerAdapter - Downloading http://maven.vie.sst.stp/content/groups/approved/org/codehaus/plexus/plexus-utils/3.5.0/plexus-utils-3.5.0.jar
2025-01-13 16:32:46,009 [AetherRepositoryConnector-maven.vie.sst.stp-2-4] INFO  o.e.m.c.i.e.AbstractTransferListenerAdapter - Downloading http://maven.vie.sst.stp/content/groups/approved/org/codehaus/plexus/plexus-compiler-manager/2.13.0/plexus-compiler-manager-2.13.0.jar
2025-01-13 16:32:46,074 [AetherRepositoryConnector-maven.vie.sst.stp-2-0] INFO  o.e.m.c.i.e.AbstractTransferListenerAdapter - Downloaded http://maven.vie.sst.stp/content/groups/approved/org/codehaus/plexus/plexus-java/1.1.2/plexus-java-1.1.2.jar
2025-01-13 16:32:46,092 [AetherRepositoryConnector-maven.vie.sst.stp-2-2] INFO  o.e.m.c.i.e.AbstractTransferListenerAdapter - Downloading http://maven.vie.sst.stp/content/groups/approved/org/codehaus/plexus/plexus-compiler-api/2.13.0/plexus-compiler-api-2.13.0.jar
2025-01-13 16:32:46,312 [AetherRepositoryConnector-maven.vie.sst.stp-2-4] INFO  o.e.m.c.i.e.AbstractTransferListenerAdapter - Downloaded http://maven.vie.sst.stp/content/groups/approved/org/codehaus/plexus/plexus-compiler-manager/2.13.0/plexus-compiler-manager-2.13.0.jar
2025-01-13 16:32:46,443 [AetherRepositoryConnector-maven.vie.sst.stp-2-0] INFO  o.e.m.c.i.e.AbstractTransferListenerAdapter - Downloading http://maven.vie.sst.stp/content/groups/approved/org/codehaus/plexus/plexus-compiler-javac/2.13.0/plexus-compiler-javac-2.13.0.jar
2025-01-13 16:32:46,571 [AetherRepositoryConnector-maven.vie.sst.stp-2-2] INFO  o.e.m.c.i.e.AbstractTransferListenerAdapter - Downloaded http://maven.vie.sst.stp/content/groups/approved/org/codehaus/plexus/plexus-compiler-api/2.13.0/plexus-compiler-api-2.13.0.jar
2025-01-13 16:32:46,591 [AetherRepositoryConnector-maven.vie.sst.stp-2-1] INFO  o.e.m.c.i.e.AbstractTransferListenerAdapter - Downloaded http://maven.vie.sst.stp/content/groups/approved/org/ow2/asm/asm/9.4/asm-9.4.jar
2025-01-13 16:32:46,745 [AetherRepositoryConnector-maven.vie.sst.stp-2-0] INFO  o.e.m.c.i.e.AbstractTransferListenerAdapter - Downloaded http://maven.vie.sst.stp/content/groups/approved/org/codehaus/plexus/plexus-compiler-javac/2.13.0/plexus-compiler-javac-2.13.0.jar
2025-01-13 16:32:46,882 [AetherRepositoryConnector-maven.vie.sst.stp-2-3] INFO  o.e.m.c.i.e.AbstractTransferListenerAdapter - Downloaded http://maven.vie.sst.stp/content/groups/approved/org/codehaus/plexus/plexus-utils/3.5.0/plexus-utils-3.5.0.jar
2025-01-13 16:32:47,324 [Worker-11: Updating Maven Project] INFO  o.e.m.c.i.l.LifecycleMappingFactory - Using org.eclipse.m2e.jdt.JarLifecycleMapping lifecycle mapping for MavenProject: com.smartstream.admin.management:sst-admin-management:0.0.1-SNAPSHOT @ C:\Users\awaikar\Documents\Self_Study\AdminManagementWorkSpace\sst-admin-management-backend\pom.xml.
2025-01-13 16:32:48,371 [Worker-11: Updating Maven Project] INFO  o.e.m.j.i.AbstractJavaProjectConfigurator - Adding source folder /sst-admin-management-backend/src/main/java
2025-01-13 16:32:48,371 [Worker-11: Updating Maven Project] INFO  o.e.m.j.i.AbstractJavaProjectConfigurator - Adding resource folder /sst-admin-management-backend/src/main/resources
2025-01-13 16:32:48,372 [Worker-11: Updating Maven Project] INFO  o.e.m.j.i.AbstractJavaProjectConfigurator - Adding resource folder /sst-admin-management-backend/src/main/resources
2025-01-13 16:32:48,373 [Worker-11: Updating Maven Project] INFO  o.e.m.j.i.AbstractJavaProjectConfigurator - Adding source folder /sst-admin-management-backend/src/test/java
2025-01-13 16:32:49,413 [Worker-11: Updating Maven Project] INFO  o.e.m.c.i.p.ProjectConfigurationManager - Update completed: 13 sec
2025-01-13 16:32:50,044 [Worker-1: Download sources and javadoc] INFO  o.e.m.c.i.e.AbstractTransferListenerAdapter - Downloading http://maven.vie.sst.stp/content/groups/approved/org/springframework/boot/spring-boot-starter-data-jpa/3.2.8/spring-boot-starter-data-jpa-3.2.8-sources.jar
2025-01-13 16:32:50,305 [Worker-1: Download sources and javadoc] INFO  o.e.m.c.i.e.AbstractTransferListenerAdapter - Downloaded http://maven.vie.sst.stp/content/groups/approved/org/springframework/boot/spring-boot-starter-data-jpa/3.2.8/spring-boot-starter-data-jpa-3.2.8-sources.jar
2025-01-13 16:32:50,402 [Worker-1: Download sources and javadoc] INFO  o.e.m.j.internal.DownloadSourcesJob - Downloaded sources for org.springframework.boot:spring-boot-starter-data-jpa:3.2.8
2025-01-13 16:32:50,844 [Worker-1: Download sources and javadoc] INFO  o.e.m.c.i.e.AbstractTransferListenerAdapter - Downloading http://maven.vie.sst.stp/content/groups/approved/org/springframework/boot/spring-boot-starter-aop/3.2.8/spring-boot-starter-aop-3.2.8-sources.jar
2025-01-13 16:32:51,106 [Worker-1: Download sources and javadoc] INFO  o.e.m.c.i.e.AbstractTransferListenerAdapter - Downloaded http://maven.vie.sst.stp/content/groups/approved/org/springframework/boot/spring-boot-starter-aop/3.2.8/spring-boot-starter-aop-3.2.8-sources.jar
2025-01-13 16:32:51,206 [Worker-1: Download sources and javadoc] INFO  o.e.m.j.internal.DownloadSourcesJob - Downloaded sources for org.springframework.boot:spring-boot-starter-aop:3.2.8
2025-01-13 16:32:51,654 [Worker-1: Download sources and javadoc] INFO  o.e.m.c.i.e.AbstractTransferListenerAdapter - Downloading http://maven.vie.sst.stp/content/groups/approved/org/springframework/spring-aop/6.1.11/spring-aop-6.1.11-sources.jar
2025-01-13 16:32:52,783 [Worker-1: Download sources and javadoc] INFO  o.e.m.c.i.e.AbstractTransferListenerAdapter - Downloaded http://maven.vie.sst.stp/content/groups/approved/org/springframework/spring-aop/6.1.11/spring-aop-6.1.11-sources.jar
2025-01-13 16:32:52,849 [Worker-1: Download sources and javadoc] INFO  o.e.m.j.internal.DownloadSourcesJob - Downloaded sources for org.springframework:spring-aop:6.1.11
2025-01-13 16:32:53,280 [Worker-1: Download sources and javadoc] INFO  o.e.m.c.i.e.AbstractTransferListenerAdapter - Downloading http://maven.vie.sst.stp/content/groups/approved/org/springframework/boot/spring-boot-starter-jdbc/3.2.8/spring-boot-starter-jdbc-3.2.8-sources.jar
2025-01-13 16:32:53,538 [Worker-1: Download sources and javadoc] INFO  o.e.m.c.i.e.AbstractTransferListenerAdapter - Downloaded http://maven.vie.sst.stp/content/groups/approved/org/springframework/boot/spring-boot-starter-jdbc/3.2.8/spring-boot-starter-jdbc-3.2.8-sources.jar
2025-01-13 16:32:53,616 [Worker-1: Download sources and javadoc] INFO  o.e.m.j.internal.DownloadSourcesJob - Downloaded sources for org.springframework.boot:spring-boot-starter-jdbc:3.2.8
2025-01-13 16:32:54,052 [Worker-1: Download sources and javadoc] INFO  o.e.m.c.i.e.AbstractTransferListenerAdapter - Downloading http://maven.vie.sst.stp/content/groups/approved/com/zaxxer/HikariCP/5.0.1/HikariCP-5.0.1-sources.jar
2025-01-13 16:32:54,489 [Worker-9: Building] INFO  o.a.m.s.f.DefaultMavenResourcesFiltering - Copying 1 resource from src\main\resources to target\classes
2025-01-13 16:32:54,522 [Worker-9: Building] INFO  o.a.m.s.f.DefaultMavenResourcesFiltering - Copying 0 resource from src\main\resources to target\classes
2025-01-13 16:32:54,526 [Worker-9: Building] INFO  o.a.m.s.f.DefaultMavenResourcesFiltering - skip non existing resourceDirectory C:\Users\awaikar\Documents\Self_Study\AdminManagementWorkSpace\sst-admin-management-backend\src\test\resources
2025-01-13 16:32:55,005 [Worker-1: Download sources and javadoc] INFO  o.e.m.c.i.e.AbstractTransferListenerAdapter - Downloaded http://maven.vie.sst.stp/content/groups/approved/com/zaxxer/HikariCP/5.0.1/HikariCP-5.0.1-sources.jar
2025-01-13 16:32:55,163 [Worker-1: Download sources and javadoc] INFO  o.e.m.j.internal.DownloadSourcesJob - Downloaded sources for com.zaxxer:HikariCP:5.0.1
2025-01-13 16:32:55,601 [Worker-1: Download sources and javadoc] INFO  o.e.m.c.i.e.AbstractTransferListenerAdapter - Downloading http://maven.vie.sst.stp/content/groups/approved/org/springframework/spring-jdbc/6.1.11/spring-jdbc-6.1.11-sources.jar
2025-01-13 16:32:56,725 [Worker-1: Download sources and javadoc] INFO  o.e.m.c.i.e.AbstractTransferListenerAdapter - Downloaded http://maven.vie.sst.stp/content/groups/approved/org/springframework/spring-jdbc/6.1.11/spring-jdbc-6.1.11-sources.jar
2025-01-13 16:32:56,779 [Worker-1: Download sources and javadoc] INFO  o.e.m.j.internal.DownloadSourcesJob - Downloaded sources for org.springframework:spring-jdbc:6.1.11
2025-01-13 16:32:57,227 [Worker-1: Download sources and javadoc] INFO  o.e.m.c.i.e.AbstractTransferListenerAdapter - Downloading http://maven.vie.sst.stp/content/groups/approved/org/hibernate/orm/hibernate-core/6.4.9.Final/hibernate-core-6.4.9.Final-sources.jar
2025-01-13 16:33:03,559 [Worker-1: Download sources and javadoc] INFO  o.e.m.c.i.e.AbstractTransferListenerAdapter - Downloaded http://maven.vie.sst.stp/content/groups/approved/org/hibernate/orm/hibernate-core/6.4.9.Final/hibernate-core-6.4.9.Final-sources.jar
2025-01-13 16:33:03,619 [Worker-1: Download sources and javadoc] INFO  o.e.m.j.internal.DownloadSourcesJob - Downloaded sources for org.hibernate.orm:hibernate-core:6.4.9.Final
2025-01-13 16:33:04,056 [Worker-1: Download sources and javadoc] INFO  o.e.m.c.i.e.AbstractTransferListenerAdapter - Downloading http://maven.vie.sst.stp/content/groups/approved/org/jboss/logging/jboss-logging/3.5.3.Final/jboss-logging-3.5.3.Final-sources.jar
2025-01-13 16:33:04,658 [Worker-1: Download sources and javadoc] INFO  o.e.m.c.i.e.AbstractTransferListenerAdapter - Downloaded http://maven.vie.sst.stp/content/groups/approved/org/jboss/logging/jboss-logging/3.5.3.Final/jboss-logging-3.5.3.Final-sources.jar
2025-01-13 16:33:04,714 [Worker-1: Download sources and javadoc] INFO  o.e.m.j.internal.DownloadSourcesJob - Downloaded sources for org.jboss.logging:jboss-logging:3.5.3.Final
2025-01-13 16:33:05,150 [Worker-1: Download sources and javadoc] INFO  o.e.m.c.i.e.AbstractTransferListenerAdapter - Downloading http://maven.vie.sst.stp/content/groups/approved/org/hibernate/common/hibernate-commons-annotations/6.0.6.Final/hibernate-commons-annotations-6.0.6.Final-sources.jar
2025-01-13 16:33:05,752 [Worker-1: Download sources and javadoc] INFO  o.e.m.c.i.e.AbstractTransferListenerAdapter - Downloaded http://maven.vie.sst.stp/content/groups/approved/org/hibernate/common/hibernate-commons-annotations/6.0.6.Final/hibernate-commons-annotations-6.0.6.Final-sources.jar
2025-01-13 16:33:05,838 [Worker-1: Download sources and javadoc] INFO  o.e.m.j.internal.DownloadSourcesJob - Downloaded sources for org.hibernate.common:hibernate-commons-annotations:6.0.6.Final
2025-01-13 16:33:06,278 [Worker-1: Download sources and javadoc] INFO  o.e.m.c.i.e.AbstractTransferListenerAdapter - Downloading http://maven.vie.sst.stp/content/groups/approved/io/smallrye/jandex/3.1.2/jandex-3.1.2-sources.jar
2025-01-13 16:33:07,065 [Worker-1: Download sources and javadoc] INFO  o.e.m.c.i.e.AbstractTransferListenerAdapter - Downloaded http://maven.vie.sst.stp/content/groups/approved/io/smallrye/jandex/3.1.2/jandex-3.1.2-sources.jar
2025-01-13 16:33:07,156 [Worker-1: Download sources and javadoc] INFO  o.e.m.j.internal.DownloadSourcesJob - Downloaded sources for io.smallrye:jandex:3.1.2
2025-01-13 16:33:07,595 [Worker-1: Download sources and javadoc] INFO  o.e.m.c.i.e.AbstractTransferListenerAdapter - Downloading http://maven.vie.sst.stp/content/groups/approved/com/fasterxml/classmate/1.6.0/classmate-1.6.0-sources.jar
2025-01-13 16:33:08,200 [Worker-1: Download sources and javadoc] INFO  o.e.m.c.i.e.AbstractTransferListenerAdapter - Downloaded http://maven.vie.sst.stp/content/groups/approved/com/fasterxml/classmate/1.6.0/classmate-1.6.0-sources.jar
2025-01-13 16:33:08,261 [Worker-1: Download sources and javadoc] INFO  o.e.m.j.internal.DownloadSourcesJob - Downloaded sources for com.fasterxml:classmate:1.6.0
2025-01-13 16:33:08,701 [Worker-1: Download sources and javadoc] INFO  o.e.m.c.i.e.AbstractTransferListenerAdapter - Downloading http://maven.vie.sst.stp/content/groups/approved/net/bytebuddy/byte-buddy/1.14.18/byte-buddy-1.14.18-sources.jar
2025-01-13 16:33:10,537 [Worker-1: Download sources and javadoc] INFO  o.e.m.c.i.e.AbstractTransferListenerAdapter - Downloaded http://maven.vie.sst.stp/content/groups/approved/net/bytebuddy/byte-buddy/1.14.18/byte-buddy-1.14.18-sources.jar
2025-01-13 16:33:10,598 [Worker-1: Download sources and javadoc] INFO  o.e.m.j.internal.DownloadSourcesJob - Downloaded sources for net.bytebuddy:byte-buddy:1.14.18
2025-01-13 16:33:11,035 [Worker-1: Download sources and javadoc] INFO  o.e.m.c.i.e.AbstractTransferListenerAdapter - Downloading http://maven.vie.sst.stp/content/groups/approved/org/springframework/data/spring-data-jpa/3.2.8/spring-data-jpa-3.2.8-sources.jar
2025-01-13 16:33:12,175 [Worker-1: Download sources and javadoc] INFO  o.e.m.c.i.e.AbstractTransferListenerAdapter - Downloaded http://maven.vie.sst.stp/content/groups/approved/org/springframework/data/spring-data-jpa/3.2.8/spring-data-jpa-3.2.8-sources.jar
2025-01-13 16:33:12,249 [Worker-1: Download sources and javadoc] INFO  o.e.m.j.internal.DownloadSourcesJob - Downloaded sources for org.springframework.data:spring-data-jpa:3.2.8
2025-01-13 16:33:12,688 [Worker-1: Download sources and javadoc] INFO  o.e.m.c.i.e.AbstractTransferListenerAdapter - Downloading http://maven.vie.sst.stp/content/groups/approved/org/springframework/data/spring-data-commons/3.2.8/spring-data-commons-3.2.8-sources.jar
2025-01-13 16:33:14,167 [Worker-1: Download sources and javadoc] INFO  o.e.m.c.i.e.AbstractTransferListenerAdapter - Downloaded http://maven.vie.sst.stp/content/groups/approved/org/springframework/data/spring-data-commons/3.2.8/spring-data-commons-3.2.8-sources.jar
2025-01-13 16:33:14,273 [Worker-1: Download sources and javadoc] INFO  o.e.m.j.internal.DownloadSourcesJob - Downloaded sources for org.springframework.data:spring-data-commons:3.2.8
2025-01-13 16:33:14,717 [Worker-1: Download sources and javadoc] INFO  o.e.m.c.i.e.AbstractTransferListenerAdapter - Downloading http://maven.vie.sst.stp/content/groups/approved/org/springframework/spring-orm/6.1.11/spring-orm-6.1.11-sources.jar
2025-01-13 16:33:15,503 [Worker-1: Download sources and javadoc] INFO  o.e.m.c.i.e.AbstractTransferListenerAdapter - Downloaded http://maven.vie.sst.stp/content/groups/approved/org/springframework/spring-orm/6.1.11/spring-orm-6.1.11-sources.jar
2025-01-13 16:33:15,562 [Worker-1: Download sources and javadoc] INFO  o.e.m.j.internal.DownloadSourcesJob - Downloaded sources for org.springframework:spring-orm:6.1.11
2025-01-13 16:33:16,002 [Worker-1: Download sources and javadoc] INFO  o.e.m.c.i.e.AbstractTransferListenerAdapter - Downloading http://maven.vie.sst.stp/content/groups/approved/org/springframework/spring-context/6.1.11/spring-context-6.1.11-sources.jar
2025-01-13 16:33:17,495 [Worker-1: Download sources and javadoc] INFO  o.e.m.c.i.e.AbstractTransferListenerAdapter - Downloaded http://maven.vie.sst.stp/content/groups/approved/org/springframework/spring-context/6.1.11/spring-context-6.1.11-sources.jar
2025-01-13 16:33:17,551 [Worker-1: Download sources and javadoc] INFO  o.e.m.j.internal.DownloadSourcesJob - Downloaded sources for org.springframework:spring-context:6.1.11
2025-01-13 16:33:17,989 [Worker-1: Download sources and javadoc] INFO  o.e.m.c.i.e.AbstractTransferListenerAdapter - Downloading http://maven.vie.sst.stp/content/groups/approved/org/springframework/spring-tx/6.1.11/spring-tx-6.1.11-sources.jar
2025-01-13 16:33:18,953 [Worker-1: Download sources and javadoc] INFO  o.e.m.c.i.e.AbstractTransferListenerAdapter - Downloaded http://maven.vie.sst.stp/content/groups/approved/org/springframework/spring-tx/6.1.11/spring-tx-6.1.11-sources.jar
2025-01-13 16:33:19,021 [Worker-1: Download sources and javadoc] INFO  o.e.m.j.internal.DownloadSourcesJob - Downloaded sources for org.springframework:spring-tx:6.1.11
2025-01-13 16:33:19,466 [Worker-1: Download sources and javadoc] INFO  o.e.m.c.i.e.AbstractTransferListenerAdapter - Downloading http://maven.vie.sst.stp/content/groups/approved/org/springframework/spring-beans/6.1.11/spring-beans-6.1.11-sources.jar
2025-01-13 16:33:20,767 [Worker-1: Download sources and javadoc] INFO  o.e.m.c.i.e.AbstractTransferListenerAdapter - Downloaded http://maven.vie.sst.stp/content/groups/approved/org/springframework/spring-beans/6.1.11/spring-beans-6.1.11-sources.jar
2025-01-13 16:33:20,828 [Worker-1: Download sources and javadoc] INFO  o.e.m.j.internal.DownloadSourcesJob - Downloaded sources for org.springframework:spring-beans:6.1.11
2025-01-13 16:33:21,264 [Worker-1: Download sources and javadoc] INFO  o.e.m.c.i.e.AbstractTransferListenerAdapter - Downloading http://maven.vie.sst.stp/content/groups/approved/org/slf4j/slf4j-api/2.0.13/slf4j-api-2.0.13-sources.jar
2025-01-13 16:33:21,869 [Worker-1: Download sources and javadoc] INFO  o.e.m.c.i.e.AbstractTransferListenerAdapter - Downloaded http://maven.vie.sst.stp/content/groups/approved/org/slf4j/slf4j-api/2.0.13/slf4j-api-2.0.13-sources.jar
2025-01-13 16:33:21,934 [Worker-1: Download sources and javadoc] INFO  o.e.m.j.internal.DownloadSourcesJob - Downloaded sources for org.slf4j:slf4j-api:2.0.13
2025-01-13 16:33:22,373 [Worker-1: Download sources and javadoc] INFO  o.e.m.c.i.e.AbstractTransferListenerAdapter - Downloading http://maven.vie.sst.stp/content/groups/approved/org/springframework/spring-aspects/6.1.11/spring-aspects-6.1.11-sources.jar
2025-01-13 16:33:22,806 [Worker-1: Download sources and javadoc] INFO  o.e.m.c.i.e.AbstractTransferListenerAdapter - Downloaded http://maven.vie.sst.stp/content/groups/approved/org/springframework/spring-aspects/6.1.11/spring-aspects-6.1.11-sources.jar
2025-01-13 16:33:22,870 [Worker-1: Download sources and javadoc] INFO  o.e.m.j.internal.DownloadSourcesJob - Downloaded sources for org.springframework:spring-aspects:6.1.11
2025-01-13 16:33:23,304 [Worker-1: Download sources and javadoc] INFO  o.e.m.c.i.e.AbstractTransferListenerAdapter - Downloading http://maven.vie.sst.stp/content/groups/approved/org/springframework/boot/spring-boot-starter-web/3.2.8/spring-boot-starter-web-3.2.8-sources.jar
2025-01-13 16:33:23,567 [Worker-1: Download sources and javadoc] INFO  o.e.m.c.i.e.AbstractTransferListenerAdapter - Downloaded http://maven.vie.sst.stp/content/groups/approved/org/springframework/boot/spring-boot-starter-web/3.2.8/spring-boot-starter-web-3.2.8-sources.jar
2025-01-13 16:33:23,630 [Worker-1: Download sources and javadoc] INFO  o.e.m.j.internal.DownloadSourcesJob - Downloaded sources for org.springframework.boot:spring-boot-starter-web:3.2.8
2025-01-13 16:33:24,062 [Worker-1: Download sources and javadoc] INFO  o.e.m.c.i.e.AbstractTransferListenerAdapter - Downloading http://maven.vie.sst.stp/content/groups/approved/org/springframework/boot/spring-boot-starter/3.2.8/spring-boot-starter-3.2.8-sources.jar
2025-01-13 16:33:24,322 [Worker-1: Download sources and javadoc] INFO  o.e.m.c.i.e.AbstractTransferListenerAdapter - Downloaded http://maven.vie.sst.stp/content/groups/approved/org/springframework/boot/spring-boot-starter/3.2.8/spring-boot-starter-3.2.8-sources.jar
2025-01-13 16:33:24,391 [Worker-1: Download sources and javadoc] INFO  o.e.m.j.internal.DownloadSourcesJob - Downloaded sources for org.springframework.boot:spring-boot-starter:3.2.8
2025-01-13 16:33:24,835 [Worker-1: Download sources and javadoc] INFO  o.e.m.c.i.e.AbstractTransferListenerAdapter - Downloading http://maven.vie.sst.stp/content/groups/approved/org/springframework/boot/spring-boot-starter-logging/3.2.8/spring-boot-starter-logging-3.2.8-sources.jar
2025-01-13 16:33:25,092 [Worker-1: Download sources and javadoc] INFO  o.e.m.c.i.e.AbstractTransferListenerAdapter - Downloaded http://maven.vie.sst.stp/content/groups/approved/org/springframework/boot/spring-boot-starter-logging/3.2.8/spring-boot-starter-logging-3.2.8-sources.jar
2025-01-13 16:33:25,208 [Worker-1: Download sources and javadoc] INFO  o.e.m.j.internal.DownloadSourcesJob - Downloaded sources for org.springframework.boot:spring-boot-starter-logging:3.2.8
2025-01-13 16:33:25,650 [Worker-1: Download sources and javadoc] INFO  o.e.m.c.i.e.AbstractTransferListenerAdapter - Downloading http://maven.vie.sst.stp/content/groups/approved/ch/qos/logback/logback-classic/1.4.14/logback-classic-1.4.14-sources.jar
2025-01-13 16:33:26,607 [Worker-1: Download sources and javadoc] INFO  o.e.m.c.i.e.AbstractTransferListenerAdapter - Downloaded http://maven.vie.sst.stp/content/groups/approved/ch/qos/logback/logback-classic/1.4.14/logback-classic-1.4.14-sources.jar
2025-01-13 16:33:26,704 [Worker-1: Download sources and javadoc] INFO  o.e.m.j.internal.DownloadSourcesJob - Downloaded sources for ch.qos.logback:logback-classic:1.4.14
2025-01-13 16:33:27,148 [Worker-1: Download sources and javadoc] INFO  o.e.m.c.i.e.AbstractTransferListenerAdapter - Downloading http://maven.vie.sst.stp/content/groups/approved/ch/qos/logback/logback-core/1.4.14/logback-core-1.4.14-sources.jar
2025-01-13 16:33:28,280 [Worker-1: Download sources and javadoc] INFO  o.e.m.c.i.e.AbstractTransferListenerAdapter - Downloaded http://maven.vie.sst.stp/content/groups/approved/ch/qos/logback/logback-core/1.4.14/logback-core-1.4.14-sources.jar
2025-01-13 16:33:28,334 [Worker-1: Download sources and javadoc] INFO  o.e.m.j.internal.DownloadSourcesJob - Downloaded sources for ch.qos.logback:logback-core:1.4.14
2025-01-13 16:33:28,700 [Worker-1: Download sources and javadoc] INFO  o.e.m.c.i.e.AbstractTransferListenerAdapter - Downloading http://maven.vie.sst.stp/content/groups/approved/org/apache/logging/log4j/log4j-to-slf4j/2.21.1/log4j-to-slf4j-2.21.1-sources.jar
2025-01-13 16:33:29,062 [Worker-1: Download sources and javadoc] INFO  o.e.m.c.i.e.AbstractTransferListenerAdapter - Downloaded http://maven.vie.sst.stp/content/groups/approved/org/apache/logging/log4j/log4j-to-slf4j/2.21.1/log4j-to-slf4j-2.21.1-sources.jar
2025-01-13 16:33:29,123 [Worker-1: Download sources and javadoc] INFO  o.e.m.j.internal.DownloadSourcesJob - Downloaded sources for org.apache.logging.log4j:log4j-to-slf4j:2.21.1
2025-01-13 16:33:29,494 [Worker-1: Download sources and javadoc] INFO  o.e.m.c.i.e.AbstractTransferListenerAdapter - Downloading http://maven.vie.sst.stp/content/groups/approved/org/apache/logging/log4j/log4j-api/2.21.1/log4j-api-2.21.1-sources.jar
2025-01-13 16:33:30,371 [Worker-1: Download sources and javadoc] INFO  o.e.m.c.i.e.AbstractTransferListenerAdapter - Downloaded http://maven.vie.sst.stp/content/groups/approved/org/apache/logging/log4j/log4j-api/2.21.1/log4j-api-2.21.1-sources.jar
2025-01-13 16:33:30,433 [Worker-1: Download sources and javadoc] INFO  o.e.m.j.internal.DownloadSourcesJob - Downloaded sources for org.apache.logging.log4j:log4j-api:2.21.1
2025-01-13 16:33:30,866 [Worker-1: Download sources and javadoc] INFO  o.e.m.c.i.e.AbstractTransferListenerAdapter - Downloading http://maven.vie.sst.stp/content/groups/approved/org/slf4j/jul-to-slf4j/2.0.13/jul-to-slf4j-2.0.13-sources.jar
2025-01-13 16:33:31,124 [Worker-1: Download sources and javadoc] INFO  o.e.m.c.i.e.AbstractTransferListenerAdapter - Downloaded http://maven.vie.sst.stp/content/groups/approved/org/slf4j/jul-to-slf4j/2.0.13/jul-to-slf4j-2.0.13-sources.jar
2025-01-13 16:33:31,186 [Worker-1: Download sources and javadoc] INFO  o.e.m.j.internal.DownloadSourcesJob - Downloaded sources for org.slf4j:jul-to-slf4j:2.0.13
2025-01-13 16:33:31,626 [Worker-1: Download sources and javadoc] INFO  o.e.m.c.i.e.AbstractTransferListenerAdapter - Downloading http://maven.vie.sst.stp/content/groups/approved/org/yaml/snakeyaml/2.2/snakeyaml-2.2-sources.jar
2025-01-13 16:33:32,570 [Worker-1: Download sources and javadoc] INFO  o.e.m.c.i.e.AbstractTransferListenerAdapter - Downloaded http://maven.vie.sst.stp/content/groups/approved/org/yaml/snakeyaml/2.2/snakeyaml-2.2-sources.jar
2025-01-13 16:33:32,648 [Worker-1: Download sources and javadoc] INFO  o.e.m.j.internal.DownloadSourcesJob - Downloaded sources for org.yaml:snakeyaml:2.2
2025-01-13 16:33:33,086 [Worker-1: Download sources and javadoc] INFO  o.e.m.c.i.e.AbstractTransferListenerAdapter - Downloading http://maven.vie.sst.stp/content/groups/approved/org/springframework/boot/spring-boot-starter-json/3.2.8/spring-boot-starter-json-3.2.8-sources.jar
2025-01-13 16:33:33,352 [Worker-1: Download sources and javadoc] INFO  o.e.m.c.i.e.AbstractTransferListenerAdapter - Downloaded http://maven.vie.sst.stp/content/groups/approved/org/springframework/boot/spring-boot-starter-json/3.2.8/spring-boot-starter-json-3.2.8-sources.jar
2025-01-13 16:33:33,439 [Worker-1: Download sources and javadoc] INFO  o.e.m.j.internal.DownloadSourcesJob - Downloaded sources for org.springframework.boot:spring-boot-starter-json:3.2.8
2025-01-13 16:33:33,883 [Worker-1: Download sources and javadoc] INFO  o.e.m.c.i.e.AbstractTransferListenerAdapter - Downloading http://maven.vie.sst.stp/content/groups/approved/com/fasterxml/jackson/core/jackson-databind/2.15.4/jackson-databind-2.15.4-sources.jar
2025-01-13 16:33:35,584 [Worker-1: Download sources and javadoc] INFO  o.e.m.c.i.e.AbstractTransferListenerAdapter - Downloaded http://maven.vie.sst.stp/content/groups/approved/com/fasterxml/jackson/core/jackson-databind/2.15.4/jackson-databind-2.15.4-sources.jar
2025-01-13 16:33:35,653 [Worker-1: Download sources and javadoc] INFO  o.e.m.j.internal.DownloadSourcesJob - Downloaded sources for com.fasterxml.jackson.core:jackson-databind:2.15.4
2025-01-13 16:33:36,089 [Worker-1: Download sources and javadoc] INFO  o.e.m.c.i.e.AbstractTransferListenerAdapter - Downloading http://maven.vie.sst.stp/content/groups/approved/com/fasterxml/jackson/core/jackson-annotations/2.15.4/jackson-annotations-2.15.4-sources.jar
2025-01-13 16:33:36,694 [Worker-1: Download sources and javadoc] INFO  o.e.m.c.i.e.AbstractTransferListenerAdapter - Downloaded http://maven.vie.sst.stp/content/groups/approved/com/fasterxml/jackson/core/jackson-annotations/2.15.4/jackson-annotations-2.15.4-sources.jar
2025-01-13 16:33:36,816 [Worker-1: Download sources and javadoc] INFO  o.e.m.j.internal.DownloadSourcesJob - Downloaded sources for com.fasterxml.jackson.core:jackson-annotations:2.15.4
2025-01-13 16:33:37,250 [Worker-1: Download sources and javadoc] INFO  o.e.m.c.i.e.AbstractTransferListenerAdapter - Downloading http://maven.vie.sst.stp/content/groups/approved/com/fasterxml/jackson/core/jackson-core/2.15.4/jackson-core-2.15.4-sources.jar
2025-01-13 16:33:38,373 [Worker-1: Download sources and javadoc] INFO  o.e.m.c.i.e.AbstractTransferListenerAdapter - Downloaded http://maven.vie.sst.stp/content/groups/approved/com/fasterxml/jackson/core/jackson-core/2.15.4/jackson-core-2.15.4-sources.jar
2025-01-13 16:33:38,427 [Worker-1: Download sources and javadoc] INFO  o.e.m.j.internal.DownloadSourcesJob - Downloaded sources for com.fasterxml.jackson.core:jackson-core:2.15.4
2025-01-13 16:33:38,868 [Worker-1: Download sources and javadoc] INFO  o.e.m.c.i.e.AbstractTransferListenerAdapter - Downloading http://maven.vie.sst.stp/content/groups/approved/com/fasterxml/jackson/datatype/jackson-datatype-jdk8/2.15.4/jackson-datatype-jdk8-2.15.4-sources.jar
2025-01-13 16:33:39,310 [Worker-1: Download sources and javadoc] INFO  o.e.m.c.i.e.AbstractTransferListenerAdapter - Downloaded http://maven.vie.sst.stp/content/groups/approved/com/fasterxml/jackson/datatype/jackson-datatype-jdk8/2.15.4/jackson-datatype-jdk8-2.15.4-sources.jar
2025-01-13 16:33:39,365 [Worker-1: Download sources and javadoc] INFO  o.e.m.j.internal.DownloadSourcesJob - Downloaded sources for com.fasterxml.jackson.datatype:jackson-datatype-jdk8:2.15.4
2025-01-13 16:33:39,804 [Worker-1: Download sources and javadoc] INFO  o.e.m.c.i.e.AbstractTransferListenerAdapter - Downloading http://maven.vie.sst.stp/content/groups/approved/com/fasterxml/jackson/datatype/jackson-datatype-jsr310/2.15.4/jackson-datatype-jsr310-2.15.4-sources.jar
2025-01-13 16:33:40,403 [Worker-1: Download sources and javadoc] INFO  o.e.m.c.i.e.AbstractTransferListenerAdapter - Downloaded http://maven.vie.sst.stp/content/groups/approved/com/fasterxml/jackson/datatype/jackson-datatype-jsr310/2.15.4/jackson-datatype-jsr310-2.15.4-sources.jar
2025-01-13 16:33:40,460 [Worker-1: Download sources and javadoc] INFO  o.e.m.j.internal.DownloadSourcesJob - Downloaded sources for com.fasterxml.jackson.datatype:jackson-datatype-jsr310:2.15.4
2025-01-13 16:33:40,891 [Worker-1: Download sources and javadoc] INFO  o.e.m.c.i.e.AbstractTransferListenerAdapter - Downloading http://maven.vie.sst.stp/content/groups/approved/com/fasterxml/jackson/module/jackson-module-parameter-names/2.15.4/jackson-module-parameter-names-2.15.4-sources.jar
2025-01-13 16:33:41,149 [Worker-1: Download sources and javadoc] INFO  o.e.m.c.i.e.AbstractTransferListenerAdapter - Downloaded http://maven.vie.sst.stp/content/groups/approved/com/fasterxml/jackson/module/jackson-module-parameter-names/2.15.4/jackson-module-parameter-names-2.15.4-sources.jar
2025-01-13 16:33:41,207 [Worker-1: Download sources and javadoc] INFO  o.e.m.j.internal.DownloadSourcesJob - Downloaded sources for com.fasterxml.jackson.module:jackson-module-parameter-names:2.15.4
2025-01-13 16:33:41,638 [Worker-1: Download sources and javadoc] INFO  o.e.m.c.i.e.AbstractTransferListenerAdapter - Downloading http://maven.vie.sst.stp/content/groups/approved/org/springframework/boot/spring-boot-starter-tomcat/3.2.8/spring-boot-starter-tomcat-3.2.8-sources.jar
2025-01-13 16:33:41,899 [Worker-1: Download sources and javadoc] INFO  o.e.m.c.i.e.AbstractTransferListenerAdapter - Downloaded http://maven.vie.sst.stp/content/groups/approved/org/springframework/boot/spring-boot-starter-tomcat/3.2.8/spring-boot-starter-tomcat-3.2.8-sources.jar
2025-01-13 16:33:42,001 [Worker-1: Download sources and javadoc] INFO  o.e.m.j.internal.DownloadSourcesJob - Downloaded sources for org.springframework.boot:spring-boot-starter-tomcat:3.2.8
2025-01-13 16:33:42,369 [Worker-1: Download sources and javadoc] INFO  o.e.m.c.i.e.AbstractTransferListenerAdapter - Downloading http://maven.vie.sst.stp/content/groups/approved/org/apache/tomcat/embed/tomcat-embed-core/10.1.26/tomcat-embed-core-10.1.26-sources.jar
2025-01-13 16:33:45,703 [Worker-1: Download sources and javadoc] INFO  o.e.m.c.i.e.AbstractTransferListenerAdapter - Downloaded http://maven.vie.sst.stp/content/groups/approved/org/apache/tomcat/embed/tomcat-embed-core/10.1.26/tomcat-embed-core-10.1.26-sources.jar
2025-01-13 16:33:45,769 [Worker-1: Download sources and javadoc] INFO  o.e.m.j.internal.DownloadSourcesJob - Downloaded sources for org.apache.tomcat.embed:tomcat-embed-core:10.1.26
2025-01-13 16:33:46,136 [Worker-1: Download sources and javadoc] INFO  o.e.m.c.i.e.AbstractTransferListenerAdapter - Downloading http://maven.vie.sst.stp/content/groups/approved/org/apache/tomcat/embed/tomcat-embed-el/10.1.26/tomcat-embed-el-10.1.26-sources.jar
2025-01-13 16:33:47,018 [Worker-1: Download sources and javadoc] INFO  o.e.m.c.i.e.AbstractTransferListenerAdapter - Downloaded http://maven.vie.sst.stp/content/groups/approved/org/apache/tomcat/embed/tomcat-embed-el/10.1.26/tomcat-embed-el-10.1.26-sources.jar
2025-01-13 16:33:47,086 [Worker-1: Download sources and javadoc] INFO  o.e.m.j.internal.DownloadSourcesJob - Downloaded sources for org.apache.tomcat.embed:tomcat-embed-el:10.1.26
2025-01-13 16:33:47,449 [Worker-1: Download sources and javadoc] INFO  o.e.m.c.i.e.AbstractTransferListenerAdapter - Downloading http://maven.vie.sst.stp/content/groups/approved/org/apache/tomcat/embed/tomcat-embed-websocket/10.1.26/tomcat-embed-websocket-10.1.26-sources.jar
2025-01-13 16:33:48,373 [Worker-1: Download sources and javadoc] INFO  o.e.m.c.i.e.AbstractTransferListenerAdapter - Downloaded http://maven.vie.sst.stp/content/groups/approved/org/apache/tomcat/embed/tomcat-embed-websocket/10.1.26/tomcat-embed-websocket-10.1.26-sources.jar
2025-01-13 16:33:48,441 [Worker-1: Download sources and javadoc] INFO  o.e.m.j.internal.DownloadSourcesJob - Downloaded sources for org.apache.tomcat.embed:tomcat-embed-websocket:10.1.26
2025-01-13 16:33:48,881 [Worker-1: Download sources and javadoc] INFO  o.e.m.c.i.e.AbstractTransferListenerAdapter - Downloading http://maven.vie.sst.stp/content/groups/approved/org/springframework/spring-web/6.1.11/spring-web-6.1.11-sources.jar
2025-01-13 16:33:50,707 [Worker-1: Download sources and javadoc] INFO  o.e.m.c.i.e.AbstractTransferListenerAdapter - Downloaded http://maven.vie.sst.stp/content/groups/approved/org/springframework/spring-web/6.1.11/spring-web-6.1.11-sources.jar
2025-01-13 16:33:50,827 [Worker-1: Download sources and javadoc] INFO  o.e.m.j.internal.DownloadSourcesJob - Downloaded sources for org.springframework:spring-web:6.1.11
2025-01-13 16:33:51,312 [Worker-1: Download sources and javadoc] INFO  o.e.m.c.i.e.AbstractTransferListenerAdapter - Downloading http://maven.vie.sst.stp/content/groups/approved/io/micrometer/micrometer-observation/1.12.8/micrometer-observation-1.12.8-sources.jar
2025-01-13 16:33:51,931 [Worker-1: Download sources and javadoc] INFO  o.e.m.c.i.e.AbstractTransferListenerAdapter - Downloaded http://maven.vie.sst.stp/content/groups/approved/io/micrometer/micrometer-observation/1.12.8/micrometer-observation-1.12.8-sources.jar
2025-01-13 16:33:51,988 [Worker-1: Download sources and javadoc] INFO  o.e.m.j.internal.DownloadSourcesJob - Downloaded sources for io.micrometer:micrometer-observation:1.12.8
2025-01-13 16:33:52,421 [Worker-1: Download sources and javadoc] INFO  o.e.m.c.i.e.AbstractTransferListenerAdapter - Downloading http://maven.vie.sst.stp/content/groups/approved/io/micrometer/micrometer-commons/1.12.8/micrometer-commons-1.12.8-sources.jar
2025-01-13 16:33:53,019 [Worker-1: Download sources and javadoc] INFO  o.e.m.c.i.e.AbstractTransferListenerAdapter - Downloaded http://maven.vie.sst.stp/content/groups/approved/io/micrometer/micrometer-commons/1.12.8/micrometer-commons-1.12.8-sources.jar
2025-01-13 16:33:53,079 [Worker-1: Download sources and javadoc] INFO  o.e.m.j.internal.DownloadSourcesJob - Downloaded sources for io.micrometer:micrometer-commons:1.12.8
2025-01-13 16:33:53,512 [Worker-1: Download sources and javadoc] INFO  o.e.m.c.i.e.AbstractTransferListenerAdapter - Downloading http://maven.vie.sst.stp/content/groups/approved/org/springframework/spring-webmvc/6.1.11/spring-webmvc-6.1.11-sources.jar
2025-01-13 16:33:54,821 [Worker-1: Download sources and javadoc] INFO  o.e.m.c.i.e.AbstractTransferListenerAdapter - Downloaded http://maven.vie.sst.stp/content/groups/approved/org/springframework/spring-webmvc/6.1.11/spring-webmvc-6.1.11-sources.jar
2025-01-13 16:33:54,872 [Worker-1: Download sources and javadoc] INFO  o.e.m.j.internal.DownloadSourcesJob - Downloaded sources for org.springframework:spring-webmvc:6.1.11
2025-01-13 16:33:55,304 [Worker-1: Download sources and javadoc] INFO  o.e.m.c.i.e.AbstractTransferListenerAdapter - Downloading http://maven.vie.sst.stp/content/groups/approved/org/springframework/spring-expression/6.1.11/spring-expression-6.1.11-sources.jar
2025-01-13 16:33:56,261 [Worker-1: Download sources and javadoc] INFO  o.e.m.c.i.e.AbstractTransferListenerAdapter - Downloaded http://maven.vie.sst.stp/content/groups/approved/org/springframework/spring-expression/6.1.11/spring-expression-6.1.11-sources.jar
2025-01-13 16:33:56,319 [Worker-1: Download sources and javadoc] INFO  o.e.m.j.internal.DownloadSourcesJob - Downloaded sources for org.springframework:spring-expression:6.1.11
2025-01-13 16:33:56,754 [Worker-1: Download sources and javadoc] INFO  o.e.m.c.i.e.AbstractTransferListenerAdapter - Downloading http://maven.vie.sst.stp/content/groups/approved/org/springframework/boot/spring-boot-devtools/3.2.8/spring-boot-devtools-3.2.8-sources.jar
2025-01-13 16:33:57,535 [Worker-1: Download sources and javadoc] INFO  o.e.m.c.i.e.AbstractTransferListenerAdapter - Downloaded http://maven.vie.sst.stp/content/groups/approved/org/springframework/boot/spring-boot-devtools/3.2.8/spring-boot-devtools-3.2.8-sources.jar
2025-01-13 16:33:57,602 [Worker-1: Download sources and javadoc] INFO  o.e.m.j.internal.DownloadSourcesJob - Downloaded sources for org.springframework.boot:spring-boot-devtools:3.2.8
2025-01-13 16:33:58,038 [Worker-1: Download sources and javadoc] INFO  o.e.m.c.i.e.AbstractTransferListenerAdapter - Downloading http://maven.vie.sst.stp/content/groups/approved/org/springframework/boot/spring-boot/3.2.8/spring-boot-3.2.8-sources.jar
2025-01-13 16:33:59,694 [Worker-1: Download sources and javadoc] INFO  o.e.m.c.i.e.AbstractTransferListenerAdapter - Downloaded http://maven.vie.sst.stp/content/groups/approved/org/springframework/boot/spring-boot/3.2.8/spring-boot-3.2.8-sources.jar
2025-01-13 16:33:59,758 [Worker-1: Download sources and javadoc] INFO  o.e.m.j.internal.DownloadSourcesJob - Downloaded sources for org.springframework.boot:spring-boot:3.2.8
2025-01-13 16:34:00,191 [Worker-1: Download sources and javadoc] INFO  o.e.m.c.i.e.AbstractTransferListenerAdapter - Downloading http://maven.vie.sst.stp/content/groups/approved/org/springframework/boot/spring-boot-autoconfigure/3.2.8/spring-boot-autoconfigure-3.2.8-sources.jar
2025-01-13 16:34:01,840 [Worker-1: Download sources and javadoc] INFO  o.e.m.c.i.e.AbstractTransferListenerAdapter - Downloaded http://maven.vie.sst.stp/content/groups/approved/org/springframework/boot/spring-boot-autoconfigure/3.2.8/spring-boot-autoconfigure-3.2.8-sources.jar
2025-01-13 16:34:01,903 [Worker-1: Download sources and javadoc] INFO  o.e.m.j.internal.DownloadSourcesJob - Downloaded sources for org.springframework.boot:spring-boot-autoconfigure:3.2.8
2025-01-13 16:34:02,353 [Worker-1: Download sources and javadoc] INFO  o.e.m.c.i.e.AbstractTransferListenerAdapter - Downloading http://maven.vie.sst.stp/content/groups/approved/org/postgresql/postgresql/42.6.2/postgresql-42.6.2-sources.jar
2025-01-13 16:34:03,821 [Worker-1: Download sources and javadoc] INFO  o.e.m.c.i.e.AbstractTransferListenerAdapter - Downloaded http://maven.vie.sst.stp/content/groups/approved/org/postgresql/postgresql/42.6.2/postgresql-42.6.2-sources.jar
2025-01-13 16:34:03,897 [Worker-1: Download sources and javadoc] INFO  o.e.m.j.internal.DownloadSourcesJob - Downloaded sources for org.postgresql:postgresql:42.6.2
2025-01-13 16:34:04,334 [Worker-1: Download sources and javadoc] INFO  o.e.m.c.i.e.AbstractTransferListenerAdapter - Downloading http://maven.vie.sst.stp/content/groups/approved/org/checkerframework/checker-qual/3.31.0/checker-qual-3.31.0-sources.jar
2025-01-13 16:34:05,305 [Worker-1: Download sources and javadoc] INFO  o.e.m.c.i.e.AbstractTransferListenerAdapter - Downloaded http://maven.vie.sst.stp/content/groups/approved/org/checkerframework/checker-qual/3.31.0/checker-qual-3.31.0-sources.jar
2025-01-13 16:34:05,494 [Worker-1: Download sources and javadoc] INFO  o.e.m.j.internal.DownloadSourcesJob - Downloaded sources for org.checkerframework:checker-qual:3.31.0
2025-01-13 16:34:05,938 [Worker-1: Download sources and javadoc] INFO  o.e.m.c.i.e.AbstractTransferListenerAdapter - Downloading http://maven.vie.sst.stp/content/groups/approved/org/springframework/boot/spring-boot-starter-test/3.2.8/spring-boot-starter-test-3.2.8-sources.jar
2025-01-13 16:34:06,200 [Worker-1: Download sources and javadoc] INFO  o.e.m.c.i.e.AbstractTransferListenerAdapter - Downloaded http://maven.vie.sst.stp/content/groups/approved/org/springframework/boot/spring-boot-starter-test/3.2.8/spring-boot-starter-test-3.2.8-sources.jar
2025-01-13 16:34:06,286 [Worker-1: Download sources and javadoc] INFO  o.e.m.j.internal.DownloadSourcesJob - Downloaded sources for org.springframework.boot:spring-boot-starter-test:3.2.8
2025-01-13 16:34:06,727 [Worker-1: Download sources and javadoc] INFO  o.e.m.c.i.e.AbstractTransferListenerAdapter - Downloading http://maven.vie.sst.stp/content/groups/approved/org/springframework/boot/spring-boot-test/3.2.8/spring-boot-test-3.2.8-sources.jar
2025-01-13 16:34:07,523 [Worker-1: Download sources and javadoc] INFO  o.e.m.c.i.e.AbstractTransferListenerAdapter - Downloaded http://maven.vie.sst.stp/content/groups/approved/org/springframework/boot/spring-boot-test/3.2.8/spring-boot-test-3.2.8-sources.jar
2025-01-13 16:34:07,593 [Worker-1: Download sources and javadoc] INFO  o.e.m.j.internal.DownloadSourcesJob - Downloaded sources for org.springframework.boot:spring-boot-test:3.2.8
2025-01-13 16:34:08,030 [Worker-1: Download sources and javadoc] INFO  o.e.m.c.i.e.AbstractTransferListenerAdapter - Downloading http://maven.vie.sst.stp/content/groups/approved/org/springframework/boot/spring-boot-test-autoconfigure/3.2.8/spring-boot-test-autoconfigure-3.2.8-sources.jar
2025-01-13 16:34:08,979 [Worker-1: Download sources and javadoc] INFO  o.e.m.c.i.e.AbstractTransferListenerAdapter - Downloaded http://maven.vie.sst.stp/content/groups/approved/org/springframework/boot/spring-boot-test-autoconfigure/3.2.8/spring-boot-test-autoconfigure-3.2.8-sources.jar
2025-01-13 16:34:09,042 [Worker-1: Download sources and javadoc] INFO  o.e.m.j.internal.DownloadSourcesJob - Downloaded sources for org.springframework.boot:spring-boot-test-autoconfigure:3.2.8
2025-01-13 16:34:09,477 [Worker-1: Download sources and javadoc] INFO  o.e.m.c.i.e.AbstractTransferListenerAdapter - Downloading http://maven.vie.sst.stp/content/groups/approved/org/assertj/assertj-core/3.24.2/assertj-core-3.24.2-sources.jar
2025-01-13 16:34:11,303 [Worker-1: Download sources and javadoc] INFO  o.e.m.c.i.e.AbstractTransferListenerAdapter - Downloaded http://maven.vie.sst.stp/content/groups/approved/org/assertj/assertj-core/3.24.2/assertj-core-3.24.2-sources.jar
2025-01-13 16:34:11,364 [Worker-1: Download sources and javadoc] INFO  o.e.m.j.internal.DownloadSourcesJob - Downloaded sources for org.assertj:assertj-core:3.24.2
2025-01-13 16:34:11,798 [Worker-1: Download sources and javadoc] INFO  o.e.m.c.i.e.AbstractTransferListenerAdapter - Downloading http://maven.vie.sst.stp/content/groups/approved/org/awaitility/awaitility/4.2.1/awaitility-4.2.1-sources.jar
2025-01-13 16:34:12,402 [Worker-1: Download sources and javadoc] INFO  o.e.m.c.i.e.AbstractTransferListenerAdapter - Downloaded http://maven.vie.sst.stp/content/groups/approved/org/awaitility/awaitility/4.2.1/awaitility-4.2.1-sources.jar
2025-01-13 16:34:12,484 [Worker-1: Download sources and javadoc] INFO  o.e.m.j.internal.DownloadSourcesJob - Downloaded sources for org.awaitility:awaitility:4.2.1
2025-01-13 16:34:12,920 [Worker-1: Download sources and javadoc] INFO  o.e.m.c.i.e.AbstractTransferListenerAdapter - Downloading http://maven.vie.sst.stp/content/groups/approved/org/junit/jupiter/junit-jupiter/5.10.3/junit-jupiter-5.10.3-sources.jar
2025-01-13 16:34:13,180 [Worker-1: Download sources and javadoc] INFO  o.e.m.c.i.e.AbstractTransferListenerAdapter - Downloaded http://maven.vie.sst.stp/content/groups/approved/org/junit/jupiter/junit-jupiter/5.10.3/junit-jupiter-5.10.3-sources.jar
2025-01-13 16:34:13,249 [Worker-1: Download sources and javadoc] INFO  o.e.m.j.internal.DownloadSourcesJob - Downloaded sources for org.junit.jupiter:junit-jupiter:5.10.3
2025-01-13 16:34:13,682 [Worker-1: Download sources and javadoc] INFO  o.e.m.c.i.e.AbstractTransferListenerAdapter - Downloading http://maven.vie.sst.stp/content/groups/approved/org/junit/jupiter/junit-jupiter-api/5.10.3/junit-jupiter-api-5.10.3-sources.jar
2025-01-13 16:34:14,633 [Worker-1: Download sources and javadoc] INFO  o.e.m.c.i.e.AbstractTransferListenerAdapter - Downloaded http://maven.vie.sst.stp/content/groups/approved/org/junit/jupiter/junit-jupiter-api/5.10.3/junit-jupiter-api-5.10.3-sources.jar
2025-01-13 16:34:14,700 [Worker-1: Download sources and javadoc] INFO  o.e.m.j.internal.DownloadSourcesJob - Downloaded sources for org.junit.jupiter:junit-jupiter-api:5.10.3
2025-01-13 16:34:15,142 [Worker-1: Download sources and javadoc] INFO  o.e.m.c.i.e.AbstractTransferListenerAdapter - Downloading http://maven.vie.sst.stp/content/groups/approved/org/junit/platform/junit-platform-commons/1.10.3/junit-platform-commons-1.10.3-sources.jar
2025-01-13 16:34:15,743 [Worker-1: Download sources and javadoc] INFO  o.e.m.c.i.e.AbstractTransferListenerAdapter - Downloaded http://maven.vie.sst.stp/content/groups/approved/org/junit/platform/junit-platform-commons/1.10.3/junit-platform-commons-1.10.3-sources.jar
2025-01-13 16:34:15,809 [Worker-1: Download sources and javadoc] INFO  o.e.m.j.internal.DownloadSourcesJob - Downloaded sources for org.junit.platform:junit-platform-commons:1.10.3
2025-01-13 16:34:16,242 [Worker-1: Download sources and javadoc] INFO  o.e.m.c.i.e.AbstractTransferListenerAdapter - Downloading http://maven.vie.sst.stp/content/groups/approved/org/junit/jupiter/junit-jupiter-params/5.10.3/junit-jupiter-params-5.10.3-sources.jar
2025-01-13 16:34:16,844 [Worker-1: Download sources and javadoc] INFO  o.e.m.c.i.e.AbstractTransferListenerAdapter - Downloaded http://maven.vie.sst.stp/content/groups/approved/org/junit/jupiter/junit-jupiter-params/5.10.3/junit-jupiter-params-5.10.3-sources.jar
2025-01-13 16:34:16,970 [Worker-1: Download sources and javadoc] INFO  o.e.m.j.internal.DownloadSourcesJob - Downloaded sources for org.junit.jupiter:junit-jupiter-params:5.10.3
2025-01-13 16:34:17,403 [Worker-1: Download sources and javadoc] INFO  o.e.m.c.i.e.AbstractTransferListenerAdapter - Downloading http://maven.vie.sst.stp/content/groups/approved/org/junit/jupiter/junit-jupiter-engine/5.10.3/junit-jupiter-engine-5.10.3-sources.jar
2025-01-13 16:34:18,174 [Worker-1: Download sources and javadoc] INFO  o.e.m.c.i.e.AbstractTransferListenerAdapter - Downloaded http://maven.vie.sst.stp/content/groups/approved/org/junit/jupiter/junit-jupiter-engine/5.10.3/junit-jupiter-engine-5.10.3-sources.jar
2025-01-13 16:34:18,232 [Worker-1: Download sources and javadoc] INFO  o.e.m.j.internal.DownloadSourcesJob - Downloaded sources for org.junit.jupiter:junit-jupiter-engine:5.10.3
2025-01-13 16:34:18,667 [Worker-1: Download sources and javadoc] INFO  o.e.m.c.i.e.AbstractTransferListenerAdapter - Downloading http://maven.vie.sst.stp/content/groups/approved/org/junit/platform/junit-platform-engine/1.10.3/junit-platform-engine-1.10.3-sources.jar
2025-01-13 16:34:19,445 [Worker-1: Download sources and javadoc] INFO  o.e.m.c.i.e.AbstractTransferListenerAdapter - Downloaded http://maven.vie.sst.stp/content/groups/approved/org/junit/platform/junit-platform-engine/1.10.3/junit-platform-engine-1.10.3-sources.jar
2025-01-13 16:34:19,501 [Worker-1: Download sources and javadoc] INFO  o.e.m.j.internal.DownloadSourcesJob - Downloaded sources for org.junit.platform:junit-platform-engine:1.10.3
2025-01-13 16:34:19,935 [Worker-1: Download sources and javadoc] INFO  o.e.m.c.i.e.AbstractTransferListenerAdapter - Downloading http://maven.vie.sst.stp/content/groups/approved/org/mockito/mockito-core/5.7.0/mockito-core-5.7.0-sources.jar
2025-01-13 16:34:21,059 [Worker-1: Download sources and javadoc] INFO  o.e.m.c.i.e.AbstractTransferListenerAdapter - Downloaded http://maven.vie.sst.stp/content/groups/approved/org/mockito/mockito-core/5.7.0/mockito-core-5.7.0-sources.jar
2025-01-13 16:34:21,114 [Worker-1: Download sources and javadoc] INFO  o.e.m.j.internal.DownloadSourcesJob - Downloaded sources for org.mockito:mockito-core:5.7.0
2025-01-13 16:34:21,546 [Worker-1: Download sources and javadoc] INFO  o.e.m.c.i.e.AbstractTransferListenerAdapter - Downloading http://maven.vie.sst.stp/content/groups/approved/net/bytebuddy/byte-buddy-agent/1.14.18/byte-buddy-agent-1.14.18-sources.jar
2025-01-13 16:34:22,494 [Worker-1: Download sources and javadoc] INFO  o.e.m.c.i.e.AbstractTransferListenerAdapter - Downloaded http://maven.vie.sst.stp/content/groups/approved/net/bytebuddy/byte-buddy-agent/1.14.18/byte-buddy-agent-1.14.18-sources.jar
2025-01-13 16:34:22,551 [Worker-1: Download sources and javadoc] INFO  o.e.m.j.internal.DownloadSourcesJob - Downloaded sources for net.bytebuddy:byte-buddy-agent:1.14.18
2025-01-13 16:34:22,992 [Worker-1: Download sources and javadoc] INFO  o.e.m.c.i.e.AbstractTransferListenerAdapter - Downloading http://maven.vie.sst.stp/content/groups/approved/org/mockito/mockito-junit-jupiter/5.7.0/mockito-junit-jupiter-5.7.0-sources.jar
2025-01-13 16:34:23,250 [Worker-1: Download sources and javadoc] INFO  o.e.m.c.i.e.AbstractTransferListenerAdapter - Downloaded http://maven.vie.sst.stp/content/groups/approved/org/mockito/mockito-junit-jupiter/5.7.0/mockito-junit-jupiter-5.7.0-sources.jar
2025-01-13 16:34:23,345 [Worker-1: Download sources and javadoc] INFO  o.e.m.j.internal.DownloadSourcesJob - Downloaded sources for org.mockito:mockito-junit-jupiter:5.7.0
2025-01-13 16:34:23,833 [Worker-1: Download sources and javadoc] INFO  o.e.m.c.i.e.AbstractTransferListenerAdapter - Downloading http://maven.vie.sst.stp/content/groups/approved/org/springframework/spring-core/6.1.11/spring-core-6.1.11-sources.jar
2025-01-13 16:34:25,662 [Worker-1: Download sources and javadoc] INFO  o.e.m.c.i.e.AbstractTransferListenerAdapter - Downloaded http://maven.vie.sst.stp/content/groups/approved/org/springframework/spring-core/6.1.11/spring-core-6.1.11-sources.jar
2025-01-13 16:34:25,731 [Worker-1: Download sources and javadoc] INFO  o.e.m.j.internal.DownloadSourcesJob - Downloaded sources for org.springframework:spring-core:6.1.11
2025-01-13 16:34:26,166 [Worker-1: Download sources and javadoc] INFO  o.e.m.c.i.e.AbstractTransferListenerAdapter - Downloading http://maven.vie.sst.stp/content/groups/approved/org/springframework/spring-jcl/6.1.11/spring-jcl-6.1.11-sources.jar
2025-01-13 16:34:26,446 [Worker-1: Download sources and javadoc] INFO  o.e.m.c.i.e.AbstractTransferListenerAdapter - Downloaded http://maven.vie.sst.stp/content/groups/approved/org/springframework/spring-jcl/6.1.11/spring-jcl-6.1.11-sources.jar
2025-01-13 16:34:26,518 [Worker-1: Download sources and javadoc] INFO  o.e.m.j.internal.DownloadSourcesJob - Downloaded sources for org.springframework:spring-jcl:6.1.11
2025-01-13 16:34:26,954 [Worker-1: Download sources and javadoc] INFO  o.e.m.c.i.e.AbstractTransferListenerAdapter - Downloading http://maven.vie.sst.stp/content/groups/approved/org/springframework/spring-test/6.1.11/spring-test-6.1.11-sources.jar
2025-01-13 16:34:28,255 [Worker-1: Download sources and javadoc] INFO  o.e.m.c.i.e.AbstractTransferListenerAdapter - Downloaded http://maven.vie.sst.stp/content/groups/approved/org/springframework/spring-test/6.1.11/spring-test-6.1.11-sources.jar
2025-01-13 16:34:28,323 [Worker-1: Download sources and javadoc] INFO  o.e.m.j.internal.DownloadSourcesJob - Downloaded sources for org.springframework:spring-test:6.1.11
2025-01-13 16:34:28,758 [Worker-1: Download sources and javadoc] INFO  o.e.m.c.i.e.AbstractTransferListenerAdapter - Downloading http://maven.vie.sst.stp/content/groups/approved/org/projectlombok/lombok/1.18.34/lombok-1.18.34-sources.jar
2025-01-13 16:34:30,240 [Worker-1: Download sources and javadoc] INFO  o.e.m.c.i.e.AbstractTransferListenerAdapter - Downloaded http://maven.vie.sst.stp/content/groups/approved/org/projectlombok/lombok/1.18.34/lombok-1.18.34-sources.jar
2025-01-13 16:34:30,468 [Worker-1: Download sources and javadoc] INFO  o.e.m.j.internal.DownloadSourcesJob - Downloaded sources for org.projectlombok:lombok:1.18.34
2025-01-13 16:34:30,907 [Worker-1: Download sources and javadoc] INFO  o.e.m.c.i.e.AbstractTransferListenerAdapter - Downloading http://maven.vie.sst.stp/content/groups/approved/javax/validation/validation-api/2.0.1.Final/validation-api-2.0.1.Final-sources.jar
2025-01-13 16:34:31,680 [Worker-1: Download sources and javadoc] INFO  o.e.m.c.i.e.AbstractTransferListenerAdapter - Downloaded http://maven.vie.sst.stp/content/groups/approved/javax/validation/validation-api/2.0.1.Final/validation-api-2.0.1.Final-sources.jar
2025-01-13 16:34:31,737 [Worker-1: Download sources and javadoc] INFO  o.e.m.j.internal.DownloadSourcesJob - Downloaded sources for javax.validation:validation-api:2.0.1.Final
2025-01-13 16:34:31,742 [Worker-1: Download sources and javadoc] INFO  o.e.m.j.internal.DownloadSourcesJob - Downloaded sources for org.springframework.boot:spring-boot-starter-data-jpa:3.2.8
2025-01-13 16:34:31,747 [Worker-1: Download sources and javadoc] INFO  o.e.m.j.internal.DownloadSourcesJob - Downloaded sources for org.springframework.boot:spring-boot-starter-aop:3.2.8
2025-01-13 16:34:31,751 [Worker-1: Download sources and javadoc] INFO  o.e.m.j.internal.DownloadSourcesJob - Downloaded sources for org.springframework:spring-aop:6.1.11
2025-01-13 16:34:31,756 [Worker-1: Download sources and javadoc] INFO  o.e.m.j.internal.DownloadSourcesJob - Downloaded sources for org.springframework.boot:spring-boot-starter-jdbc:3.2.8
2025-01-13 16:34:31,761 [Worker-1: Download sources and javadoc] INFO  o.e.m.j.internal.DownloadSourcesJob - Downloaded sources for com.zaxxer:HikariCP:5.0.1
2025-01-13 16:34:31,765 [Worker-1: Download sources and javadoc] INFO  o.e.m.j.internal.DownloadSourcesJob - Downloaded sources for org.springframework:spring-jdbc:6.1.11
2025-01-13 16:34:31,769 [Worker-1: Download sources and javadoc] INFO  o.e.m.j.internal.DownloadSourcesJob - Downloaded sources for org.hibernate.orm:hibernate-core:6.4.9.Final
2025-01-13 16:34:31,774 [Worker-1: Download sources and javadoc] INFO  o.e.m.j.internal.DownloadSourcesJob - Downloaded sources for org.jboss.logging:jboss-logging:3.5.3.Final
2025-01-13 16:34:31,779 [Worker-1: Download sources and javadoc] INFO  o.e.m.j.internal.DownloadSourcesJob - Downloaded sources for org.hibernate.common:hibernate-commons-annotations:6.0.6.Final
2025-01-13 16:34:31,784 [Worker-1: Download sources and javadoc] INFO  o.e.m.j.internal.DownloadSourcesJob - Downloaded sources for io.smallrye:jandex:3.1.2
2025-01-13 16:34:31,789 [Worker-1: Download sources and javadoc] INFO  o.e.m.j.internal.DownloadSourcesJob - Downloaded sources for com.fasterxml:classmate:1.6.0
2025-01-13 16:34:31,793 [Worker-1: Download sources and javadoc] INFO  o.e.m.j.internal.DownloadSourcesJob - Downloaded sources for net.bytebuddy:byte-buddy:1.14.18
2025-01-13 16:34:31,800 [Worker-1: Download sources and javadoc] INFO  o.e.m.j.internal.DownloadSourcesJob - Downloaded sources for org.springframework.data:spring-data-jpa:3.2.8
2025-01-13 16:34:31,805 [Worker-1: Download sources and javadoc] INFO  o.e.m.j.internal.DownloadSourcesJob - Downloaded sources for org.springframework.data:spring-data-commons:3.2.8
2025-01-13 16:34:31,810 [Worker-1: Download sources and javadoc] INFO  o.e.m.j.internal.DownloadSourcesJob - Downloaded sources for org.springframework:spring-orm:6.1.11
2025-01-13 16:34:31,816 [Worker-1: Download sources and javadoc] INFO  o.e.m.j.internal.DownloadSourcesJob - Downloaded sources for org.springframework:spring-context:6.1.11
2025-01-13 16:34:31,822 [Worker-1: Download sources and javadoc] INFO  o.e.m.j.internal.DownloadSourcesJob - Downloaded sources for org.springframework:spring-tx:6.1.11
2025-01-13 16:34:31,830 [Worker-1: Download sources and javadoc] INFO  o.e.m.j.internal.DownloadSourcesJob - Downloaded sources for org.springframework:spring-beans:6.1.11
2025-01-13 16:34:31,834 [Worker-1: Download sources and javadoc] INFO  o.e.m.j.internal.DownloadSourcesJob - Downloaded sources for org.slf4j:slf4j-api:2.0.13
2025-01-13 16:34:31,839 [Worker-1: Download sources and javadoc] INFO  o.e.m.j.internal.DownloadSourcesJob - Downloaded sources for org.springframework:spring-aspects:6.1.11
2025-01-13 16:34:31,844 [Worker-1: Download sources and javadoc] INFO  o.e.m.j.internal.DownloadSourcesJob - Downloaded sources for org.springframework.boot:spring-boot-starter-web:3.2.8
2025-01-13 16:34:31,849 [Worker-1: Download sources and javadoc] INFO  o.e.m.j.internal.DownloadSourcesJob - Downloaded sources for org.springframework.boot:spring-boot-starter:3.2.8
2025-01-13 16:34:31,854 [Worker-1: Download sources and javadoc] INFO  o.e.m.j.internal.DownloadSourcesJob - Downloaded sources for org.springframework.boot:spring-boot-starter-logging:3.2.8
2025-01-13 16:34:31,858 [Worker-1: Download sources and javadoc] INFO  o.e.m.j.internal.DownloadSourcesJob - Downloaded sources for ch.qos.logback:logback-classic:1.4.14
2025-01-13 16:34:31,864 [Worker-1: Download sources and javadoc] INFO  o.e.m.j.internal.DownloadSourcesJob - Downloaded sources for ch.qos.logback:logback-core:1.4.14
2025-01-13 16:34:31,869 [Worker-1: Download sources and javadoc] INFO  o.e.m.j.internal.DownloadSourcesJob - Downloaded sources for org.apache.logging.log4j:log4j-to-slf4j:2.21.1
2025-01-13 16:34:31,874 [Worker-1: Download sources and javadoc] INFO  o.e.m.j.internal.DownloadSourcesJob - Downloaded sources for org.apache.logging.log4j:log4j-api:2.21.1
2025-01-13 16:34:31,878 [Worker-1: Download sources and javadoc] INFO  o.e.m.j.internal.DownloadSourcesJob - Downloaded sources for org.slf4j:jul-to-slf4j:2.0.13
2025-01-13 16:34:31,883 [Worker-1: Download sources and javadoc] INFO  o.e.m.j.internal.DownloadSourcesJob - Downloaded sources for org.yaml:snakeyaml:2.2
2025-01-13 16:34:31,888 [Worker-1: Download sources and javadoc] INFO  o.e.m.j.internal.DownloadSourcesJob - Downloaded sources for org.springframework.boot:spring-boot-starter-json:3.2.8
2025-01-13 16:34:31,893 [Worker-1: Download sources and javadoc] INFO  o.e.m.j.internal.DownloadSourcesJob - Downloaded sources for com.fasterxml.jackson.core:jackson-databind:2.15.4
2025-01-13 16:34:31,898 [Worker-1: Download sources and javadoc] INFO  o.e.m.j.internal.DownloadSourcesJob - Downloaded sources for com.fasterxml.jackson.core:jackson-annotations:2.15.4
2025-01-13 16:34:31,902 [Worker-1: Download sources and javadoc] INFO  o.e.m.j.internal.DownloadSourcesJob - Downloaded sources for com.fasterxml.jackson.core:jackson-core:2.15.4
2025-01-13 16:34:31,907 [Worker-1: Download sources and javadoc] INFO  o.e.m.j.internal.DownloadSourcesJob - Downloaded sources for com.fasterxml.jackson.datatype:jackson-datatype-jdk8:2.15.4
2025-01-13 16:34:31,913 [Worker-1: Download sources and javadoc] INFO  o.e.m.j.internal.DownloadSourcesJob - Downloaded sources for com.fasterxml.jackson.datatype:jackson-datatype-jsr310:2.15.4
2025-01-13 16:34:31,917 [Worker-1: Download sources and javadoc] INFO  o.e.m.j.internal.DownloadSourcesJob - Downloaded sources for com.fasterxml.jackson.module:jackson-module-parameter-names:2.15.4
2025-01-13 16:34:31,923 [Worker-1: Download sources and javadoc] INFO  o.e.m.j.internal.DownloadSourcesJob - Downloaded sources for org.springframework.boot:spring-boot-starter-tomcat:3.2.8
2025-01-13 16:34:31,929 [Worker-1: Download sources and javadoc] INFO  o.e.m.j.internal.DownloadSourcesJob - Downloaded sources for org.apache.tomcat.embed:tomcat-embed-core:10.1.26
2025-01-13 16:34:31,934 [Worker-1: Download sources and javadoc] INFO  o.e.m.j.internal.DownloadSourcesJob - Downloaded sources for org.apache.tomcat.embed:tomcat-embed-el:10.1.26
2025-01-13 16:34:31,938 [Worker-1: Download sources and javadoc] INFO  o.e.m.j.internal.DownloadSourcesJob - Downloaded sources for org.apache.tomcat.embed:tomcat-embed-websocket:10.1.26
2025-01-13 16:34:31,943 [Worker-1: Download sources and javadoc] INFO  o.e.m.j.internal.DownloadSourcesJob - Downloaded sources for org.springframework:spring-web:6.1.11
2025-01-13 16:34:31,949 [Worker-1: Download sources and javadoc] INFO  o.e.m.j.internal.DownloadSourcesJob - Downloaded sources for io.micrometer:micrometer-observation:1.12.8
2025-01-13 16:34:31,956 [Worker-1: Download sources and javadoc] INFO  o.e.m.j.internal.DownloadSourcesJob - Downloaded sources for io.micrometer:micrometer-commons:1.12.8
2025-01-13 16:34:31,962 [Worker-1: Download sources and javadoc] INFO  o.e.m.j.internal.DownloadSourcesJob - Downloaded sources for org.springframework:spring-webmvc:6.1.11
2025-01-13 16:34:31,968 [Worker-1: Download sources and javadoc] INFO  o.e.m.j.internal.DownloadSourcesJob - Downloaded sources for org.springframework:spring-expression:6.1.11
2025-01-13 16:34:31,973 [Worker-1: Download sources and javadoc] INFO  o.e.m.j.internal.DownloadSourcesJob - Downloaded sources for org.springframework.boot:spring-boot-devtools:3.2.8
2025-01-13 16:34:31,978 [Worker-1: Download sources and javadoc] INFO  o.e.m.j.internal.DownloadSourcesJob - Downloaded sources for org.springframework.boot:spring-boot:3.2.8
2025-01-13 16:34:31,984 [Worker-1: Download sources and javadoc] INFO  o.e.m.j.internal.DownloadSourcesJob - Downloaded sources for org.springframework.boot:spring-boot-autoconfigure:3.2.8
2025-01-13 16:34:31,989 [Worker-1: Download sources and javadoc] INFO  o.e.m.j.internal.DownloadSourcesJob - Downloaded sources for org.postgresql:postgresql:42.6.2
2025-01-13 16:34:31,993 [Worker-1: Download sources and javadoc] INFO  o.e.m.j.internal.DownloadSourcesJob - Downloaded sources for org.checkerframework:checker-qual:3.31.0
2025-01-13 16:34:31,999 [Worker-1: Download sources and javadoc] INFO  o.e.m.j.internal.DownloadSourcesJob - Downloaded sources for org.springframework.boot:spring-boot-starter-test:3.2.8
2025-01-13 16:34:32,004 [Worker-1: Download sources and javadoc] INFO  o.e.m.j.internal.DownloadSourcesJob - Downloaded sources for org.springframework.boot:spring-boot-test:3.2.8
2025-01-13 16:34:32,008 [Worker-1: Download sources and javadoc] INFO  o.e.m.j.internal.DownloadSourcesJob - Downloaded sources for org.springframework.boot:spring-boot-test-autoconfigure:3.2.8
2025-01-13 16:34:32,012 [Worker-1: Download sources and javadoc] INFO  o.e.m.j.internal.DownloadSourcesJob - Downloaded sources for org.assertj:assertj-core:3.24.2
2025-01-13 16:34:32,016 [Worker-1: Download sources and javadoc] INFO  o.e.m.j.internal.DownloadSourcesJob - Downloaded sources for org.awaitility:awaitility:4.2.1
2025-01-13 16:34:32,021 [Worker-1: Download sources and javadoc] INFO  o.e.m.j.internal.DownloadSourcesJob - Downloaded sources for org.junit.jupiter:junit-jupiter:5.10.3
2025-01-13 16:34:32,025 [Worker-1: Download sources and javadoc] INFO  o.e.m.j.internal.DownloadSourcesJob - Downloaded sources for org.junit.jupiter:junit-jupiter-api:5.10.3
2025-01-13 16:34:32,030 [Worker-1: Download sources and javadoc] INFO  o.e.m.j.internal.DownloadSourcesJob - Downloaded sources for org.junit.platform:junit-platform-commons:1.10.3
2025-01-13 16:34:32,034 [Worker-1: Download sources and javadoc] INFO  o.e.m.j.internal.DownloadSourcesJob - Downloaded sources for org.junit.jupiter:junit-jupiter-params:5.10.3
2025-01-13 16:34:32,038 [Worker-1: Download sources and javadoc] INFO  o.e.m.j.internal.DownloadSourcesJob - Downloaded sources for org.junit.jupiter:junit-jupiter-engine:5.10.3
2025-01-13 16:34:32,042 [Worker-1: Download sources and javadoc] INFO  o.e.m.j.internal.DownloadSourcesJob - Downloaded sources for org.junit.platform:junit-platform-engine:1.10.3
2025-01-13 16:34:32,047 [Worker-1: Download sources and javadoc] INFO  o.e.m.j.internal.DownloadSourcesJob - Downloaded sources for org.mockito:mockito-core:5.7.0
2025-01-13 16:34:32,051 [Worker-1: Download sources and javadoc] INFO  o.e.m.j.internal.DownloadSourcesJob - Downloaded sources for net.bytebuddy:byte-buddy-agent:1.14.18
2025-01-13 16:34:32,055 [Worker-1: Download sources and javadoc] INFO  o.e.m.j.internal.DownloadSourcesJob - Downloaded sources for org.mockito:mockito-junit-jupiter:5.7.0
2025-01-13 16:34:32,059 [Worker-1: Download sources and javadoc] INFO  o.e.m.j.internal.DownloadSourcesJob - Downloaded sources for org.springframework:spring-core:6.1.11
2025-01-13 16:34:32,064 [Worker-1: Download sources and javadoc] INFO  o.e.m.j.internal.DownloadSourcesJob - Downloaded sources for org.springframework:spring-jcl:6.1.11
2025-01-13 16:34:32,069 [Worker-1: Download sources and javadoc] INFO  o.e.m.j.internal.DownloadSourcesJob - Downloaded sources for org.springframework:spring-test:6.1.11
2025-01-13 16:34:32,073 [Worker-1: Download sources and javadoc] INFO  o.e.m.j.internal.DownloadSourcesJob - Downloaded sources for org.projectlombok:lombok:1.18.34
2025-01-13 16:34:32,078 [Worker-1: Download sources and javadoc] INFO  o.e.m.j.internal.DownloadSourcesJob - Downloaded sources for javax.validation:validation-api:2.0.1.Final
2025-01-13 16:34:32,854 [Worker-9: Building] INFO  o.a.m.s.f.DefaultMavenResourcesFiltering - Copying 0 resource from src\main\resources to target\classes
2025-01-13 16:34:32,855 [Worker-9: Building] INFO  o.a.m.s.f.DefaultMavenResourcesFiltering - Copying 0 resource from src\main\resources to target\classes
2025-01-13 16:34:32,858 [Worker-9: Building] INFO  o.a.m.s.f.DefaultMavenResourcesFiltering - skip non existing resourceDirectory C:\Users\awaikar\Documents\Self_Study\AdminManagementWorkSpace\sst-admin-management-backend\src\test\resources
